pantone_name,fixed_id,corel_palette_version,process,cmyk_c_percent,cmyk_m_percent,cmyk_y_percent,cmyk_k_percent,cmyk_corel_raw,lab_corel_raw,srgb_r_0_255,srgb_g_0_255,srgb_b_0_255,hex_from_corel_srgb,srgb_corel_raw,adobe_rgb_corel_raw,source_xml,source_file_timestamp
PANTONE Process Yellow C,1,1700,true,0.0,0.0,100.0,0.0,"0.0,0.0,1.0,0.0","0.9051,0.474588235294118,0.884156862745098",248,230,0,#F8E600,"0.972549019607843,0.901960784313726,0.0","0.949019607843137,0.898039215686275,0.0",Color/Palettes/Process/PANTONE/PANTONE+/PantonePlusColorBridgeCoated.xml,2026-02-11 17:29:00
PANTONE Process Magenta C,2,1700,true,0.0,100.0,0.0,0.0,"0.0,1.0,0.0,0.0","0.493,0.802745098039216,0.494078431372549",217,2,125,#D9027D,"0.850980392156863,0.00784313725490196,0.490196078431373","0.729411764705882,0.0352941176470588,0.47843137254902",Color/Palettes/Process/PANTONE/PANTONE+/PantonePlusColorBridgeCoated.xml,2026-02-11 17:29:00
PANTONE Process Cyan C,3,1700,true,100.0,0.0,0.0,0.0,"1.0,0.0,0.0,0.0","0.5864,0.353176470588235,0.313607843137255",0,163,224,#00A3E0,"0.0,0.63921568627451,0.87843137254902","0.0313725490196078,0.631372549019608,0.866666666666667",Color/Palettes/Process/PANTONE/PANTONE+/PantonePlusColorBridgeCoated.xml,2026-02-11 17:29:00
PANTONE Process Black C,4,1700,true,0.0,0.0,0.0,100.0,"0.0,0.0,0.0,1.0","0.1926,0.50443137254902,0.507843137254902",48,46,44,#302E2C,"0.188235294117647,0.180392156862745,0.172549019607843","0.2,0.196078431372549,0.188235294117647",Color/Palettes/Process/PANTONE/PANTONE+/PantonePlusColorBridgeCoated.xml,2026-02-11 17:29:00
PANTONE 100 CP,5,1700,true,1.0,0.0,70.0,0.0,"0.01,0.0,0.7,0.0","0.9209,0.475176470588235,0.746745098039216",246,235,105,#F6EB69,"0.964705882352941,0.92156862745098,0.411764705882353","0.952941176470588,0.917647058823529,0.447058823529412",Color/Palettes/Process/PANTONE/PANTONE+/PantonePlusColorBridgeCoated.xml,2026-02-11 17:29:00
PANTONE 101 CP,6,1700,true,1.0,0.0,78.0,0.0,"0.01,0.0,0.78,0.0","0.9185,0.474941176470588,0.762156862745098",246,234,95,#F6EA5F,"0.964705882352941,0.917647058823529,0.372549019607843","0.952941176470588,0.913725490196078,0.415686274509804",Color/Palettes/Process/PANTONE/PANTONE+/PantonePlusColorBridgeCoated.xml,2026-02-11 17:29:00
PANTONE 102 CP,7,1700,true,0.0,0.0,100.0,0.0,"0.0,0.0,1.0,0.0","0.9064,0.474117647058824,0.874941176470588",248,230,0,#F8E600,"0.972549019607843,0.901960784313726,0.0","0.952941176470588,0.898039215686275,0.105882352941176",Color/Palettes/Process/PANTONE/PANTONE+/PantonePlusColorBridgeCoated.xml,2026-02-11 17:29:00
PANTONE Yellow CP,8,1700,true,0.0,1.0,100.0,0.0,"0.0,0.01,1.0,0.0","0.895,0.481529411764706,0.872745098039216",247,226,0,#F7E200,"0.968627450980392,0.886274509803922,0.0","0.945098039215686,0.882352941176471,0.0941176470588235",Color/Palettes/Process/PANTONE/PANTONE+/PantonePlusColorBridgeCoated.xml,2026-02-11 17:29:00
PANTONE 103 CP,9,1700,true,0.0,8.0,100.0,19.0,"0.0,0.08,1.0,0.19","0.7139,0.515921568627451,0.809725490196079",204,171,0,#CCAB00,"0.8,0.670588235294118,0.0","0.76078431372549,0.662745098039216,0.0784313725490196",Color/Palettes/Process/PANTONE/PANTONE+/PantonePlusColorBridgeCoated.xml,2026-02-11 17:29:00
PANTONE 104 CP,10,1700,true,3.0,10.0,100.0,29.0,"0.03,0.1,1.0,0.29","0.6418,0.510666666666667,0.780313725490196",180,153,0,#B49900,"0.705882352941177,0.6,0.0","0.670588235294118,0.592156862745098,0.0862745098039216",Color/Palettes/Process/PANTONE/PANTONE+/PantonePlusColorBridgeCoated.xml,2026-02-11 17:29:00
PANTONE 105 CP,11,1700,true,15.0,20.0,93.0,42.0,"0.15,0.2,0.93,0.42","0.5192,0.509254901960784,0.679843137254902",141,122,39,#8D7A27,"0.552941176470588,0.47843137254902,0.152941176470588","0.529411764705882,0.474509803921569,0.196078431372549",Color/Palettes/Process/PANTONE/PANTONE+/PantonePlusColorBridgeCoated.xml,2026-02-11 17:29:00
PANTONE 7401 CP,12,1700,true,0.0,4.0,38.0,0.0,"0.0,0.04,0.38,0.0","0.8976,0.504745098039216,0.632980392156863",243,224,161,#F3E0A1,"0.952941176470588,0.87843137254902,0.631372549019608","0.929411764705882,0.874509803921569,0.63921568627451",Color/Palettes/Process/PANTONE/PANTONE+/PantonePlusColorBridgeCoated.xml,2026-02-11 17:29:00
PANTONE 7402 CP,13,1700,true,3.0,8.0,43.0,0.0,"0.03,0.08,0.43,0.0","0.8662,0.513294117647059,0.643686274509804",238,214,147,#EED693,"0.933333333333333,0.83921568627451,0.576470588235294","0.905882352941176,0.835294117647059,0.584313725490196",Color/Palettes/Process/PANTONE/PANTONE+/PantonePlusColorBridgeCoated.xml,2026-02-11 17:29:00
PANTONE 7403 CP,14,1700,true,2.0,9.0,51.0,0.0,"0.02,0.09,0.51,0.0","0.857,0.520980392156863,0.673607843137255",241,210,130,#F1D282,"0.945098039215686,0.823529411764706,0.509803921568627","0.909803921568627,0.819607843137255,0.52156862745098",Color/Palettes/Process/PANTONE/PANTONE+/PantonePlusColorBridgeCoated.xml,2026-02-11 17:29:00
PANTONE 7404 CP,15,1700,true,1.0,3.0,80.0,0.0,"0.01,0.03,0.8,0.0","0.8779,0.498352941176471,0.772549019607843",244,219,78,#F4DB4E,"0.956862745098039,0.858823529411765,0.305882352941176","0.929411764705882,0.854901960784314,0.352941176470588",Color/Palettes/Process/PANTONE/PANTONE+/PantonePlusColorBridgeCoated.xml,2026-02-11 17:29:00
PANTONE 7405 CP,16,1700,true,0.0,8.0,100.0,1.0,"0.0,0.08,1.0,0.01","0.8403,0.515843137254902,0.848549019607843",243,205,0,#F3CD00,"0.952941176470588,0.803921568627451,0.0","0.909803921568627,0.8,0.12156862745098",Color/Palettes/Process/PANTONE/PANTONE+/PantonePlusColorBridgeCoated.xml,2026-02-11 17:29:00
PANTONE 7406 CP,17,1700,true,0.0,13.0,100.0,1.0,"0.0,0.13,1.0,0.01","0.8185,0.52956862745098,0.845843137254902",241,197,0,#F1C500,"0.945098039215686,0.772549019607843,0.0","0.898039215686275,0.768627450980392,0.0941176470588235",Color/Palettes/Process/PANTONE/PANTONE+/PantonePlusColorBridgeCoated.xml,2026-02-11 17:29:00
PANTONE 7407 CP,18,1700,true,8.0,29.0,71.0,9.0,"0.08,0.29,0.71,0.09","0.679,0.558588235294118,0.666235294117647",203,155,88,#CB9B58,"0.796078431372549,0.607843137254902,0.345098039215686","0.741176470588235,0.603921568627451,0.364705882352941",Color/Palettes/Process/PANTONE/PANTONE+/PantonePlusColorBridgeCoated.xml,2026-02-11 17:29:00
PANTONE 106 CP,19,1700,true,1.0,0.0,79.0,0.0,"0.01,0.0,0.79,0.0","0.9144,0.475411764705882,0.791411764705882",247,233,74,#F7E94A,"0.968627450980392,0.913725490196078,0.290196078431373","0.952941176470588,0.909803921568627,0.349019607843137",Color/Palettes/Process/PANTONE/PANTONE+/PantonePlusColorBridgeCoated.xml,2026-02-11 17:29:00
PANTONE 107 CP,20,1700,true,0.0,1.0,88.0,0.0,"0.0,0.01,0.88,0.0","0.8921,0.486156862745098,0.83843137254902",247,224,15,#F7E00F,"0.968627450980392,0.87843137254902,0.0588235294117647","0.941176470588235,0.87843137254902,0.219607843137255",Color/Palettes/Process/PANTONE/PANTONE+/PantonePlusColorBridgeCoated.xml,2026-02-11 17:29:00
PANTONE 108 CP,21,1700,true,0.0,2.0,99.0,0.0,"0.0,0.02,0.99,0.0","0.8748,0.495294117647059,0.882117647058824",247,218,0,#F7DA00,"0.968627450980392,0.854901960784314,0.0","0.937254901960784,0.850980392156863,0.0",Color/Palettes/Process/PANTONE/PANTONE+/PantonePlusColorBridgeCoated.xml,2026-02-11 17:29:00
PANTONE 109 CP,22,1700,true,0.0,5.0,100.0,0.0,"0.0,0.05,1.0,0.0","0.8428,0.515803921568627,0.885960784313726",245,206,0,#F5CE00,"0.96078431372549,0.807843137254902,0.0","0.917647058823529,0.8,0.0",Color/Palettes/Process/PANTONE/PANTONE+/PantonePlusColorBridgeCoated.xml,2026-02-11 17:29:00
PANTONE 110 CP,23,1700,true,0.0,20.0,100.0,8.0,"0.0,0.2,1.0,0.08","0.7372,0.556627450980392,0.837529411764706",226,170,0,#E2AA00,"0.886274509803922,0.666666666666667,0.0","0.827450980392157,0.662745098039216,0.0",Color/Palettes/Process/PANTONE/PANTONE+/PantonePlusColorBridgeCoated.xml,2026-02-11 17:29:00
PANTONE 111 CP,24,1700,true,0.0,17.0,100.0,33.0,"0.0,0.17,1.0,0.33","0.6149,0.539764705882353,0.781254901960784",182,141,0,#B68D00,"0.713725490196078,0.552941176470588,0.0","0.666666666666667,0.549019607843137,0.0274509803921569",Color/Palettes/Process/PANTONE/PANTONE+/PantonePlusColorBridgeCoated.xml,2026-02-11 17:29:00
PANTONE 112 CP,25,1700,true,3.0,18.0,100.0,38.0,"0.03,0.18,1.0,0.38","0.564,0.527960784313726,0.74",162,130,0,#A28200,"0.635294117647059,0.509803921568627,0.0","0.6,0.505882352941176,0.117647058823529",Color/Palettes/Process/PANTONE/PANTONE+/PantonePlusColorBridgeCoated.xml,2026-02-11 17:29:00
PANTONE 113 CP,26,1700,true,0.0,1.0,74.0,0.0,"0.0,0.01,0.74,0.0","0.8955,0.490549019607843,0.745960784313725",245,225,99,#F5E163,"0.96078431372549,0.882352941176471,0.388235294117647","0.937254901960784,0.87843137254902,0.423529411764706",Color/Palettes/Process/PANTONE/PANTONE+/PantonePlusColorBridgeCoated.xml,2026-02-11 17:29:00
PANTONE 114 CP,27,1700,true,0.0,2.0,80.0,0.0,"0.0,0.02,0.8,0.0","0.8876,0.493686274509804,0.762274509803922",245,222,87,#F5DE57,"0.96078431372549,0.870588235294118,0.341176470588235","0.933333333333333,0.866666666666667,0.384313725490196",Color/Palettes/Process/PANTONE/PANTONE+/PantonePlusColorBridgeCoated.xml,2026-02-11 17:29:00
PANTONE 115 CP,28,1700,true,0.0,4.0,88.0,0.0,"0.0,0.04,0.88,0.0","0.8755,0.498156862745098,0.78721568627451",244,218,67,#F4DA43,"0.956862745098039,0.854901960784314,0.262745098039216","0.929411764705882,0.850980392156863,0.32156862745098",Color/Palettes/Process/PANTONE/PANTONE+/PantonePlusColorBridgeCoated.xml,2026-02-11 17:29:00
PANTONE 116 CP,29,1700,true,0.0,10.0,98.0,0.0,"0.0,0.1,0.98,0.0","0.8419,0.516156862745098,0.817137254901961",242,206,27,#F2CE1B,"0.949019607843137,0.807843137254902,0.105882352941176","0.909803921568627,0.803921568627451,0.219607843137255",Color/Palettes/Process/PANTONE/PANTONE+/PantonePlusColorBridgeCoated.xml,2026-02-11 17:29:00
PANTONE 117 CP,30,1700,true,0.0,26.0,100.0,15.0,"0.0,0.26,1.0,0.15","0.6801,0.556,0.782901960784314",207,156,0,#CF9C00,"0.811764705882353,0.611764705882353,0.0","0.756862745098039,0.603921568627451,0.133333333333333",Color/Palettes/Process/PANTONE/PANTONE+/PantonePlusColorBridgeCoated.xml,2026-02-11 17:29:00
PANTONE 118 CP,31,1700,true,0.0,26.0,100.0,31.0,"0.0,0.26,1.0,0.31","0.6063,0.550588235294118,0.754627450980392",183,137,1,#B78901,"0.717647058823529,0.537254901960784,0.00392156862745098","0.666666666666667,0.533333333333333,0.125490196078431",Color/Palettes/Process/PANTONE/PANTONE+/PantonePlusColorBridgeCoated.xml,2026-02-11 17:29:00
PANTONE 119 CP,32,1700,true,11.0,24.0,96.0,45.0,"0.11,0.24,0.96,0.45","0.5216,0.517764705882353,0.674901960784314",144,121,43,#90792B,"0.564705882352941,0.474509803921569,0.168627450980392","0.537254901960784,0.474509803921569,0.207843137254902",Color/Palettes/Process/PANTONE/PANTONE+/PantonePlusColorBridgeCoated.xml,2026-02-11 17:29:00
PANTONE 127 CP,33,1700,true,0.0,3.0,63.0,0.0,"0.0,0.03,0.63,0.0","0.8926,0.497764705882353,0.694627450980392",243,224,127,#F3E07F,"0.952941176470588,0.87843137254902,0.498039215686275","0.929411764705882,0.874509803921569,0.517647058823529",Color/Palettes/Process/PANTONE/PANTONE+/PantonePlusColorBridgeCoated.xml,2026-02-11 17:29:00
PANTONE 128 CP,34,1700,true,0.0,7.0,75.0,0.0,"0.0,0.07,0.75,0.0","0.8676,0.509137254901961,0.719411764705882",242,215,107,#F2D76B,"0.949019607843137,0.843137254901961,0.419607843137255","0.917647058823529,0.835294117647059,0.447058823529412",Color/Palettes/Process/PANTONE/PANTONE+/PantonePlusColorBridgeCoated.xml,2026-02-11 17:29:00
PANTONE 129 CP,35,1700,true,0.0,10.0,80.0,0.0,"0.0,0.1,0.8,0.0","0.8553,0.514196078431373,0.74121568627451",242,210,92,#F2D25C,"0.949019607843137,0.823529411764706,0.36078431372549","0.913725490196078,0.819607843137255,0.392156862745098",Color/Palettes/Process/PANTONE/PANTONE+/PantonePlusColorBridgeCoated.xml,2026-02-11 17:29:00
PANTONE 130 CP,36,1700,true,0.0,32.0,100.0,0.0,"0.0,0.32,1.0,0.0","0.7413,0.582392156862745,0.795960784313726",235,167,14,#EBA70E,"0.92156862745098,0.654901960784314,0.0549019607843137","0.854901960784314,0.650980392156863,0.168627450980392",Color/Palettes/Process/PANTONE/PANTONE+/PantonePlusColorBridgeCoated.xml,2026-02-11 17:29:00
PANTONE 131 CP,37,1700,true,0.0,39.0,100.0,11.0,"0.0,0.39,1.0,0.11","0.6528,0.592196078431373,0.765137254901961",211,142,16,#D38E10,"0.827450980392157,0.556862745098039,0.0627450980392157","0.756862745098039,0.552941176470588,0.152941176470588",Color/Palettes/Process/PANTONE/PANTONE+/PantonePlusColorBridgeCoated.xml,2026-02-11 17:29:00
PANTONE 132 CP,38,1700,true,0.0,34.0,100.0,36.0,"0.0,0.34,1.0,0.36","0.5612,0.560509803921569,0.728588235294118",172,124,18,#AC7C12,"0.674509803921569,0.486274509803922,0.0705882352941176","0.623529411764706,0.482352941176471,0.145098039215686",Color/Palettes/Process/PANTONE/PANTONE+/PantonePlusColorBridgeCoated.xml,2026-02-11 17:29:00
PANTONE 133 CP,39,1700,true,12.0,33.0,98.0,60.0,"0.12,0.33,0.98,0.6","0.4254,0.521333333333333,0.641294117647059",118,97,38,#766126,"0.462745098039216,0.380392156862745,0.149019607843137","0.43921568627451,0.380392156862745,0.184313725490196",Color/Palettes/Process/PANTONE/PANTONE+/PantonePlusColorBridgeCoated.xml,2026-02-11 17:29:00
PANTONE 1205 CP,40,1700,true,0.0,4.0,48.0,0.0,"0.0,0.04,0.48,0.0","0.8931,0.500588235294118,0.676980392156863",243,223,137,#F3DF89,"0.952941176470588,0.874509803921569,0.537254901960784","0.929411764705882,0.870588235294118,0.552941176470588",Color/Palettes/Process/PANTONE/PANTONE+/PantonePlusColorBridgeCoated.xml,2026-02-11 17:29:00
PANTONE 1215 CP,41,1700,true,0.0,7.0,61.0,0.0,"0.0,0.07,0.61,0.0","0.8628,0.51278431372549,0.721058823529412",243,213,106,#F3D56A,"0.952941176470588,0.835294117647059,0.415686274509804","0.917647058823529,0.827450980392157,0.43921568627451",Color/Palettes/Process/PANTONE/PANTONE+/PantonePlusColorBridgeCoated.xml,2026-02-11 17:29:00
PANTONE 1225 CP,42,1700,true,0.0,16.0,80.0,0.0,"0.0,0.16,0.8,0.0","0.8165,0.536117647058824,0.771647058823529",240,196,63,#F0C43F,"0.941176470588235,0.768627450980392,0.247058823529412","0.894117647058824,0.76078431372549,0.298039215686275",Color/Palettes/Process/PANTONE/PANTONE+/PantonePlusColorBridgeCoated.xml,2026-02-11 17:29:00
PANTONE 1235 CP,43,1700,true,0.0,25.0,94.0,0.0,"0.0,0.25,0.94,0.0","0.7657,0.567294117647059,0.806156862745098",238,176,7,#EEB007,"0.933333333333333,0.690196078431373,0.0274509803921569","0.870588235294118,0.686274509803922,0.168627450980392",Color/Palettes/Process/PANTONE/PANTONE+/PantonePlusColorBridgeCoated.xml,2026-02-11 17:29:00
PANTONE 1245 CP,44,1700,true,2.0,31.0,98.0,16.0,"0.02,0.31,0.98,0.16","0.6497,0.570392156862745,0.756470588235294",202,145,23,#CA9117,"0.792156862745098,0.568627450980392,0.0901960784313725","0.733333333333333,0.564705882352941,0.168627450980392",Color/Palettes/Process/PANTONE/PANTONE+/PantonePlusColorBridgeCoated.xml,2026-02-11 17:29:00
PANTONE 1255 CP,45,1700,true,3.0,30.0,95.0,29.0,"0.03,0.3,0.95,0.29","0.596,0.554509803921569,0.724666666666667",180,134,33,#B48621,"0.705882352941177,0.525490196078431,0.129411764705882","0.654901960784314,0.52156862745098,0.184313725490196",Color/Palettes/Process/PANTONE/PANTONE+/PantonePlusColorBridgeCoated.xml,2026-02-11 17:29:00
PANTONE 1265 CP,46,1700,true,10.0,32.0,92.0,45.0,"0.1,0.32,0.92,0.45","0.5017,0.539450980392157,0.672862745098039",146,113,40,#927128,"0.572549019607843,0.443137254901961,0.156862745098039","0.537254901960784,0.43921568627451,0.196078431372549",Color/Palettes/Process/PANTONE/PANTONE+/PantonePlusColorBridgeCoated.xml,2026-02-11 17:29:00
PANTONE 120 CP,47,1700,true,0.0,5.0,66.0,0.0,"0.0,0.05,0.66,0.0","0.8758,0.504039215686275,0.725254901960784",243,218,106,#F3DA6A,"0.952941176470588,0.854901960784314,0.415686274509804","0.925490196078431,0.850980392156863,0.443137254901961",Color/Palettes/Process/PANTONE/PANTONE+/PantonePlusColorBridgeCoated.xml,2026-02-11 17:29:00
PANTONE 121 CP,48,1700,true,0.0,6.0,72.0,0.0,"0.0,0.06,0.72,0.0","0.8667,0.508745098039216,0.733725490196078",243,214,99,#F3D663,"0.952941176470588,0.83921568627451,0.388235294117647","0.92156862745098,0.835294117647059,0.419607843137255",Color/Palettes/Process/PANTONE/PANTONE+/PantonePlusColorBridgeCoated.xml,2026-02-11 17:29:00
PANTONE 122 CP,49,1700,true,0.0,9.0,80.0,0.0,"0.0,0.09,0.8,0.0","0.8471,0.51878431372549,0.746156862745098",242,207,87,#F2CF57,"0.949019607843137,0.811764705882353,0.341176470588235","0.909803921568627,0.807843137254902,0.376470588235294",Color/Palettes/Process/PANTONE/PANTONE+/PantonePlusColorBridgeCoated.xml,2026-02-11 17:29:00
PANTONE 123 CP,50,1700,true,0.0,16.0,89.0,0.0,"0.0,0.16,0.89,0.0","0.8069,0.541607843137255,0.76443137254902",239,192,65,#EFC041,"0.937254901960784,0.752941176470588,0.254901960784314","0.886274509803922,0.749019607843137,0.301960784313725",Color/Palettes/Process/PANTONE/PANTONE+/PantonePlusColorBridgeCoated.xml,2026-02-11 17:29:00
PANTONE 124 CP,51,1700,true,0.0,29.0,100.0,1.0,"0.0,0.29,1.0,0.01","0.7413,0.582156862745098,0.80556862745098",235,167,0,#EBA700,"0.92156862745098,0.654901960784314,0.0","0.854901960784314,0.650980392156863,0.145098039215686",Color/Palettes/Process/PANTONE/PANTONE+/PantonePlusColorBridgeCoated.xml,2026-02-11 17:29:00
PANTONE 125 CP,52,1700,true,0.0,31.0,100.0,25.0,"0.0,0.31,1.0,0.25","0.604,0.568901960784314,0.757960784313725",188,133,0,#BC8500,"0.737254901960784,0.52156862745098,0.0","0.682352941176471,0.517647058823529,0.117647058823529",Color/Palettes/Process/PANTONE/PANTONE+/PantonePlusColorBridgeCoated.xml,2026-02-11 17:29:00
PANTONE 126 CP,53,1700,true,0.0,30.0,100.0,40.0,"0.0,0.3,1.0,0.4","0.5445,0.548980392156863,0.725490196078431",164,122,13,#A47A0D,"0.643137254901961,0.47843137254902,0.0509803921568627","0.596078431372549,0.474509803921569,0.133333333333333",Color/Palettes/Process/PANTONE/PANTONE+/PantonePlusColorBridgeCoated.xml,2026-02-11 17:29:00
PANTONE 7548 CP,54,1700,true,0.0,11.0,100.0,0.0,"0.0,0.11,1.0,0.0","0.8314,0.521607843137255,0.835372549019608",242,202,0,#F2CA00,"0.949019607843137,0.792156862745098,0.0","0.905882352941176,0.788235294117647,0.156862745098039",Color/Palettes/Process/PANTONE/PANTONE+/PantonePlusColorBridgeCoated.xml,2026-02-11 17:29:00
PANTONE 7549 CP,55,1700,true,0.0,22.0,100.0,0.0,"0.0,0.22,1.0,0.0","0.7832,0.553686274509804,0.809843137254902",238,184,8,#EEB808,"0.933333333333333,0.72156862745098,0.0313725490196078","0.87843137254902,0.713725490196078,0.176470588235294",Color/Palettes/Process/PANTONE/PANTONE+/PantonePlusColorBridgeCoated.xml,2026-02-11 17:29:00
PANTONE 7550 CP,56,1700,true,0.0,36.0,100.0,10.0,"0.0,0.36,1.0,0.1","0.6755,0.583411764705882,0.769450980392157",215,149,20,#D79514,"0.843137254901961,0.584313725490196,0.0784313725490196","0.776470588235294,0.580392156862745,0.164705882352941",Color/Palettes/Process/PANTONE/PANTONE+/PantonePlusColorBridgeCoated.xml,2026-02-11 17:29:00
PANTONE 7551 CP,57,1700,true,0.0,36.0,100.0,26.0,"0.0,0.36,1.0,0.26","0.5891,0.578470588235294,0.744156862745098",187,128,13,#BB800D,"0.733333333333333,0.501960784313725,0.0509803921568627","0.670588235294118,0.498039215686275,0.137254901960784",Color/Palettes/Process/PANTONE/PANTONE+/PantonePlusColorBridgeCoated.xml,2026-02-11 17:29:00
PANTONE 7552 CP,58,1700,true,7.0,42.0,100.0,58.0,"0.07,0.42,1.0,0.58","0.4024,0.547607843137255,0.649803921568627",121,87,29,#79571D,"0.474509803921569,0.341176470588235,0.113725490196078","0.43921568627451,0.345098039215686,0.152941176470588",Color/Palettes/Process/PANTONE/PANTONE+/PantonePlusColorBridgeCoated.xml,2026-02-11 17:29:00
PANTONE 7553 CP,59,1700,true,19.0,46.0,91.0,67.0,"0.19,0.46,0.91,0.67","0.3422,0.531803921568628,0.611019607843137",99,76,35,#634C23,"0.388235294117647,0.298039215686275,0.137254901960784","0.364705882352941,0.301960784313725,0.164705882352941",Color/Palettes/Process/PANTONE/PANTONE+/PantonePlusColorBridgeCoated.xml,2026-02-11 17:29:00
PANTONE 7554 CP,60,1700,true,40.0,53.0,79.0,68.0,"0.4,0.53,0.79,0.68","0.3005,0.531450980392157,0.56121568627451",86,67,47,#56432F,"0.337254901960784,0.262745098039216,0.184313725490196","0.32156862745098,0.270588235294118,0.2",Color/Palettes/Process/PANTONE/PANTONE+/PantonePlusColorBridgeCoated.xml,2026-02-11 17:29:00
PANTONE 7555 CP,61,1700,true,2.0,28.0,97.0,12.0,"0.02,0.28,0.97,0.12","0.6891,0.562196078431373,0.744980392156863",211,157,45,#D39D2D,"0.827450980392157,0.615686274509804,0.176470588235294","0.768627450980392,0.611764705882353,0.231372549019608",Color/Palettes/Process/PANTONE/PANTONE+/PantonePlusColorBridgeCoated.xml,2026-02-11 17:29:00
PANTONE 7556 CP,62,1700,true,4.0,30.0,95.0,24.0,"0.04,0.3,0.95,0.24","0.6148,0.558509803921569,0.704156862745098",186,138,52,#BA8A34,"0.729411764705882,0.541176470588235,0.203921568627451","0.67843137254902,0.537254901960784,0.23921568627451",Color/Palettes/Process/PANTONE/PANTONE+/PantonePlusColorBridgeCoated.xml,2026-02-11 17:29:00
PANTONE 7557 CP,63,1700,true,7.0,30.0,93.0,34.0,"0.07,0.3,0.93,0.34","0.5639,0.545294117647059,0.675647058823529",166,128,54,#A68036,"0.650980392156863,0.501960784313725,0.211764705882353","0.607843137254902,0.498039215686275,0.243137254901961",Color/Palettes/Process/PANTONE/PANTONE+/PantonePlusColorBridgeCoated.xml,2026-02-11 17:29:00
PANTONE 7558 CP,64,1700,true,8.0,35.0,92.0,38.0,"0.08,0.35,0.92,0.38","0.5314,0.553372549019608,0.658549019607843",159,118,56,#9F7638,"0.623529411764706,0.462745098039216,0.219607843137255","0.576470588235294,0.458823529411765,0.243137254901961",Color/Palettes/Process/PANTONE/PANTONE+/PantonePlusColorBridgeCoated.xml,2026-02-11 17:29:00
PANTONE 7559 CP,65,1700,true,10.0,40.0,88.0,40.0,"0.1,0.4,0.88,0.4","0.5027,0.557843137254902,0.646156862745098",152,110,55,#986E37,"0.596078431372549,0.431372549019608,0.215686274509804","0.549019607843137,0.431372549019608,0.23921568627451",Color/Palettes/Process/PANTONE/PANTONE+/PantonePlusColorBridgeCoated.xml,2026-02-11 17:29:00
PANTONE 7560 CP,66,1700,true,17.0,39.0,84.0,46.0,"0.17,0.39,0.84,0.46","0.4478,0.539058823529412,0.616745098039216",129,100,56,#816438,"0.505882352941176,0.392156862745098,0.219607843137255","0.474509803921569,0.392156862745098,0.23921568627451",Color/Palettes/Process/PANTONE/PANTONE+/PantonePlusColorBridgeCoated.xml,2026-02-11 17:29:00
PANTONE 7561 CP,67,1700,true,29.0,38.0,79.0,49.0,"0.29,0.38,0.79,0.49","0.3967,0.52078431372549,0.588470588235294",107,91,57,#6B5B39,"0.419607843137255,0.356862745098039,0.223529411764706","0.403921568627451,0.356862745098039,0.23921568627451",Color/Palettes/Process/PANTONE/PANTONE+/PantonePlusColorBridgeCoated.xml,2026-02-11 17:29:00
PANTONE 134 CP,68,1700,true,0.0,11.0,62.0,0.0,"0.0,0.11,0.62,0.0","0.8398,0.526588235294118,0.713529411764706",241,204,104,#F1CC68,"0.945098039215686,0.8,0.407843137254902","0.901960784313726,0.796078431372549,0.431372549019608",Color/Palettes/Process/PANTONE/PANTONE+/PantonePlusColorBridgeCoated.xml,2026-02-11 17:29:00
PANTONE 135 CP,69,1700,true,0.0,18.0,72.0,0.0,"0.0,0.18,0.72,0.0","0.8051,0.545019607843137,0.742901960784314",239,191,78,#EFBF4E,"0.937254901960784,0.749019607843137,0.305882352941176","0.886274509803922,0.745098039215686,0.345098039215686",Color/Palettes/Process/PANTONE/PANTONE+/PantonePlusColorBridgeCoated.xml,2026-02-11 17:29:00
PANTONE 136 CP,70,1700,true,0.0,22.0,83.0,0.0,"0.0,0.22,0.83,0.0","0.7824,0.557450980392157,0.771137254901961",238,183,54,#EEB736,"0.933333333333333,0.717647058823529,0.211764705882353","0.874509803921569,0.709803921568627,0.266666666666667",Color/Palettes/Process/PANTONE/PANTONE+/PantonePlusColorBridgeCoated.xml,2026-02-11 17:29:00
PANTONE 137 CP,71,1700,true,0.0,36.0,100.0,0.0,"0.0,0.36,1.0,0.0","0.7094,0.605294117647059,0.800901960784314",234,154,0,#EA9A00,"0.917647058823529,0.603921568627451,0.0","0.83921568627451,0.6,0.12156862745098",Color/Palettes/Process/PANTONE/PANTONE+/PantonePlusColorBridgeCoated.xml,2026-02-11 17:29:00
PANTONE 138 CP,72,1700,true,0.0,54.0,100.0,1.0,"0.0,0.54,1.0,0.01","0.6275,0.656509803921569,0.769803921568628",224,121,7,#E07907,"0.87843137254902,0.474509803921569,0.0274509803921569","0.788235294117647,0.474509803921569,0.12156862745098",Color/Palettes/Process/PANTONE/PANTONE+/PantonePlusColorBridgeCoated.xml,2026-02-11 17:29:00
PANTONE 139 CP,73,1700,true,0.0,48.0,100.0,26.0,"0.0,0.48,1.0,0.26","0.5312,0.60878431372549,0.734274509803922",180,107,4,#B46B04,"0.705882352941177,0.419607843137255,0.0156862745098039","0.635294117647059,0.419607843137255,0.105882352941176",Color/Palettes/Process/PANTONE/PANTONE+/PantonePlusColorBridgeCoated.xml,2026-02-11 17:29:00
PANTONE 140 CP,74,1700,true,6.0,43.0,100.0,58.0,"0.06,0.43,1.0,0.58","0.3971,0.556274509803922,0.658039215686275",123,85,24,#7B5518,"0.482352941176471,0.333333333333333,0.0941176470588235","0.443137254901961,0.333333333333333,0.137254901960784",Color/Palettes/Process/PANTONE/PANTONE+/PantonePlusColorBridgeCoated.xml,2026-02-11 17:29:00
PANTONE 1345 CP,75,1700,true,0.0,13.0,50.0,0.0,"0.0,0.13,0.5,0.0","0.8405,0.531294117647059,0.671019607843137",240,204,127,#F0CC7F,"0.941176470588235,0.8,0.498039215686275","0.901960784313726,0.792156862745098,0.509803921568627",Color/Palettes/Process/PANTONE/PANTONE+/PantonePlusColorBridgeCoated.xml,2026-02-11 17:29:00
PANTONE 1355 CP,76,1700,true,0.0,19.0,61.0,0.0,"0.0,0.19,0.61,0.0","0.8132,0.544862745098039,0.694078431372549",239,194,108,#EFC26C,"0.937254901960784,0.76078431372549,0.423529411764706","0.886274509803922,0.752941176470588,0.443137254901961",Color/Palettes/Process/PANTONE/PANTONE+/PantonePlusColorBridgeCoated.xml,2026-02-11 17:29:00
PANTONE 1365 CP,77,1700,true,0.0,28.0,79.0,0.0,"0.0,0.28,0.79,0.0","0.7615,0.573960784313726,0.730823529411765",236,174,75,#ECAE4B,"0.925490196078431,0.682352941176471,0.294117647058824","0.862745098039216,0.67843137254902,0.325490196078431",Color/Palettes/Process/PANTONE/PANTONE+/PantonePlusColorBridgeCoated.xml,2026-02-11 17:29:00
PANTONE 1375 CP,78,1700,true,0.0,40.0,97.0,0.0,"0.0,0.4,0.97,0.0","0.6994,0.613019607843137,0.777058823529412",232,150,25,#E89619,"0.909803921568627,0.588235294117647,0.0980392156862745","0.831372549019608,0.584313725490196,0.176470588235294",Color/Palettes/Process/PANTONE/PANTONE+/PantonePlusColorBridgeCoated.xml,2026-02-11 17:29:00
PANTONE 1385 CP,79,1700,true,0.0,54.0,100.0,5.0,"0.0,0.54,1.0,0.05","0.6142,0.643411764705882,0.760156862745098",216,121,13,#D8790D,"0.847058823529412,0.474509803921569,0.0509803921568627","0.76078431372549,0.470588235294118,0.133333333333333",Color/Palettes/Process/PANTONE/PANTONE+/PantonePlusColorBridgeCoated.xml,2026-02-11 17:29:00
PANTONE 1395 CP,80,1700,true,0.0,51.0,100.0,39.0,"0.0,0.51,1.0,0.39","0.4815,0.589294117647059,0.697294117647059",158,99,22,#9E6316,"0.619607843137255,0.388235294117647,0.0862745098039216","0.56078431372549,0.388235294117647,0.137254901960784",Color/Palettes/Process/PANTONE/PANTONE+/PantonePlusColorBridgeCoated.xml,2026-02-11 17:29:00
PANTONE 1405 CP,81,1700,true,8.0,49.0,97.0,60.0,"0.08,0.49,0.97,0.6","0.3781,0.556117647058823,0.635607843137255",117,80,32,#755020,"0.458823529411765,0.313725490196078,0.125490196078431","0.423529411764706,0.317647058823529,0.156862745098039",Color/Palettes/Process/PANTONE/PANTONE+/PantonePlusColorBridgeCoated.xml,2026-02-11 17:29:00
PANTONE 141 CP,82,1700,true,0.0,16.0,68.0,0.0,"0.0,0.16,0.68,0.0","0.8184,0.538980392156863,0.714862745098039",239,196,98,#EFC462,"0.937254901960784,0.768627450980392,0.384313725490196","0.890196078431372,0.764705882352941,0.407843137254902",Color/Palettes/Process/PANTONE/PANTONE+/PantonePlusColorBridgeCoated.xml,2026-02-11 17:29:00
PANTONE 142 CP,83,1700,true,0.0,21.0,77.0,0.0,"0.0,0.21,0.77,0.0","0.7881,0.557294117647059,0.718470588235294",237,185,89,#EDB959,"0.929411764705882,0.725490196078431,0.349019607843137","0.874509803921569,0.717647058823529,0.372549019607843",Color/Palettes/Process/PANTONE/PANTONE+/PantonePlusColorBridgeCoated.xml,2026-02-11 17:29:00
PANTONE 143 CP,84,1700,true,0.0,27.0,85.0,0.0,"0.0,0.27,0.85,0.0","0.7649,0.570823529411765,0.733921568627451",236,176,74,#ECB04A,"0.925490196078431,0.690196078431373,0.290196078431373","0.862745098039216,0.682352941176471,0.32156862745098",Color/Palettes/Process/PANTONE/PANTONE+/PantonePlusColorBridgeCoated.xml,2026-02-11 17:29:00
PANTONE 144 CP,85,1700,true,0.0,49.0,100.0,0.0,"0.0,0.49,1.0,0.0","0.668,0.63678431372549,0.758",230,137,34,#E68922,"0.901960784313726,0.537254901960784,0.133333333333333","0.815686274509804,0.533333333333333,0.188235294117647",Color/Palettes/Process/PANTONE/PANTONE+/PantonePlusColorBridgeCoated.xml,2026-02-11 17:29:00
PANTONE 145 CP,86,1700,true,0.0,49.0,100.0,8.0,"0.0,0.49,1.0,0.08","0.6199,0.624980392156863,0.740823529411765",211,127,32,#D37F20,"0.827450980392157,0.498039215686275,0.125490196078431","0.749019607843137,0.494117647058824,0.176470588235294",Color/Palettes/Process/PANTONE/PANTONE+/PantonePlusColorBridgeCoated.xml,2026-02-11 17:29:00
PANTONE 146 CP,87,1700,true,0.0,47.0,100.0,31.0,"0.0,0.47,1.0,0.31","0.5173,0.593254901960784,0.69321568627451",169,107,35,#A96B23,"0.662745098039216,0.419607843137255,0.137254901960784","0.6,0.419607843137255,0.176470588235294",Color/Palettes/Process/PANTONE/PANTONE+/PantonePlusColorBridgeCoated.xml,2026-02-11 17:29:00
PANTONE 147 CP,88,1700,true,19.0,38.0,87.0,52.0,"0.19,0.38,0.87,0.52","0.4103,0.528,0.61043137254902",115,93,50,#735D32,"0.450980392156863,0.364705882352941,0.196078431372549","0.427450980392157,0.364705882352941,0.219607843137255",Color/Palettes/Process/PANTONE/PANTONE+/PantonePlusColorBridgeCoated.xml,2026-02-11 17:29:00
PANTONE 7408 CP,89,1700,true,0.0,20.0,98.0,0.0,"0.0,0.2,0.98,0.0","0.7867,0.552117647058823,0.789254901960784",238,185,39,#EEB927,"0.933333333333333,0.725490196078431,0.152941176470588","0.87843137254902,0.717647058823529,0.231372549019608",Color/Palettes/Process/PANTONE/PANTONE+/PantonePlusColorBridgeCoated.xml,2026-02-11 17:29:00
PANTONE 7409 CP,90,1700,true,0.0,27.0,92.0,0.0,"0.0,0.27,0.92,0.0","0.7615,0.570901960784314,0.756470588235294",236,175,59,#ECAF3B,"0.925490196078431,0.686274509803922,0.231372549019608","0.862745098039216,0.67843137254902,0.274509803921569",Color/Palettes/Process/PANTONE/PANTONE+/PantonePlusColorBridgeCoated.xml,2026-02-11 17:29:00
PANTONE 7410 CP,91,1700,true,0.0,35.0,54.0,0.0,"0.0,0.35,0.54,0.0","0.7453,0.592862745098039,0.647960784313726",233,167,115,#E9A773,"0.913725490196078,0.654901960784314,0.450980392156863","0.847058823529412,0.647058823529412,0.458823529411765",Color/Palettes/Process/PANTONE/PANTONE+/PantonePlusColorBridgeCoated.xml,2026-02-11 17:29:00
PANTONE 7411 CP,92,1700,true,1.0,36.0,65.0,1.0,"0.01,0.36,0.65,0.01","0.7359,0.596941176470588,0.667725490196079",233,163,103,#E9A367,"0.913725490196078,0.63921568627451,0.403921568627451","0.843137254901961,0.635294117647059,0.415686274509804",Color/Palettes/Process/PANTONE/PANTONE+/PantonePlusColorBridgeCoated.xml,2026-02-11 17:29:00
PANTONE 7412 CP,93,1700,true,2.0,50.0,83.0,8.0,"0.02,0.5,0.83,0.08","0.6337,0.617137254901961,0.676745098039216",210,132,74,#D2844A,"0.823529411764706,0.517647058823529,0.290196078431373","0.749019607843137,0.513725490196078,0.305882352941176",Color/Palettes/Process/PANTONE/PANTONE+/PantonePlusColorBridgeCoated.xml,2026-02-11 17:29:00
PANTONE 7413 CP,94,1700,true,0.0,52.0,86.0,2.0,"0.0,0.52,0.86,0.02","0.6572,0.633137254901961,0.696941176470588",224,135,69,#E08745,"0.87843137254902,0.529411764705882,0.270588235294118","0.792156862745098,0.525490196078431,0.294117647058824",Color/Palettes/Process/PANTONE/PANTONE+/PantonePlusColorBridgeCoated.xml,2026-02-11 17:29:00
PANTONE 7414 CP,95,1700,true,0.0,57.0,100.0,17.0,"0.0,0.57,1.0,0.17","0.5531,0.624745098039216,0.698",190,110,42,#BE6E2A,"0.745098039215686,0.431372549019608,0.164705882352941","0.666666666666667,0.427450980392157,0.2",Color/Palettes/Process/PANTONE/PANTONE+/PantonePlusColorBridgeCoated.xml,2026-02-11 17:29:00
PANTONE 7562 CP,96,1700,true,14.0,29.0,62.0,12.0,"0.14,0.29,0.62,0.12","0.646,0.541725490196078,0.635529411764706",185,150,95,#B9965F,"0.725490196078431,0.588235294117647,0.372549019607843","0.682352941176471,0.580392156862745,0.384313725490196",Color/Palettes/Process/PANTONE/PANTONE+/PantonePlusColorBridgeCoated.xml,2026-02-11 17:29:00
PANTONE 7563 CP,97,1700,true,2.0,34.0,88.0,8.0,"0.02,0.34,0.88,0.08","0.6837,0.581607843137255,0.732588235294118",215,152,53,#D79835,"0.843137254901961,0.596078431372549,0.207843137254902","0.780392156862745,0.592156862745098,0.250980392156863",Color/Palettes/Process/PANTONE/PANTONE+/PantonePlusColorBridgeCoated.xml,2026-02-11 17:29:00
PANTONE 7564 CP,98,1700,true,0.0,46.0,100.0,5.0,"0.0,0.46,1.0,0.05","0.6626,0.617019607843137,0.769607843137255",222,139,19,#DE8B13,"0.870588235294118,0.545098039215686,0.0745098039215686","0.792156862745098,0.541176470588235,0.156862745098039",Color/Palettes/Process/PANTONE/PANTONE+/PantonePlusColorBridgeCoated.xml,2026-02-11 17:29:00
PANTONE 7565 CP,99,1700,true,1.0,53.0,93.0,11.0,"0.01,0.53,0.93,0.11","0.5998,0.627254901960784,0.726",206,121,37,#CE7925,"0.807843137254902,0.474509803921569,0.145098039215686","0.725490196078431,0.470588235294118,0.188235294117647",Color/Palettes/Process/PANTONE/PANTONE+/PantonePlusColorBridgeCoated.xml,2026-02-11 17:29:00
PANTONE 7566 CP,100,1700,true,4.0,58.0,82.0,25.0,"0.04,0.58,0.82,0.25","0.52,0.620039215686275,0.665372549019608",178,103,52,#B26734,"0.698039215686274,0.403921568627451,0.203921568627451","0.623529411764706,0.4,0.227450980392157",Color/Palettes/Process/PANTONE/PANTONE+/PantonePlusColorBridgeCoated.xml,2026-02-11 17:29:00
PANTONE 7567 CP,101,1700,true,11.0,59.0,80.0,41.0,"0.11,0.59,0.8,0.41","0.4394,0.594117647058824,0.633960784313725",145,88,48,#915830,"0.568627450980392,0.345098039215686,0.188235294117647","0.513725490196078,0.349019607843137,0.207843137254902",Color/Palettes/Process/PANTONE/PANTONE+/PantonePlusColorBridgeCoated.xml,2026-02-11 17:29:00
PANTONE 7568 CP,102,1700,true,20.0,57.0,75.0,46.0,"0.2,0.57,0.75,0.46","0.4134,0.567960784313725,0.607764705882353",129,87,53,#815735,"0.505882352941176,0.341176470588235,0.207843137254902","0.462745098039216,0.345098039215686,0.227450980392157",Color/Palettes/Process/PANTONE/PANTONE+/PantonePlusColorBridgeCoated.xml,2026-02-11 17:29:00
PANTONE 7569 CP,103,1700,true,1.0,47.0,93.0,7.0,"0.01,0.47,0.93,0.07","0.6469,0.608745098039216,0.721490196078431",213,137,52,#D58934,"0.835294117647059,0.537254901960784,0.203921568627451","0.76078431372549,0.533333333333333,0.23921568627451",Color/Palettes/Process/PANTONE/PANTONE+/PantonePlusColorBridgeCoated.xml,2026-02-11 17:29:00
PANTONE 7570 CP,104,1700,true,1.0,50.0,89.0,8.0,"0.01,0.5,0.89,0.08","0.6311,0.613450980392157,0.695176470588235",209,132,63,#D1843F,"0.819607843137255,0.517647058823529,0.247058823529412","0.745098039215686,0.513725490196078,0.274509803921569",Color/Palettes/Process/PANTONE/PANTONE+/PantonePlusColorBridgeCoated.xml,2026-02-11 17:29:00
PANTONE 7571 CP,105,1700,true,2.0,49.0,87.0,15.0,"0.02,0.49,0.87,0.15","0.6079,0.600823529411765,0.670862745098039",197,129,70,#C58146,"0.772549019607843,0.505882352941176,0.274509803921569","0.705882352941177,0.501960784313725,0.294117647058824",Color/Palettes/Process/PANTONE/PANTONE+/PantonePlusColorBridgeCoated.xml,2026-02-11 17:29:00
PANTONE 7572 CP,106,1700,true,4.0,51.0,84.0,21.0,"0.04,0.51,0.84,0.21","0.5652,0.600274509803921,0.645176470588235",183,118,72,#B77648,"0.717647058823529,0.462745098039216,0.282352941176471","0.654901960784314,0.458823529411765,0.298039215686275",Color/Palettes/Process/PANTONE/PANTONE+/PantonePlusColorBridgeCoated.xml,2026-02-11 17:29:00
PANTONE 7573 CP,107,1700,true,4.0,55.0,89.0,30.0,"0.04,0.55,0.89,0.3","0.5091,0.600941176470588,0.654705882352941",168,104,54,#A86836,"0.658823529411765,0.407843137254902,0.211764705882353","0.596078431372549,0.407843137254902,0.235294117647059",Color/Palettes/Process/PANTONE/PANTONE+/PantonePlusColorBridgeCoated.xml,2026-02-11 17:29:00
PANTONE 7574 CP,108,1700,true,10.0,49.0,78.0,31.0,"0.1,0.49,0.78,0.31","0.5148,0.576352941176471,0.644549019607843",161,110,60,#A16E3C,"0.631372549019608,0.431372549019608,0.235294117647059","0.576470588235294,0.431372549019608,0.254901960784314",Color/Palettes/Process/PANTONE/PANTONE+/PantonePlusColorBridgeCoated.xml,2026-02-11 17:29:00
PANTONE 7575 CP,109,1700,true,15.0,48.0,81.0,43.0,"0.15,0.48,0.81,0.43","0.4498,0.551882352941176,0.630313725490196",135,98,50,#876232,"0.529411764705882,0.384313725490196,0.196078431372549","0.490196078431373,0.384313725490196,0.219607843137255",Color/Palettes/Process/PANTONE/PANTONE+/PantonePlusColorBridgeCoated.xml,2026-02-11 17:29:00
PANTONE 148 CP,117,1700,true,0.0,17.0,47.0,0.0,"0.0,0.17,0.47,0.0","0.8245,0.540901960784314,0.654470588235294",238,198,131,#EEC683,"0.933333333333333,0.776470588235294,0.513725490196078","0.886274509803922,0.768627450980392,0.525490196078431",Color/Palettes/Process/PANTONE/PANTONE+/PantonePlusColorBridgeCoated.xml,2026-02-11 17:29:00
PANTONE 149 CP,118,1700,true,0.0,22.0,56.0,0.0,"0.0,0.22,0.56,0.0","0.7983,0.553960784313725,0.677450980392157",237,188,113,#EDBC71,"0.929411764705882,0.737254901960784,0.443137254901961","0.874509803921569,0.733333333333333,0.458823529411765",Color/Palettes/Process/PANTONE/PANTONE+/PantonePlusColorBridgeCoated.xml,2026-02-11 17:29:00
PANTONE 150 CP,119,1700,true,0.0,30.0,71.0,0.0,"0.0,0.3,0.71,0.0","0.7538,0.579019607843137,0.710039215686274",235,171,85,#EBAB55,"0.92156862745098,0.670588235294118,0.333333333333333","0.854901960784314,0.666666666666667,0.356862745098039",Color/Palettes/Process/PANTONE/PANTONE+/PantonePlusColorBridgeCoated.xml,2026-02-11 17:29:00
PANTONE 151 CP,120,1700,true,0.0,54.0,100.0,0.0,"0.0,0.54,1.0,0.0","0.6489,0.650235294117647,0.764",229,129,23,#E58117,"0.898039215686275,0.505882352941176,0.0901960784313725","0.803921568627451,0.501960784313725,0.156862745098039",Color/Palettes/Process/PANTONE/PANTONE+/PantonePlusColorBridgeCoated.xml,2026-02-11 17:29:00
PANTONE 152 CP,121,1700,true,0.0,61.0,100.0,0.0,"0.0,0.61,1.0,0.0","0.6176,0.673921568627451,0.752941176470588",227,115,26,#E3731A,"0.890196078431372,0.450980392156863,0.101960784313725","0.788235294117647,0.447058823529412,0.156862745098039",Color/Palettes/Process/PANTONE/PANTONE+/PantonePlusColorBridgeCoated.xml,2026-02-11 17:29:00
PANTONE 153 CP,122,1700,true,0.0,57.0,100.0,17.0,"0.0,0.57,1.0,0.17","0.5423,0.633960784313725,0.726862745098039",191,105,20,#BF6914,"0.749019607843137,0.411764705882353,0.0784313725490196","0.666666666666667,0.411764705882353,0.137254901960784",Color/Palettes/Process/PANTONE/PANTONE+/PantonePlusColorBridgeCoated.xml,2026-02-11 17:29:00
PANTONE 154 CP,123,1700,true,0.0,57.0,100.0,38.0,"0.0,0.57,1.0,0.38","0.4638,0.611686274509804,0.69321568627451",160,90,21,#A05A15,"0.627450980392157,0.352941176470588,0.0823529411764706","0.56078431372549,0.356862745098039,0.133333333333333",Color/Palettes/Process/PANTONE/PANTONE+/PantonePlusColorBridgeCoated.xml,2026-02-11 17:29:00
PANTONE 155 CP,124,1700,true,0.0,13.0,35.0,0.0,"0.0,0.13,0.35,0.0","0.8401,0.533647058823529,0.643254901960784",239,203,141,#EFCB8D,"0.937254901960784,0.796078431372549,0.552941176470588","0.898039215686275,0.792156862745098,0.56078431372549",Color/Palettes/Process/PANTONE/PANTONE+/PantonePlusColorBridgeCoated.xml,2026-02-11 17:29:00
PANTONE 156 CP,125,1700,true,0.0,23.0,51.0,0.0,"0.0,0.23,0.51,0.0","0.7893,0.55956862745098,0.670313725490196",236,185,115,#ECB973,"0.925490196078431,0.725490196078431,0.450980392156863","0.870588235294118,0.717647058823529,0.462745098039216",Color/Palettes/Process/PANTONE/PANTONE+/PantonePlusColorBridgeCoated.xml,2026-02-11 17:29:00
PANTONE 157 CP,126,1700,true,0.0,40.0,71.0,0.0,"0.0,0.4,0.71,0.0","0.7155,0.605764705882353,0.687843137254902",231,156,88,#E79C58,"0.905882352941176,0.611764705882353,0.345098039215686","0.831372549019608,0.607843137254902,0.36078431372549",Color/Palettes/Process/PANTONE/PANTONE+/PantonePlusColorBridgeCoated.xml,2026-02-11 17:29:00
PANTONE 158 CP,127,1700,true,0.0,62.0,97.0,0.0,"0.0,0.62,0.97,0.0","0.6216,0.67078431372549,0.719019607843137",226,117,50,#E27532,"0.886274509803922,0.458823529411765,0.196078431372549","0.788235294117647,0.454901960784314,0.223529411764706",Color/Palettes/Process/PANTONE/PANTONE+/PantonePlusColorBridgeCoated.xml,2026-02-11 17:29:00
PANTONE 159 CP,128,1700,true,0.0,68.0,100.0,7.0,"0.0,0.68,1.0,0.07","0.55,0.673490196078431,0.722941176470588",205,97,29,#CD611D,"0.803921568627451,0.380392156862745,0.113725490196078","0.709803921568627,0.380392156862745,0.156862745098039",Color/Palettes/Process/PANTONE/PANTONE+/PantonePlusColorBridgeCoated.xml,2026-02-11 17:29:00
PANTONE 160 CP,129,1700,true,0.0,64.0,100.0,32.0,"0.0,0.64,1.0,0.32","0.4698,0.622862745098039,0.685411764705882",165,89,29,#A5591D,"0.647058823529412,0.349019607843137,0.113725490196078","0.576470588235294,0.352941176470588,0.152941176470588",Color/Palettes/Process/PANTONE/PANTONE+/PantonePlusColorBridgeCoated.xml,2026-02-11 17:29:00
PANTONE 161 CP,130,1700,true,11.0,61.0,92.0,65.0,"0.11,0.61,0.92,0.65","0.3114,0.561686274509804,0.606705882352941",100,64,31,#64401F,"0.392156862745098,0.250980392156863,0.12156862745098","0.36078431372549,0.258823529411765,0.149019607843137",Color/Palettes/Process/PANTONE/PANTONE+/PantonePlusColorBridgeCoated.xml,2026-02-11 17:29:00
PANTONE 1485 CP,131,1700,true,0.0,34.0,68.0,0.0,"0.0,0.34,0.68,0.0","0.7413,0.587607843137255,0.699176470588235",233,167,88,#E9A758,"0.913725490196078,0.654901960784314,0.345098039215686","0.847058823529412,0.647058823529412,0.364705882352941",Color/Palettes/Process/PANTONE/PANTONE+/PantonePlusColorBridgeCoated.xml,2026-02-11 17:29:00
PANTONE 1495 CP,132,1700,true,0.0,49.0,96.0,0.0,"0.0,0.49,0.96,0.0","0.678,0.627921568627451,0.764156862745098",231,141,31,#E78D1F,"0.905882352941176,0.552941176470588,0.12156862745098","0.819607843137255,0.549019607843137,0.184313725490196",Color/Palettes/Process/PANTONE/PANTONE+/PantonePlusColorBridgeCoated.xml,2026-02-11 17:29:00
PANTONE 1505 CP,133,1700,true,0.0,64.0,100.0,0.0,"0.0,0.64,1.0,0.0","0.6129,0.677529411764706,0.759411764705882",226,112,18,#E27012,"0.886274509803922,0.43921568627451,0.0705882352941176","0.788235294117647,0.43921568627451,0.137254901960784",Color/Palettes/Process/PANTONE/PANTONE+/PantonePlusColorBridgeCoated.xml,2026-02-11 17:29:00
PANTONE Orange 021 CP,134,1700,true,0.0,74.0,100.0,0.0,"0.0,0.74,1.0,0.0","0.5707,0.710705882352941,0.744313725490196",223,92,22,#DF5C16,"0.874509803921569,0.36078431372549,0.0862745098039216","0.768627450980392,0.36078431372549,0.133333333333333",Color/Palettes/Process/PANTONE/PANTONE+/PantonePlusColorBridgeCoated.xml,2026-02-11 17:29:00
PANTONE 1525 CP,135,1700,true,0.0,77.0,100.0,14.0,"0.0,0.77,1.0,0.14","0.4897,0.688274509803922,0.709647058823529",191,77,23,#BF4D17,"0.749019607843137,0.301960784313725,0.0901960784313725","0.654901960784314,0.305882352941176,0.129411764705882",Color/Palettes/Process/PANTONE/PANTONE+/PantonePlusColorBridgeCoated.xml,2026-02-11 17:29:00
PANTONE 1535 CP,136,1700,true,0.0,71.0,100.0,38.0,"0.0,0.71,1.0,0.38","0.4224,0.639843137254902,0.682078431372549",156,73,20,#9C4914,"0.611764705882353,0.286274509803922,0.0784313725490196","0.541176470588235,0.294117647058824,0.12156862745098",Color/Palettes/Process/PANTONE/PANTONE+/PantonePlusColorBridgeCoated.xml,2026-02-11 17:29:00
PANTONE 1545 CP,137,1700,true,0.0,68.0,100.0,67.0,"0.0,0.68,1.0,0.67","0.3077,0.59321568627451,0.619647058823529",109,57,25,#6D3919,"0.427450980392157,0.223529411764706,0.0980392156862745","0.384313725490196,0.235294117647059,0.129411764705882",Color/Palettes/Process/PANTONE/PANTONE+/PantonePlusColorBridgeCoated.xml,2026-02-11 17:29:00
PANTONE 1555 CP,138,1700,true,0.0,29.0,40.0,0.0,"0.0,0.29,0.4,0.0","0.7653,0.582196078431373,0.617843137254902",233,174,135,#E9AE87,"0.913725490196078,0.682352941176471,0.529411764705882","0.854901960784314,0.67843137254902,0.529411764705882",Color/Palettes/Process/PANTONE/PANTONE+/PantonePlusColorBridgeCoated.xml,2026-02-11 17:29:00
PANTONE 1565 CP,139,1700,true,0.0,42.0,60.0,0.0,"0.0,0.42,0.6,0.0","0.7029,0.619058823529412,0.648666666666667",230,150,105,#E69669,"0.901960784313726,0.588235294117647,0.411764705882353","0.823529411764706,0.584313725490196,0.419607843137255",Color/Palettes/Process/PANTONE/PANTONE+/PantonePlusColorBridgeCoated.xml,2026-02-11 17:29:00
PANTONE 1575 CP,140,1700,true,0.0,59.0,90.0,0.0,"0.0,0.59,0.9,0.0","0.6355,0.662823529411765,0.698117647058824",227,122,65,#E37A41,"0.890196078431372,0.47843137254902,0.254901960784314","0.796078431372549,0.47843137254902,0.274509803921569",Color/Palettes/Process/PANTONE/PANTONE+/PantonePlusColorBridgeCoated.xml,2026-02-11 17:29:00
PANTONE 1585 CP,141,1700,true,0.0,66.0,99.0,0.0,"0.0,0.66,0.99,0.0","0.6018,0.686627450980392,0.714980392156863",225,107,48,#E16B30,"0.882352941176471,0.419607843137255,0.188235294117647","0.780392156862745,0.419607843137255,0.215686274509804",Color/Palettes/Process/PANTONE/PANTONE+/PantonePlusColorBridgeCoated.xml,2026-02-11 17:29:00
PANTONE 1595 CP,142,1700,true,0.0,70.0,100.0,2.0,"0.0,0.7,1.0,0.02","0.5696,0.692078431372549,0.705019607843137",216,97,46,#D8612E,"0.847058823529412,0.380392156862745,0.180392156862745","0.745098039215686,0.380392156862745,0.207843137254902",Color/Palettes/Process/PANTONE/PANTONE+/PantonePlusColorBridgeCoated.xml,2026-02-11 17:29:00
PANTONE 1605 CP,143,1700,true,1.0,66.0,95.0,30.0,"0.01,0.66,0.95,0.3","0.4657,0.638,0.653372549019608",167,85,46,#A7552E,"0.654901960784314,0.333333333333333,0.180392156862745","0.580392156862745,0.337254901960784,0.203921568627451",Color/Palettes/Process/PANTONE/PANTONE+/PantonePlusColorBridgeCoated.xml,2026-02-11 17:29:00
PANTONE 1615 CP,144,1700,true,1.0,68.0,98.0,44.0,"0.01,0.68,0.98,0.44","0.3898,0.624980392156863,0.636862745098039",141,69,36,#8D4524,"0.552941176470588,0.270588235294118,0.141176470588235","0.490196078431373,0.27843137254902,0.168627450980392",Color/Palettes/Process/PANTONE/PANTONE+/PantonePlusColorBridgeCoated.xml,2026-02-11 17:29:00
PANTONE 712 CP,110,1700,true,0.0,19.0,40.0,0.0,"0.0,0.19,0.4,0.0","0.8114,0.552274509803922,0.633333333333333",237,192,139,#EDC08B,"0.929411764705882,0.752941176470588,0.545098039215686","0.87843137254902,0.749019607843137,0.549019607843137",Color/Palettes/Process/PANTONE/PANTONE+/PantonePlusColorBridgeCoated.xml,2026-02-11 17:29:00
PANTONE 713 CP,111,1700,true,0.0,25.0,49.0,0.0,"0.0,0.25,0.49,0.0","0.7885,0.562823529411765,0.655843137254902",236,184,122,#ECB87A,"0.925490196078431,0.72156862745098,0.47843137254902","0.870588235294118,0.717647058823529,0.486274509803922",Color/Palettes/Process/PANTONE/PANTONE+/PantonePlusColorBridgeCoated.xml,2026-02-11 17:29:00
PANTONE 714 CP,112,1700,true,0.0,36.0,66.0,0.0,"0.0,0.36,0.66,0.0","0.725,0.59956862745098,0.693843137254902",232,160,87,#E8A057,"0.909803921568627,0.627450980392157,0.341176470588235","0.83921568627451,0.619607843137255,0.36078431372549",Color/Palettes/Process/PANTONE/PANTONE+/PantonePlusColorBridgeCoated.xml,2026-02-11 17:29:00
PANTONE 715 CP,113,1700,true,0.0,50.0,93.0,0.0,"0.0,0.5,0.93,0.0","0.6537,0.645803921568627,0.750313725490196",229,131,37,#E58325,"0.898039215686275,0.513725490196078,0.145098039215686","0.807843137254902,0.509803921568627,0.192156862745098",Color/Palettes/Process/PANTONE/PANTONE+/PantonePlusColorBridgeCoated.xml,2026-02-11 17:29:00
PANTONE 716 CP,114,1700,true,0.0,59.0,100.0,0.0,"0.0,0.59,1.0,0.0","0.6087,0.678588235294118,0.759764705882353",225,111,16,#E16F10,"0.882352941176471,0.435294117647059,0.0627450980392157","0.784313725490196,0.431372549019608,0.133333333333333",Color/Palettes/Process/PANTONE/PANTONE+/PantonePlusColorBridgeCoated.xml,2026-02-11 17:29:00
PANTONE 717 CP,115,1700,true,0.0,69.0,100.0,2.0,"0.0,0.69,1.0,0.02","0.5516,0.703254901960784,0.737411764705882",215,89,21,#D75915,"0.843137254901961,0.349019607843137,0.0823529411764706","0.737254901960784,0.349019607843137,0.129411764705882",Color/Palettes/Process/PANTONE/PANTONE+/PantonePlusColorBridgeCoated.xml,2026-02-11 17:29:00
PANTONE 718 CP,116,1700,true,0.0,74.0,100.0,12.0,"0.0,0.74,1.0,0.12","0.4924,0.697254901960784,0.714392156862745",194,75,21,#C24B15,"0.76078431372549,0.294117647058824,0.0823529411764706","0.662745098039216,0.298039215686275,0.125490196078431",Color/Palettes/Process/PANTONE/PANTONE+/PantonePlusColorBridgeCoated.xml,2026-02-11 17:29:00
PANTONE 162 CP,145,1700,true,0.0,27.0,32.0,0.0,"0.0,0.27,0.32,0.0","0.788,0.571058823529412,0.604196078431373",235,183,147,#EBB793,"0.92156862745098,0.717647058823529,0.576470588235294","0.866666666666667,0.709803921568627,0.576470588235294",Color/Palettes/Process/PANTONE/PANTONE+/PantonePlusColorBridgeCoated.xml,2026-02-11 17:29:00
PANTONE 163 CP,146,1700,true,0.0,44.0,57.0,0.0,"0.0,0.44,0.57,0.0","0.7041,0.618352941176471,0.64956862745098",230,151,105,#E69769,"0.901960784313726,0.592156862745098,0.411764705882353","0.827450980392157,0.584313725490196,0.419607843137255",Color/Palettes/Process/PANTONE/PANTONE+/PantonePlusColorBridgeCoated.xml,2026-02-11 17:29:00
PANTONE 164 CP,147,1700,true,0.0,59.0,81.0,0.0,"0.0,0.59,0.81,0.0","0.641,0.660705882352941,0.681372549019608",227,124,74,#E37C4A,"0.890196078431372,0.486274509803922,0.290196078431373","0.796078431372549,0.486274509803922,0.305882352941176",Color/Palettes/Process/PANTONE/PANTONE+/PantonePlusColorBridgeCoated.xml,2026-02-11 17:29:00
PANTONE 165 CP,148,1700,true,0.0,68.0,96.0,0.0,"0.0,0.68,0.96,0.0","0.5961,0.691176470588235,0.720666666666667",224,104,44,#E0682C,"0.87843137254902,0.407843137254902,0.172549019607843","0.776470588235294,0.407843137254902,0.2",Color/Palettes/Process/PANTONE/PANTONE+/PantonePlusColorBridgeCoated.xml,2026-02-11 17:29:00
PANTONE 166 CP,149,1700,true,0.0,76.0,100.0,0.0,"0.0,0.76,1.0,0.0","0.5663,0.714666666666667,0.733960784313725",223,89,29,#DF591D,"0.874509803921569,0.349019607843137,0.113725490196078","0.764705882352941,0.352941176470588,0.152941176470588",Color/Palettes/Process/PANTONE/PANTONE+/PantonePlusColorBridgeCoated.xml,2026-02-11 17:29:00
PANTONE 167 CP,150,1700,true,0.0,73.0,100.0,15.0,"0.0,0.73,1.0,0.15","0.5005,0.670980392156863,0.697333333333333",189,85,32,#BD5520,"0.741176470588235,0.333333333333333,0.125490196078431","0.650980392156863,0.337254901960784,0.16078431372549",Color/Palettes/Process/PANTONE/PANTONE+/PantonePlusColorBridgeCoated.xml,2026-02-11 17:29:00
PANTONE 168 CP,151,1700,true,2.0,74.0,94.0,57.0,"0.02,0.74,0.94,0.57","0.3249,0.610509803921569,0.611647058823529",118,57,33,#763921,"0.462745098039216,0.223529411764706,0.129411764705882","0.411764705882353,0.235294117647059,0.152941176470588",Color/Palettes/Process/PANTONE/PANTONE+/PantonePlusColorBridgeCoated.xml,2026-02-11 17:29:00
PANTONE 7576 CP,152,1700,true,1.0,52.0,70.0,4.0,"0.01,0.52,0.7,0.04","0.6411,0.63356862745098,0.668627450980392",218,131,80,#DA8350,"0.854901960784314,0.513725490196078,0.313725490196078","0.772549019607843,0.509803921568627,0.329411764705882",Color/Palettes/Process/PANTONE/PANTONE+/PantonePlusColorBridgeCoated.xml,2026-02-11 17:29:00
PANTONE 7577 CP,153,1700,true,0.0,57.0,81.0,1.0,"0.0,0.57,0.81,0.01","0.6322,0.658156862745098,0.689450980392157",224,123,68,#E07B44,"0.87843137254902,0.482352941176471,0.266666666666667","0.788235294117647,0.47843137254902,0.286274509803922",Color/Palettes/Process/PANTONE/PANTONE+/PantonePlusColorBridgeCoated.xml,2026-02-11 17:29:00
PANTONE 7578 CP,154,1700,true,0.0,67.0,89.0,2.0,"0.0,0.67,0.89,0.02","0.5912,0.68,0.696941176470588",219,106,55,#DB6A37,"0.858823529411765,0.415686274509804,0.215686274509804","0.76078431372549,0.415686274509804,0.23921568627451",Color/Palettes/Process/PANTONE/PANTONE+/PantonePlusColorBridgeCoated.xml,2026-02-11 17:29:00
PANTONE 7579 CP,155,1700,true,0.0,75.0,93.0,0.0,"0.0,0.75,0.93,0.0","0.5606,0.713254901960784,0.703803921568627",220,88,46,#DC582E,"0.862745098039216,0.345098039215686,0.180392156862745","0.752941176470588,0.349019607843137,0.203921568627451",Color/Palettes/Process/PANTONE/PANTONE+/PantonePlusColorBridgeCoated.xml,2026-02-11 17:29:00
PANTONE 7580 CP,156,1700,true,1.0,76.0,85.0,14.0,"0.01,0.76,0.85,0.14","0.5008,0.686470588235294,0.666470588235294",192,81,49,#C05131,"0.752941176470588,0.317647058823529,0.192156862745098","0.662745098039216,0.32156862745098,0.211764705882353",Color/Palettes/Process/PANTONE/PANTONE+/PantonePlusColorBridgeCoated.xml,2026-02-11 17:29:00
PANTONE 7581 CP,157,1700,true,11.0,68.0,75.0,42.0,"0.11,0.68,0.75,0.42","0.3987,0.610039215686275,0.609333333333333",138,75,50,#8A4B32,"0.541176470588235,0.294117647058824,0.196078431372549","0.482352941176471,0.298039215686275,0.215686274509804",Color/Palettes/Process/PANTONE/PANTONE+/PantonePlusColorBridgeCoated.xml,2026-02-11 17:29:00
PANTONE 7582 CP,158,1700,true,29.0,60.0,71.0,52.0,"0.29,0.6,0.71,0.52","0.3622,0.561529411764706,0.579882352941177",112,76,53,#704C35,"0.43921568627451,0.298039215686275,0.207843137254902","0.403921568627451,0.301960784313725,0.223529411764706",Color/Palettes/Process/PANTONE/PANTONE+/PantonePlusColorBridgeCoated.xml,2026-02-11 17:29:00
PANTONE 1625 CP,159,1700,true,0.0,41.0,39.0,0.0,"0.0,0.41,0.39,0.0","0.7258,0.609764705882353,0.604235294117647",231,159,132,#E79F84,"0.905882352941176,0.623529411764706,0.517647058823529","0.831372549019608,0.615686274509804,0.517647058823529",Color/Palettes/Process/PANTONE/PANTONE+/PantonePlusColorBridgeCoated.xml,2026-02-11 17:29:00
PANTONE 1635 CP,160,1700,true,0.0,53.0,55.0,0.0,"0.0,0.53,0.55,0.0","0.6802,0.638549019607843,0.62956862745098",229,140,109,#E58C6D,"0.898039215686275,0.549019607843137,0.427450980392157","0.815686274509804,0.545098039215686,0.431372549019608",Color/Palettes/Process/PANTONE/PANTONE+/PantonePlusColorBridgeCoated.xml,2026-02-11 17:29:00
PANTONE 1645 CP,161,1700,true,0.0,68.0,85.0,0.0,"0.0,0.68,0.85,0.0","0.6189,0.678705882352941,0.675607843137255",226,114,73,#E27249,"0.886274509803922,0.447058823529412,0.286274509803922","0.788235294117647,0.443137254901961,0.298039215686275",Color/Palettes/Process/PANTONE/PANTONE+/PantonePlusColorBridgeCoated.xml,2026-02-11 17:29:00
PANTONE 1655 CP,162,1700,true,0.0,77.0,100.0,0.0,"0.0,0.77,1.0,0.0","0.5753,0.71,0.716627450980392",224,93,42,#E05D2A,"0.87843137254902,0.364705882352941,0.164705882352941","0.768627450980392,0.364705882352941,0.192156862745098",Color/Palettes/Process/PANTONE/PANTONE+/PantonePlusColorBridgeCoated.xml,2026-02-11 17:29:00
PANTONE 1665 CP,163,1700,true,0.0,82.0,100.0,0.0,"0.0,0.82,1.0,0.0","0.5533,0.727647058823529,0.715843137254902",222,81,38,#DE5126,"0.870588235294118,0.317647058823529,0.149019607843137","0.76078431372549,0.32156862745098,0.176470588235294",Color/Palettes/Process/PANTONE/PANTONE+/PantonePlusColorBridgeCoated.xml,2026-02-11 17:29:00
PANTONE 1675 CP,164,1700,true,0.0,79.0,100.0,26.0,"0.0,0.79,1.0,0.26","0.4631,0.666549019607843,0.662941176470588",175,77,42,#AF4D2A,"0.686274509803922,0.301960784313725,0.164705882352941","0.603921568627451,0.305882352941176,0.188235294117647",Color/Palettes/Process/PANTONE/PANTONE+/PantonePlusColorBridgeCoated.xml,2026-02-11 17:29:00
PANTONE 1685 CP,165,1700,true,1.0,79.0,95.0,48.0,"0.01,0.79,0.95,0.48","0.3834,0.635058823529412,0.621882352941176",142,65,42,#8E412A,"0.556862745098039,0.254901960784314,0.164705882352941","0.490196078431373,0.262745098039216,0.184313725490196",Color/Palettes/Process/PANTONE/PANTONE+/PantonePlusColorBridgeCoated.xml,2026-02-11 17:29:00
PANTONE 169 CP,166,1700,true,0.0,34.0,21.0,0.0,"0.0,0.34,0.21,0.0","0.7737,0.587490196078431,0.561411764705882",233,176,164,#E9B0A4,"0.913725490196078,0.690196078431373,0.643137254901961","0.854901960784314,0.686274509803922,0.63921568627451",Color/Palettes/Process/PANTONE/PANTONE+/PantonePlusColorBridgeCoated.xml,2026-02-11 17:29:00
PANTONE 170 CP,167,1700,true,0.0,56.0,48.0,0.0,"0.0,0.56,0.48,0.0","0.6695,0.647921568627451,0.613450980392157",228,135,114,#E48772,"0.894117647058824,0.529411764705882,0.447058823529412","0.807843137254902,0.525490196078431,0.447058823529412",Color/Palettes/Process/PANTONE/PANTONE+/PantonePlusColorBridgeCoated.xml,2026-02-11 17:29:00
PANTONE 171 CP,168,1700,true,0.0,74.0,85.0,0.0,"0.0,0.74,0.85,0.0","0.5886,0.702470588235294,0.671764705882353",224,99,68,#E06344,"0.87843137254902,0.388235294117647,0.266666666666667","0.772549019607843,0.388235294117647,0.27843137254902",Color/Palettes/Process/PANTONE/PANTONE+/PantonePlusColorBridgeCoated.xml,2026-02-11 17:29:00
PANTONE 172 CP,169,1700,true,0.0,80.0,98.0,0.0,"0.0,0.8,0.98,0.0","0.5588,0.723019607843137,0.714627450980392",222,84,40,#DE5428,"0.870588235294118,0.329411764705882,0.156862745098039","0.76078431372549,0.333333333333333,0.180392156862745",Color/Palettes/Process/PANTONE/PANTONE+/PantonePlusColorBridgeCoated.xml,2026-02-11 17:29:00
PANTONE 173 CP,170,1700,true,0.0,83.0,99.0,4.0,"0.0,0.83,0.99,0.04","0.5228,0.719098039215686,0.69278431372549",210,76,43,#D24C2B,"0.823529411764706,0.298039215686275,0.168627450980392","0.717647058823529,0.301960784313725,0.188235294117647",Color/Palettes/Process/PANTONE/PANTONE+/PantonePlusColorBridgeCoated.xml,2026-02-11 17:29:00
PANTONE 174 CP,171,1700,true,0.0,84.0,95.0,37.0,"0.0,0.84,0.95,0.37","0.3907,0.660980392156863,0.638980392156863",152,60,37,#983C25,"0.596078431372549,0.235294117647059,0.145098039215686","0.52156862745098,0.243137254901961,0.164705882352941",Color/Palettes/Process/PANTONE/PANTONE+/PantonePlusColorBridgeCoated.xml,2026-02-11 17:29:00
PANTONE 175 CP,172,1700,true,13.0,78.0,77.0,59.0,"0.13,0.78,0.77,0.59","0.298,0.592627450980392,0.574509803921569",105,55,42,#69372A,"0.411764705882353,0.215686274509804,0.164705882352941","0.368627450980392,0.227450980392157,0.184313725490196",Color/Palettes/Process/PANTONE/PANTONE+/PantonePlusColorBridgeCoated.xml,2026-02-11 17:29:00
PANTONE 7583 CP,173,1700,true,1.0,67.0,88.0,12.0,"0.01,0.67,0.88,0.12","0.55,0.652627450980392,0.675647058823529",197,103,55,#C56737,"0.772549019607843,0.403921568627451,0.215686274509804","0.686274509803922,0.4,0.23921568627451",Color/Palettes/Process/PANTONE/PANTONE+/PantonePlusColorBridgeCoated.xml,2026-02-11 17:29:00
PANTONE 7584 CP,174,1700,true,1.0,71.0,93.0,17.0,"0.01,0.71,0.93,0.17","0.5182,0.653921568627451,0.68321568627451",188,94,44,#BC5E2C,"0.737254901960784,0.368627450980392,0.172549019607843","0.654901960784314,0.368627450980392,0.196078431372549",Color/Palettes/Process/PANTONE/PANTONE+/PantonePlusColorBridgeCoated.xml,2026-02-11 17:29:00
PANTONE 7585 CP,175,1700,true,4.0,66.0,77.0,22.0,"0.04,0.66,0.77,0.22","0.5121,0.637372549019608,0.652392156862745",180,97,57,#B46139,"0.705882352941177,0.380392156862745,0.223529411764706","0.631372549019608,0.380392156862745,0.243137254901961",Color/Palettes/Process/PANTONE/PANTONE+/PantonePlusColorBridgeCoated.xml,2026-02-11 17:29:00
PANTONE 7586 CP,176,1700,true,4.0,68.0,83.0,31.0,"0.04,0.68,0.83,0.31","0.4612,0.626196078431373,0.657490196078431",162,86,42,#A2562A,"0.635294117647059,0.337254901960784,0.164705882352941","0.564705882352941,0.341176470588235,0.192156862745098",Color/Palettes/Process/PANTONE/PANTONE+/PantonePlusColorBridgeCoated.xml,2026-02-11 17:29:00
PANTONE 7587 CP,177,1700,true,6.0,70.0,83.0,38.0,"0.06,0.7,0.83,0.38","0.4295,0.625098039215686,0.645294117647059",153,79,41,#994F29,"0.6,0.309803921568627,0.16078431372549","0.533333333333333,0.313725490196078,0.184313725490196",Color/Palettes/Process/PANTONE/PANTONE+/PantonePlusColorBridgeCoated.xml,2026-02-11 17:29:00
PANTONE 7588 CP,178,1700,true,17.0,63.0,73.0,45.0,"0.17,0.63,0.73,0.45","0.4052,0.579607843137255,0.619843137254902",131,83,46,#83532E,"0.513725490196078,0.325490196078431,0.180392156862745","0.466666666666667,0.329411764705882,0.203921568627451",Color/Palettes/Process/PANTONE/PANTONE+/PantonePlusColorBridgeCoated.xml,2026-02-11 17:29:00
PANTONE 7589 CP,179,1700,true,38.0,57.0,67.0,53.0,"0.38,0.57,0.67,0.53","0.3653,0.539882352941176,0.578352941176471",106,80,54,#6A5036,"0.415686274509804,0.313725490196078,0.211764705882353","0.388235294117647,0.317647058823529,0.227450980392157",Color/Palettes/Process/PANTONE/PANTONE+/PantonePlusColorBridgeCoated.xml,2026-02-11 17:29:00
PANTONE 7590 CP,180,1700,true,10.0,26.0,30.0,1.0,"0.1,0.26,0.3,0.01","0.7447,0.537529411764706,0.578862745098039",207,177,147,#CFB193,"0.811764705882353,0.694117647058824,0.576470588235294","0.772549019607843,0.690196078431373,0.576470588235294",Color/Palettes/Process/PANTONE/PANTONE+/PantonePlusColorBridgeCoated.xml,2026-02-11 17:29:00
PANTONE 7591 CP,181,1700,true,6.0,51.0,58.0,12.0,"0.06,0.51,0.58,0.12","0.5939,0.602901960784314,0.622588235294118",191,125,90,#BF7D5A,"0.749019607843137,0.490196078431373,0.352941176470588","0.682352941176471,0.486274509803922,0.36078431372549",Color/Palettes/Process/PANTONE/PANTONE+/PantonePlusColorBridgeCoated.xml,2026-02-11 17:29:00
PANTONE 7592 CP,182,1700,true,3.0,72.0,81.0,21.0,"0.03,0.72,0.81,0.21","0.4955,0.648549019607843,0.637450980392157",178,90,61,#B25A3D,"0.698039215686274,0.352941176470588,0.23921568627451","0.619607843137255,0.352941176470588,0.250980392156863",Color/Palettes/Process/PANTONE/PANTONE+/PantonePlusColorBridgeCoated.xml,2026-02-11 17:29:00
PANTONE 7593 CP,183,1700,true,3.0,80.0,84.0,31.0,"0.03,0.8,0.84,0.31","0.4296,0.656235294117647,0.617764705882353",161,71,55,#A14737,"0.631372549019608,0.27843137254902,0.215686274509804","0.552941176470588,0.286274509803922,0.227450980392157",Color/Palettes/Process/PANTONE/PANTONE+/PantonePlusColorBridgeCoated.xml,2026-02-11 17:29:00
PANTONE 7594 CP,184,1700,true,8.0,79.0,77.0,49.0,"0.08,0.79,0.77,0.49","0.3557,0.626627450980392,0.584156862745098",130,61,52,#823D34,"0.509803921568627,0.23921568627451,0.203921568627451","0.450980392156863,0.247058823529412,0.215686274509804",Color/Palettes/Process/PANTONE/PANTONE+/PantonePlusColorBridgeCoated.xml,2026-02-11 17:29:00
PANTONE 7595 CP,185,1700,true,18.0,72.0,74.0,55.0,"0.18,0.72,0.74,0.55","0.3312,0.589294117647059,0.566039215686275",112,64,53,#704035,"0.43921568627451,0.250980392156863,0.207843137254902","0.396078431372549,0.258823529411765,0.219607843137255",Color/Palettes/Process/PANTONE/PANTONE+/PantonePlusColorBridgeCoated.xml,2026-02-11 17:29:00
PANTONE 7596 CP,186,1700,true,30.0,67.0,70.0,59.0,"0.3,0.67,0.7,0.59","0.3123,0.563529411764706,0.553019607843137",98,64,53,#624035,"0.384313725490196,0.250980392156863,0.207843137254902","0.352941176470588,0.258823529411765,0.223529411764706",Color/Palettes/Process/PANTONE/PANTONE+/PantonePlusColorBridgeCoated.xml,2026-02-11 17:29:00
PANTONE 7597 CP,187,1700,true,0.0,85.0,95.0,2.0,"0.0,0.85,0.95,0.02","0.5224,0.72843137254902,0.672588235294118",212,72,53,#D44835,"0.831372549019608,0.282352941176471,0.207843137254902","0.72156862745098,0.290196078431373,0.223529411764706",Color/Palettes/Process/PANTONE/PANTONE+/PantonePlusColorBridgeCoated.xml,2026-02-11 17:29:00
PANTONE 7598 CP,188,1700,true,1.0,80.0,88.0,14.0,"0.01,0.8,0.88,0.14","0.5004,0.688901960784314,0.64643137254902",193,80,59,#C1503B,"0.756862745098039,0.313725490196078,0.231372549019608","0.658823529411765,0.317647058823529,0.243137254901961",Color/Palettes/Process/PANTONE/PANTONE+/PantonePlusColorBridgeCoated.xml,2026-02-11 17:29:00
PANTONE 7599 CP,189,1700,true,1.0,85.0,92.0,19.0,"0.01,0.85,0.92,0.19","0.4715,0.689294117647059,0.64278431372549",184,72,54,#B84836,"0.72156862745098,0.282352941176471,0.211764705882353","0.627450980392157,0.290196078431373,0.227450980392157",Color/Palettes/Process/PANTONE/PANTONE+/PantonePlusColorBridgeCoated.xml,2026-02-11 17:29:00
PANTONE 7600 CP,190,1700,true,5.0,78.0,82.0,41.0,"0.05,0.78,0.82,0.41","0.4012,0.63878431372549,0.601411764705882",147,69,55,#934537,"0.576470588235294,0.270588235294118,0.215686274509804","0.509803921568627,0.27843137254902,0.227450980392157",Color/Palettes/Process/PANTONE/PANTONE+/PantonePlusColorBridgeCoated.xml,2026-02-11 17:29:00
PANTONE 7601 CP,191,1700,true,8.0,73.0,80.0,46.0,"0.08,0.73,0.8,0.46","0.3909,0.616941176470588,0.593647058823529",137,72,55,#894837,"0.537254901960784,0.282352941176471,0.215686274509804","0.47843137254902,0.286274509803922,0.231372549019608",Color/Palettes/Process/PANTONE/PANTONE+/PantonePlusColorBridgeCoated.xml,2026-02-11 17:29:00
PANTONE 7602 CP,192,1700,true,15.0,64.0,76.0,47.0,"0.15,0.64,0.76,0.47","0.3973,0.582117647058824,0.583647058823529",128,81,60,#80513C,"0.501960784313725,0.317647058823529,0.235294117647059","0.454901960784314,0.32156862745098,0.247058823529412",Color/Palettes/Process/PANTONE/PANTONE+/PantonePlusColorBridgeCoated.xml,2026-02-11 17:29:00
PANTONE 7603 CP,193,1700,true,24.0,64.0,74.0,55.0,"0.24,0.64,0.74,0.55","0.3539,0.566509803921569,0.562470588235294",110,73,59,#6E493B,"0.431372549019608,0.286274509803922,0.231372549019608","0.396078431372549,0.294117647058824,0.243137254901961",Color/Palettes/Process/PANTONE/PANTONE+/PantonePlusColorBridgeCoated.xml,2026-02-11 17:29:00
PANTONE 7604 CP,194,1700,true,4.0,12.0,5.0,0.0,"0.04,0.12,0.05,0.0","0.8642,0.525411764705882,0.528352941176471",230,212,203,#E6D4CB,"0.901960784313726,0.831372549019608,0.796078431372549","0.87843137254902,0.827450980392157,0.792156862745098",Color/Palettes/Process/PANTONE/PANTONE+/PantonePlusColorBridgeCoated.xml,2026-02-11 17:29:00
PANTONE 7605 CP,195,1700,true,4.0,26.0,16.0,0.0,"0.04,0.26,0.16,0.0","0.7877,0.563725490196078,0.549294117647059",227,185,173,#E3B9AD,"0.890196078431372,0.725490196078431,0.67843137254902","0.843137254901961,0.717647058823529,0.674509803921569",Color/Palettes/Process/PANTONE/PANTONE+/PantonePlusColorBridgeCoated.xml,2026-02-11 17:29:00
PANTONE 7606 CP,196,1700,true,5.0,46.0,31.0,2.0,"0.05,0.46,0.31,0.02","0.6723,0.610549019607843,0.56756862745098",213,145,135,#D59187,"0.835294117647059,0.568627450980392,0.529411764705882","0.764705882352941,0.56078431372549,0.525490196078431",Color/Palettes/Process/PANTONE/PANTONE+/PantonePlusColorBridgeCoated.xml,2026-02-11 17:29:00
PANTONE 7607 CP,197,1700,true,5.0,62.0,49.0,11.0,"0.05,0.62,0.49,0.11","0.5728,0.639333333333333,0.590745098039216",196,112,100,#C47064,"0.768627450980392,0.43921568627451,0.392156862745098","0.686274509803922,0.43921568627451,0.392156862745098",Color/Palettes/Process/PANTONE/PANTONE+/PantonePlusColorBridgeCoated.xml,2026-02-11 17:29:00
PANTONE 7608 CP,198,1700,true,5.0,77.0,68.0,26.0,"0.05,0.77,0.68,0.26","0.4408,0.65878431372549,0.594862745098039",164,74,67,#A44A43,"0.643137254901961,0.290196078431373,0.262745098039216","0.564705882352941,0.294117647058824,0.270588235294118",Color/Palettes/Process/PANTONE/PANTONE+/PantonePlusColorBridgeCoated.xml,2026-02-11 17:29:00
PANTONE 7609 CP,199,1700,true,9.0,81.0,68.0,44.0,"0.09,0.81,0.68,0.44","0.3466,0.630666666666667,0.571176470588235",128,58,55,#803A37,"0.501960784313725,0.227450980392157,0.215686274509804","0.443137254901961,0.235294117647059,0.227450980392157",Color/Palettes/Process/PANTONE/PANTONE+/PantonePlusColorBridgeCoated.xml,2026-02-11 17:29:00
PANTONE 7610 CP,200,1700,true,18.0,81.0,64.0,56.0,"0.18,0.81,0.64,0.56","0.2882,0.599372549019608,0.544588235294118",102,52,52,#663434,"0.4,0.203921568627451,0.203921568627451","0.36078431372549,0.215686274509804,0.215686274509804",Color/Palettes/Process/PANTONE/PANTONE+/PantonePlusColorBridgeCoated.xml,2026-02-11 17:29:00
PANTONE 7611 CP,201,1700,true,7.0,24.0,20.0,0.0,"0.07,0.24,0.2,0.0","0.7757,0.552588235294118,0.555647058823529",219,183,167,#DBB7A7,"0.858823529411765,0.717647058823529,0.654901960784314","0.819607843137255,0.713725490196078,0.650980392156863",Color/Palettes/Process/PANTONE/PANTONE+/PantonePlusColorBridgeCoated.xml,2026-02-11 17:29:00
PANTONE 7612 CP,202,1700,true,12.0,38.0,32.0,4.0,"0.12,0.38,0.32,0.04","0.6675,0.579333333333333,0.558980392156863",199,149,137,#C79589,"0.780392156862745,0.584313725490196,0.537254901960784","0.725490196078431,0.580392156862745,0.533333333333333",Color/Palettes/Process/PANTONE/PANTONE+/PantonePlusColorBridgeCoated.xml,2026-02-11 17:29:00
PANTONE 7613 CP,203,1700,true,15.0,44.0,37.0,8.0,"0.15,0.44,0.37,0.08","0.6092,0.580666666666667,0.559490196078431",183,134,122,#B7867A,"0.717647058823529,0.525490196078431,0.47843137254902","0.666666666666667,0.52156862745098,0.474509803921569",Color/Palettes/Process/PANTONE/PANTONE+/PantonePlusColorBridgeCoated.xml,2026-02-11 17:29:00
PANTONE 7614 CP,204,1700,true,24.0,44.0,41.0,14.0,"0.24,0.44,0.41,0.14","0.5608,0.560745098039216,0.551098039215686",162,125,113,#A27D71,"0.635294117647059,0.490196078431373,0.443137254901961","0.592156862745098,0.486274509803922,0.443137254901961",Color/Palettes/Process/PANTONE/PANTONE+/PantonePlusColorBridgeCoated.xml,2026-02-11 17:29:00
PANTONE 7615 CP,205,1700,true,33.0,51.0,46.0,24.0,"0.33,0.51,0.46,0.24","0.469,0.553254901960784,0.54043137254902",134,104,95,#86685F,"0.525490196078431,0.407843137254902,0.372549019607843","0.490196078431373,0.403921568627451,0.372549019607843",Color/Palettes/Process/PANTONE/PANTONE+/PantonePlusColorBridgeCoated.xml,2026-02-11 17:29:00
PANTONE 7616 CP,206,1700,true,39.0,62.0,51.0,40.0,"0.39,0.62,0.51,0.4","0.3681,0.554156862745098,0.531882352941176",108,79,75,#6C4F4B,"0.423529411764706,0.309803921568627,0.294117647058824","0.392156862745098,0.313725490196078,0.298039215686275",Color/Palettes/Process/PANTONE/PANTONE+/PantonePlusColorBridgeCoated.xml,2026-02-11 17:29:00
PANTONE 7617 CP,207,1700,true,43.0,68.0,54.0,53.0,"0.43,0.68,0.54,0.53","0.3033,0.54878431372549,0.526352941176471",89,65,62,#59413E,"0.349019607843137,0.254901960784314,0.243137254901961","0.329411764705882,0.262745098039216,0.250980392156863",Color/Palettes/Process/PANTONE/PANTONE+/PantonePlusColorBridgeCoated.xml,2026-02-11 17:29:00
PANTONE 7520 CP,208,1700,true,1.0,25.0,19.0,0.0,"0.01,0.25,0.19,0.0","0.7877,0.569490196078431,0.576941176470588",232,183,160,#E8B7A0,"0.909803921568627,0.717647058823529,0.627450980392157","0.854901960784314,0.713725490196078,0.627450980392157",Color/Palettes/Process/PANTONE/PANTONE+/PantonePlusColorBridgeCoated.xml,2026-02-11 17:29:00
PANTONE 7521 CP,209,1700,true,15.0,34.0,40.0,5.0,"0.15,0.34,0.4,0.05","0.6598,0.55556862745098,0.593607843137255",191,151,118,#BF9776,"0.749019607843137,0.592156862745098,0.462745098039216","0.701960784313725,0.588235294117647,0.466666666666667",Color/Palettes/Process/PANTONE/PANTONE+/PantonePlusColorBridgeCoated.xml,2026-02-11 17:29:00
PANTONE 7522 CP,210,1700,true,8.0,60.0,57.0,17.0,"0.08,0.6,0.57,0.17","0.5289,0.624313725490196,0.616588235294118",179,104,77,#B3684D,"0.701960784313725,0.407843137254902,0.301960784313725","0.631372549019608,0.407843137254902,0.313725490196078",Color/Palettes/Process/PANTONE/PANTONE+/PantonePlusColorBridgeCoated.xml,2026-02-11 17:29:00
PANTONE 7523 CP,211,1700,true,11.0,66.0,49.0,20.0,"0.11,0.66,0.49,0.2","0.4847,0.633686274509804,0.597450980392157",169,91,76,#A95B4C,"0.662745098039216,0.356862745098039,0.298039215686275","0.588235294117647,0.356862745098039,0.305882352941176",Color/Palettes/Process/PANTONE/PANTONE+/PantonePlusColorBridgeCoated.xml,2026-02-11 17:29:00
PANTONE 7524 CP,212,1700,true,9.0,71.0,59.0,26.0,"0.09,0.71,0.59,0.26","0.4525,0.645254901960784,0.612980392156863",164,80,62,#A4503E,"0.643137254901961,0.313725490196078,0.243137254901961","0.568627450980392,0.317647058823529,0.254901960784314",Color/Palettes/Process/PANTONE/PANTONE+/PantonePlusColorBridgeCoated.xml,2026-02-11 17:29:00
PANTONE 7525 CP,213,1700,true,17.0,53.0,59.0,25.0,"0.17,0.53,0.59,0.25","0.4986,0.586392156862745,0.611333333333333",158,104,72,#9E6848,"0.619607843137255,0.407843137254902,0.282352941176471","0.564705882352941,0.407843137254902,0.294117647058824",Color/Palettes/Process/PANTONE/PANTONE+/PantonePlusColorBridgeCoated.xml,2026-02-11 17:29:00
PANTONE 7526 CP,214,1700,true,0.0,79.0,100.0,44.0,"0.0,0.79,1.0,0.44","0.3791,0.652313725490196,0.650941176470588",146,59,28,#923B1C,"0.572549019607843,0.231372549019608,0.109803921568627","0.501960784313725,0.243137254901961,0.137254901960784",Color/Palettes/Process/PANTONE/PANTONE+/PantonePlusColorBridgeCoated.xml,2026-02-11 17:29:00
PANTONE 489 CP,215,1700,true,0.0,22.0,20.0,0.0,"0.0,0.22,0.2,0.0","0.8243,0.555843137254902,0.568588235294118",236,196,174,#ECC4AE,"0.925490196078431,0.768627450980392,0.682352941176471","0.882352941176471,0.76078431372549,0.67843137254902",Color/Palettes/Process/PANTONE/PANTONE+/PantonePlusColorBridgeCoated.xml,2026-02-11 17:29:00
PANTONE 488 CP,216,1700,true,0.0,28.0,23.0,0.0,"0.0,0.28,0.23,0.0","0.7875,0.572313725490196,0.569764705882353",232,183,163,#E8B7A3,"0.909803921568627,0.717647058823529,0.63921568627451","0.854901960784314,0.709803921568627,0.63921568627451",Color/Palettes/Process/PANTONE/PANTONE+/PantonePlusColorBridgeCoated.xml,2026-02-11 17:29:00
PANTONE 487 CP,217,1700,true,0.0,37.0,31.0,0.0,"0.0,0.37,0.31,0.0","0.7449,0.596705882352941,0.582705882352941",230,167,146,#E6A792,"0.901960784313726,0.654901960784314,0.572549019607843","0.835294117647059,0.647058823529412,0.572549019607843",Color/Palettes/Process/PANTONE/PANTONE+/PantonePlusColorBridgeCoated.xml,2026-02-11 17:29:00
PANTONE 486 CP,218,1700,true,0.0,50.0,42.0,0.0,"0.0,0.5,0.42,0.0","0.6948,0.625529411764706,0.607019607843137",228,147,123,#E4937B,"0.894117647058824,0.576470588235294,0.482352941176471","0.815686274509804,0.572549019607843,0.482352941176471",Color/Palettes/Process/PANTONE/PANTONE+/PantonePlusColorBridgeCoated.xml,2026-02-11 17:29:00
PANTONE 485 CP,219,1700,true,0.0,95.0,100.0,0.0,"0.0,0.95,1.0,0.0","0.5225,0.756588235294118,0.703529411764706",221,60,39,#DD3C27,"0.866666666666667,0.235294117647059,0.152941176470588","0.749019607843137,0.243137254901961,0.172549019607843",Color/Palettes/Process/PANTONE/PANTONE+/PantonePlusColorBridgeCoated.xml,2026-02-11 17:29:00
PANTONE 484 CP,220,1700,true,1.0,90.0,92.0,33.0,"0.01,0.9,0.92,0.33","0.4059,0.666470588235294,0.629333333333333",158,62,45,#9E3E2D,"0.619607843137255,0.243137254901961,0.176470588235294","0.537254901960784,0.250980392156863,0.192156862745098",Color/Palettes/Process/PANTONE/PANTONE+/PantonePlusColorBridgeCoated.xml,2026-02-11 17:29:00
PANTONE 483 CP,221,1700,true,10.0,82.0,81.0,63.0,"0.1,0.82,0.81,0.63","0.3013,0.592352941176471,0.573450980392157",105,56,43,#69382B,"0.411764705882353,0.219607843137255,0.168627450980392","0.372549019607843,0.231372549019608,0.188235294117647",Color/Palettes/Process/PANTONE/PANTONE+/PantonePlusColorBridgeCoated.xml,2026-02-11 17:29:00
PANTONE 176 CP,222,1700,true,0.0,34.0,9.0,0.0,"0.0,0.34,0.09,0.0","0.7632,0.597725490196078,0.539607843137255",232,172,172,#E8ACAC,"0.909803921568627,0.674509803921569,0.674509803921569","0.847058823529412,0.666666666666667,0.666666666666667",Color/Palettes/Process/PANTONE/PANTONE+/PantonePlusColorBridgeCoated.xml,2026-02-11 17:29:00
PANTONE 177 CP,223,1700,true,0.0,58.0,29.0,0.0,"0.0,0.58,0.29,0.0","0.6502,0.662980392156863,0.596666666666667",227,127,117,#E37F75,"0.890196078431372,0.498039215686275,0.458823529411765","0.796078431372549,0.494117647058824,0.458823529411765",Color/Palettes/Process/PANTONE/PANTONE+/PantonePlusColorBridgeCoated.xml,2026-02-11 17:29:00
PANTONE 178 CP,224,1700,true,0.0,75.0,57.0,0.0,"0.0,0.75,0.57,0.0","0.5807,0.708666666666667,0.649529411764706",223,95,77,#DF5F4D,"0.874509803921569,0.372549019607843,0.301960784313725","0.768627450980392,0.376470588235294,0.309803921568627",Color/Palettes/Process/PANTONE/PANTONE+/PantonePlusColorBridgeCoated.xml,2026-02-11 17:29:00
PANTONE Warm Red CP,225,1700,true,0.0,83.0,81.0,0.0,"0.0,0.83,0.81,0.0","0.5345,0.742588235294118,0.685019607843137",220,70,51,#DC4633,"0.862745098039216,0.274509803921569,0.2","0.749019607843137,0.282352941176471,0.215686274509804",Color/Palettes/Process/PANTONE/PANTONE+/PantonePlusColorBridgeCoated.xml,2026-02-11 17:29:00
PANTONE 179 CP,226,1700,true,0.0,88.0,85.0,0.0,"0.0,0.88,0.85,0.0","0.5218,0.75443137254902,0.683607843137255",220,61,49,#DC3D31,"0.862745098039216,0.23921568627451,0.192156862745098","0.745098039215686,0.247058823529412,0.207843137254902",Color/Palettes/Process/PANTONE/PANTONE+/PantonePlusColorBridgeCoated.xml,2026-02-11 17:29:00
PANTONE 180 CP,227,1700,true,1.0,87.0,77.0,13.0,"0.01,0.87,0.77,0.13","0.4735,0.714666666666667,0.649921568627451",192,64,52,#C04034,"0.752941176470588,0.250980392156863,0.203921568627451","0.654901960784314,0.258823529411765,0.219607843137255",Color/Palettes/Process/PANTONE/PANTONE+/PantonePlusColorBridgeCoated.xml,2026-02-11 17:29:00
PANTONE 181 CP,228,1700,true,6.0,87.0,71.0,47.0,"0.06,0.87,0.71,0.47","0.3512,0.644823529411765,0.598666666666667",135,55,45,#87372D,"0.529411764705882,0.215686274509804,0.176470588235294","0.462745098039216,0.227450980392157,0.192156862745098",Color/Palettes/Process/PANTONE/PANTONE+/PantonePlusColorBridgeCoated.xml,2026-02-11 17:29:00
PANTONE 1765 CP,229,1700,true,0.0,42.0,9.0,0.0,"0.0,0.42,0.09,0.0","0.7489,0.606980392156863,0.540156862745098",231,166,168,#E7A6A8,"0.905882352941176,0.650980392156863,0.658823529411765","0.83921568627451,0.643137254901961,0.650980392156863",Color/Palettes/Process/PANTONE/PANTONE+/PantonePlusColorBridgeCoated.xml,2026-02-11 17:29:00
PANTONE 1775 CP,230,1700,true,0.0,53.0,15.0,0.0,"0.0,0.53,0.15,0.0","0.6904,0.643098039215686,0.548823529411765",228,143,149,#E48F95,"0.894117647058824,0.56078431372549,0.584313725490196","0.811764705882353,0.552941176470588,0.576470588235294",Color/Palettes/Process/PANTONE/PANTONE+/PantonePlusColorBridgeCoated.xml,2026-02-11 17:29:00
PANTONE 1785 CP,231,1700,true,0.0,82.0,51.0,0.0,"0.0,0.82,0.51,0.0","0.5596,0.729450980392157,0.613333333333333",221,83,89,#DD5359,"0.866666666666667,0.325490196078431,0.349019607843137","0.756862745098039,0.329411764705882,0.349019607843137",Color/Palettes/Process/PANTONE/PANTONE+/PantonePlusColorBridgeCoated.xml,2026-02-11 17:29:00
PANTONE 1788 CP,232,1700,true,0.0,93.0,82.0,0.0,"0.0,0.93,0.82,0.0","0.5049,0.76956862745098,0.666274509803922",218,46,54,#DA2E36,"0.854901960784314,0.180392156862745,0.211764705882353","0.737254901960784,0.196078431372549,0.223529411764706",Color/Palettes/Process/PANTONE/PANTONE+/PantonePlusColorBridgeCoated.xml,2026-02-11 17:29:00
PANTONE 1795 CP,233,1700,true,0.0,96.0,82.0,1.0,"0.0,0.96,0.82,0.01","0.4847,0.767921568627451,0.671607843137255",212,40,47,#D4282F,"0.831372549019608,0.156862745098039,0.184313725490196","0.713725490196078,0.172549019607843,0.196078431372549",Color/Palettes/Process/PANTONE/PANTONE+/PantonePlusColorBridgeCoated.xml,2026-02-11 17:29:00
PANTONE 1805 CP,234,1700,true,0.0,97.0,78.0,22.0,"0.0,0.97,0.78,0.22","0.4175,0.723803921568627,0.645019607843137",178,43,42,#B22B2A,"0.698039215686274,0.168627450980392,0.164705882352941","0.6,0.184313725490196,0.180392156862745",Color/Palettes/Process/PANTONE/PANTONE+/PantonePlusColorBridgeCoated.xml,2026-02-11 17:29:00
PANTONE 1815 CP,235,1700,true,2.0,97.0,72.0,52.0,"0.02,0.97,0.72,0.52","0.3261,0.661607843137255,0.605098039215686",133,43,38,#852B26,"0.52156862745098,0.168627450980392,0.149019607843137","0.450980392156863,0.184313725490196,0.164705882352941",Color/Palettes/Process/PANTONE/PANTONE+/PantonePlusColorBridgeCoated.xml,2026-02-11 17:29:00
PANTONE 1767 CP,236,1700,true,0.0,36.0,5.0,0.0,"0.0,0.36,0.05,0.0","0.7606,0.604039215686274,0.518274509803922",231,170,181,#E7AAB5,"0.905882352941176,0.666666666666667,0.709803921568627","0.843137254901961,0.658823529411765,0.701960784313725",Color/Palettes/Process/PANTONE/PANTONE+/PantonePlusColorBridgeCoated.xml,2026-02-11 17:29:00
PANTONE 1777 CP,237,1700,true,0.0,72.0,30.0,0.0,"0.0,0.72,0.3,0.0","0.6043,0.700470588235294,0.564705882352941",223,105,121,#DF6979,"0.874509803921569,0.411764705882353,0.474509803921569","0.772549019607843,0.411764705882353,0.466666666666667",Color/Palettes/Process/PANTONE/PANTONE+/PantonePlusColorBridgeCoated.xml,2026-02-11 17:29:00
PANTONE 1787 CP,238,1700,true,0.0,89.0,66.0,0.0,"0.0,0.89,0.66,0.0","0.5372,0.748235294117647,0.623764705882353",221,69,79,#DD454F,"0.866666666666667,0.270588235294118,0.309803921568627","0.749019607843137,0.274509803921569,0.313725490196078",Color/Palettes/Process/PANTONE/PANTONE+/PantonePlusColorBridgeCoated.xml,2026-02-11 17:29:00
PANTONE Red 032 CP,239,1700,true,0.0,90.0,76.0,0.0,"0.0,0.9,0.76,0.0","0.5249,0.756980392156863,0.638666666666667",220,61,70,#DC3D46,"0.862745098039216,0.23921568627451,0.274509803921569","0.745098039215686,0.247058823529412,0.282352941176471",Color/Palettes/Process/PANTONE/PANTONE+/PantonePlusColorBridgeCoated.xml,2026-02-11 17:29:00
PANTONE 1797 CP,240,1700,true,0.0,92.0,72.0,6.0,"0.0,0.92,0.72,0.06","0.4946,0.739960784313725,0.626862745098039",205,59,68,#CD3B44,"0.803921568627451,0.231372549019608,0.266666666666667","0.694117647058824,0.243137254901961,0.270588235294118",Color/Palettes/Process/PANTONE/PANTONE+/PantonePlusColorBridgeCoated.xml,2026-02-11 17:29:00
PANTONE 1807 CP,241,1700,true,3.0,90.0,65.0,28.0,"0.03,0.9,0.65,0.28","0.4206,0.692470588235294,0.592196078431373",168,58,65,#A83A41,"0.658823529411765,0.227450980392157,0.254901960784314","0.572549019607843,0.235294117647059,0.258823529411765",Color/Palettes/Process/PANTONE/PANTONE+/PantonePlusColorBridgeCoated.xml,2026-02-11 17:29:00
PANTONE 1817 CP,242,1700,true,23.0,80.0,58.0,57.0,"0.23,0.8,0.58,0.57","0.3081,0.601019607843137,0.539882352941176",108,56,58,#6C383A,"0.423529411764706,0.219607843137255,0.227450980392157","0.376470588235294,0.231372549019608,0.23921568627451",Color/Palettes/Process/PANTONE/PANTONE+/PantonePlusColorBridgeCoated.xml,2026-02-11 17:29:00
PANTONE 7618 CP,243,1700,true,3.0,61.0,65.0,11.0,"0.03,0.61,0.65,0.11","0.5648,0.641176470588235,0.644078431372549",197,109,74,#C56D4A,"0.772549019607843,0.427450980392157,0.290196078431373","0.690196078431373,0.427450980392157,0.301960784313725",Color/Palettes/Process/PANTONE/PANTONE+/PantonePlusColorBridgeCoated.xml,2026-02-11 17:29:00
PANTONE 7619 CP,244,1700,true,1.0,80.0,79.0,12.0,"0.01,0.8,0.79,0.12","0.4967,0.69443137254902,0.660470588235294",193,77,52,#C14D34,"0.756862745098039,0.301960784313725,0.203921568627451","0.662745098039216,0.305882352941176,0.219607843137255",Color/Palettes/Process/PANTONE/PANTONE+/PantonePlusColorBridgeCoated.xml,2026-02-11 17:29:00
PANTONE 7620 CP,245,1700,true,0.0,94.0,86.0,16.0,"0.0,0.94,0.86,0.16","0.4382,0.730392156862745,0.658352941176471",186,46,41,#BA2E29,"0.729411764705882,0.180392156862745,0.16078431372549","0.627450980392157,0.192156862745098,0.176470588235294",Color/Palettes/Process/PANTONE/PANTONE+/PantonePlusColorBridgeCoated.xml,2026-02-11 17:29:00
PANTONE 7621 CP,246,1700,true,0.0,100.0,87.0,22.0,"0.0,1.0,0.87,0.22","0.402,0.736901960784314,0.656235294117647",177,29,35,#B11D23,"0.694117647058824,0.113725490196078,0.137254901960784","0.592156862745098,0.133333333333333,0.152941176470588",Color/Palettes/Process/PANTONE/PANTONE+/PantonePlusColorBridgeCoated.xml,2026-02-11 17:29:00
PANTONE 7622 CP,247,1700,true,0.0,98.0,77.0,37.0,"0.0,0.98,0.77,0.37","0.3588,0.703176470588235,0.631843137254902",154,35,35,#9A2323,"0.603921568627451,0.137254901960784,0.137254901960784","0.517647058823529,0.152941176470588,0.156862745098039",Color/Palettes/Process/PANTONE/PANTONE+/PantonePlusColorBridgeCoated.xml,2026-02-11 17:29:00
PANTONE 7623 CP,248,1700,true,0.0,96.0,77.0,42.0,"0.0,0.96,0.77,0.42","0.3496,0.683647058823529,0.631098039215686",146,41,32,#922920,"0.572549019607843,0.16078431372549,0.125490196078431","0.494117647058824,0.176470588235294,0.149019607843137",Color/Palettes/Process/PANTONE/PANTONE+/PantonePlusColorBridgeCoated.xml,2026-02-11 17:29:00
PANTONE 7624 CP,249,1700,true,4.0,91.0,74.0,48.0,"0.04,0.91,0.74,0.48","0.3418,0.657843137254902,0.617450980392157",137,48,36,#893024,"0.537254901960784,0.188235294117647,0.141176470588235","0.466666666666667,0.203921568627451,0.16078431372549",Color/Palettes/Process/PANTONE/PANTONE+/PantonePlusColorBridgeCoated.xml,2026-02-11 17:29:00
PANTONE 7625 CP,250,1700,true,0.0,80.0,78.0,0.0,"0.0,0.8,0.78,0.0","0.5807,0.710274509803922,0.650274509803922",223,95,77,#DF5F4D,"0.874509803921569,0.372549019607843,0.301960784313725","0.768627450980392,0.372549019607843,0.309803921568627",Color/Palettes/Process/PANTONE/PANTONE+/PantonePlusColorBridgeCoated.xml,2026-02-11 17:29:00
PANTONE 7626 CP,251,1700,true,0.0,90.0,92.0,8.0,"0.0,0.9,0.92,0.08","0.4952,0.717764705882353,0.649137254901961",200,69,57,#C84539,"0.784313725490196,0.270588235294118,0.223529411764706","0.67843137254902,0.274509803921569,0.235294117647059",Color/Palettes/Process/PANTONE/PANTONE+/PantonePlusColorBridgeCoated.xml,2026-02-11 17:29:00
PANTONE 7627 CP,252,1700,true,0.0,95.0,84.0,26.0,"0.0,0.95,0.84,0.26","0.4109,0.696156862745098,0.605647058823529",167,53,57,#A73539,"0.654901960784314,0.207843137254902,0.223529411764706","0.564705882352941,0.219607843137255,0.231372549019608",Color/Palettes/Process/PANTONE/PANTONE+/PantonePlusColorBridgeCoated.xml,2026-02-11 17:29:00
PANTONE 7628 CP,253,1700,true,0.0,96.0,81.0,32.0,"0.0,0.96,0.81,0.32","0.3899,0.689921568627451,0.595764705882353",159,50,56,#9F3238,"0.623529411764706,0.196078431372549,0.219607843137255","0.537254901960784,0.207843137254902,0.231372549019608",Color/Palettes/Process/PANTONE/PANTONE+/PantonePlusColorBridgeCoated.xml,2026-02-11 17:29:00
PANTONE 7629 CP,254,1700,true,16.0,83.0,63.0,56.0,"0.16,0.83,0.63,0.56","0.3123,0.605411764705882,0.546274509803922",111,56,57,#6F3839,"0.435294117647059,0.219607843137255,0.223529411764706","0.388235294117647,0.231372549019608,0.235294117647059",Color/Palettes/Process/PANTONE/PANTONE+/PantonePlusColorBridgeCoated.xml,2026-02-11 17:29:00
PANTONE 7630 CP,255,1700,true,21.0,81.0,63.0,60.0,"0.21,0.81,0.63,0.6","0.3008,0.590941176470588,0.542509803921569",103,56,56,#673838,"0.403921568627451,0.219607843137255,0.219607843137255","0.364705882352941,0.231372549019608,0.227450980392157",Color/Palettes/Process/PANTONE/PANTONE+/PantonePlusColorBridgeCoated.xml,2026-02-11 17:29:00
PANTONE 7631 CP,256,1700,true,25.0,83.0,62.0,67.0,"0.25,0.83,0.62,0.67","0.2726,0.580588235294118,0.54043137254902",93,52,50,#5D3432,"0.364705882352941,0.203921568627451,0.196078431372549","0.329411764705882,0.215686274509804,0.207843137254902",Color/Palettes/Process/PANTONE/PANTONE+/PantonePlusColorBridgeCoated.xml,2026-02-11 17:29:00
PANTONE 7415 CP,257,1700,true,1.0,27.0,24.0,0.0,"0.01,0.27,0.24,0.0","0.7877,0.569137254901961,0.573490196078431",231,183,162,#E7B7A2,"0.905882352941176,0.717647058823529,0.635294117647059","0.854901960784314,0.713725490196078,0.631372549019608",Color/Palettes/Process/PANTONE/PANTONE+/PantonePlusColorBridgeCoated.xml,2026-02-11 17:29:00
PANTONE 7416 CP,258,1700,true,0.0,69.0,65.0,0.0,"0.0,0.69,0.65,0.0","0.62,0.680941176470588,0.622901960784314",225,114,98,#E17262,"0.882352941176471,0.447058823529412,0.384313725490196","0.784313725490196,0.443137254901961,0.388235294117647",Color/Palettes/Process/PANTONE/PANTONE+/PantonePlusColorBridgeCoated.xml,2026-02-11 17:29:00
PANTONE 7417 CP,259,1700,true,0.0,82.0,82.0,0.0,"0.0,0.82,0.82,0.0","0.5656,0.722392156862745,0.636549019607843",222,87,80,#DE5750,"0.870588235294118,0.341176470588235,0.313725490196078","0.76078431372549,0.341176470588235,0.317647058823529",Color/Palettes/Process/PANTONE/PANTONE+/PantonePlusColorBridgeCoated.xml,2026-02-11 17:29:00
PANTONE 7418 CP,260,1700,true,2.0,76.0,47.0,6.0,"0.02,0.76,0.47,0.06","0.5532,0.695372549019608,0.58043137254902",207,93,101,#CF5D65,"0.811764705882353,0.364705882352941,0.396078431372549","0.713725490196078,0.364705882352941,0.392156862745098",Color/Palettes/Process/PANTONE/PANTONE+/PantonePlusColorBridgeCoated.xml,2026-02-11 17:29:00
PANTONE 7419 CP,261,1700,true,9.0,77.0,40.0,18.0,"0.09,0.77,0.4,0.18","0.4744,0.671529411764706,0.546",175,79,96,#AF4F60,"0.686274509803922,0.309803921568627,0.376470588235294","0.603921568627451,0.313725490196078,0.372549019607843",Color/Palettes/Process/PANTONE/PANTONE+/PantonePlusColorBridgeCoated.xml,2026-02-11 17:29:00
PANTONE 7420 CP,262,1700,true,1.0,100.0,43.0,33.0,"0.01,1.0,0.43,0.33","0.3908,0.703176470588235,0.546196078431373",161,45,77,#A12D4D,"0.631372549019608,0.176470588235294,0.301960784313725","0.541176470588235,0.192156862745098,0.301960784313725",Color/Palettes/Process/PANTONE/PANTONE+/PantonePlusColorBridgeCoated.xml,2026-02-11 17:29:00
PANTONE 7421 CP,263,1700,true,7.0,100.0,35.0,64.0,"0.07,1.0,0.35,0.64","0.2672,0.652901960784314,0.518117647058824",111,31,59,#6F1F3B,"0.435294117647059,0.12156862745098,0.231372549019608","0.376470588235294,0.145098039215686,0.235294117647059",Color/Palettes/Process/PANTONE/PANTONE+/PantonePlusColorBridgeCoated.xml,2026-02-11 17:29:00
PANTONE 182 CP,264,1700,true,0.0,30.0,0.0,0.0,"0.0,0.3,0.0,0.0","0.7923,0.587725490196078,0.505176470588235",233,182,196,#E9B6C4,"0.913725490196078,0.713725490196078,0.768627450980392","0.858823529411765,0.705882352941177,0.76078431372549",Color/Palettes/Process/PANTONE/PANTONE+/PantonePlusColorBridgeCoated.xml,2026-02-11 17:29:00
PANTONE 183 CP,265,1700,true,0.0,46.0,6.0,0.0,"0.0,0.46,0.06,0.0","0.7218,0.629137254901961,0.515686274509804",229,154,172,#E59AAC,"0.898039215686275,0.603921568627451,0.674509803921569","0.823529411764706,0.6,0.666666666666667",Color/Palettes/Process/PANTONE/PANTONE+/PantonePlusColorBridgeCoated.xml,2026-02-11 17:29:00
PANTONE 184 CP,266,1700,true,0.0,79.0,31.0,0.0,"0.0,0.79,0.31,0.0","0.5884,0.715882352941177,0.555686274509804",223,96,121,#DF6079,"0.874509803921569,0.376470588235294,0.474509803921569","0.768627450980392,0.376470588235294,0.466666666666667",Color/Palettes/Process/PANTONE/PANTONE+/PantonePlusColorBridgeCoated.xml,2026-02-11 17:29:00
PANTONE 185 CP,267,1700,true,0.0,100.0,89.0,0.0,"0.0,1.0,0.89,0.0","0.5049,0.774980392156863,0.632627450980392",219,43,69,#DB2B45,"0.858823529411765,0.168627450980392,0.270588235294118","0.737254901960784,0.184313725490196,0.274509803921569",Color/Palettes/Process/PANTONE/PANTONE+/PantonePlusColorBridgeCoated.xml,2026-02-11 17:29:00
PANTONE 186 CP,268,1700,true,0.0,100.0,80.0,5.0,"0.0,1.0,0.8,0.05","0.471,0.762745098039216,0.609803921568628",204,38,71,#CC2647,"0.8,0.149019607843137,0.27843137254902","0.686274509803922,0.168627450980392,0.27843137254902",Color/Palettes/Process/PANTONE/PANTONE+/PantonePlusColorBridgeCoated.xml,2026-02-11 17:29:00
PANTONE 187 CP,269,1700,true,0.0,100.0,74.0,26.0,"0.0,1.0,0.74,0.26","0.3916,0.722156862745098,0.585058823529412",168,35,62,#A8233E,"0.658823529411765,0.137254901960784,0.243137254901961","0.564705882352941,0.156862745098039,0.247058823529412",Color/Palettes/Process/PANTONE/PANTONE+/PantonePlusColorBridgeCoated.xml,2026-02-11 17:29:00
PANTONE 188 CP,270,1700,true,5.0,96.0,56.0,54.0,"0.05,0.96,0.56,0.54","0.2948,0.648627450980392,0.538117647058823",118,40,57,#762839,"0.462745098039216,0.156862745098039,0.223529411764706","0.403921568627451,0.172549019607843,0.231372549019608",Color/Palettes/Process/PANTONE/PANTONE+/PantonePlusColorBridgeCoated.xml,2026-02-11 17:29:00
PANTONE 196 CP,271,1700,true,0.0,21.0,2.0,0.0,"0.0,0.21,0.02,0.0","0.8209,0.566156862745098,0.525333333333333",235,193,194,#EBC1C2,"0.92156862745098,0.756862745098039,0.76078431372549","0.874509803921569,0.752941176470588,0.752941176470588",Color/Palettes/Process/PANTONE/PANTONE+/PantonePlusColorBridgeCoated.xml,2026-02-11 17:29:00
PANTONE 197 CP,272,1700,true,0.0,45.0,7.0,0.0,"0.0,0.45,0.07,0.0","0.7083,0.630352941176471,0.540117647058823",228,150,157,#E4969D,"0.894117647058824,0.588235294117647,0.615686274509804","0.819607843137255,0.584313725490196,0.607843137254902",Color/Palettes/Process/PANTONE/PANTONE+/PantonePlusColorBridgeCoated.xml,2026-02-11 17:29:00
PANTONE 198 CP,273,1700,true,0.0,85.0,41.0,0.0,"0.0,0.85,0.41,0.0","0.5364,0.747529411764706,0.598392156862745",219,69,90,#DB455A,"0.858823529411765,0.270588235294118,0.352941176470588","0.745098039215686,0.27843137254902,0.352941176470588",Color/Palettes/Process/PANTONE/PANTONE+/PantonePlusColorBridgeCoated.xml,2026-02-11 17:29:00
PANTONE 199 CP,274,1700,true,0.0,100.0,79.0,0.0,"0.0,1.0,0.79,0.0","0.4838,0.779294117647059,0.652274509803922",214,30,56,#D61E38,"0.83921568627451,0.117647058823529,0.219607843137255","0.717647058823529,0.137254901960784,0.227450980392157",Color/Palettes/Process/PANTONE/PANTONE+/PantonePlusColorBridgeCoated.xml,2026-02-11 17:29:00
PANTONE 200 CP,275,1700,true,0.0,100.0,76.0,13.0,"0.0,1.0,0.76,0.13","0.446,0.748705882352941,0.633176470588235",193,38,55,#C12637,"0.756862745098039,0.149019607843137,0.215686274509804","0.650980392156863,0.164705882352941,0.223529411764706",Color/Palettes/Process/PANTONE/PANTONE+/PantonePlusColorBridgeCoated.xml,2026-02-11 17:29:00
PANTONE 201 CP,276,1700,true,0.0,100.0,63.0,31.0,"0.0,1.0,0.63,0.31","0.3949,0.700313725490196,0.592588235294118",163,47,59,#A32F3B,"0.63921568627451,0.184313725490196,0.231372549019608","0.552941176470588,0.2,0.23921568627451",Color/Palettes/Process/PANTONE/PANTONE+/PantonePlusColorBridgeCoated.xml,2026-02-11 17:29:00
PANTONE 202 CP,277,1700,true,1.0,98.0,58.0,44.0,"0.01,0.98,0.58,0.44","0.3595,0.665294117647059,0.580705882352941",142,51,55,#8E3337,"0.556862745098039,0.2,0.215686274509804","0.486274509803922,0.211764705882353,0.227450980392157",Color/Palettes/Process/PANTONE/PANTONE+/PantonePlusColorBridgeCoated.xml,2026-02-11 17:29:00
PANTONE 189 CP,278,1700,true,0.0,42.0,3.0,0.0,"0.0,0.42,0.03,0.0","0.7426,0.618352941176471,0.508",231,162,181,#E7A2B5,"0.905882352941176,0.635294117647059,0.709803921568627","0.835294117647059,0.631372549019608,0.701960784313725",Color/Palettes/Process/PANTONE/PANTONE+/PantonePlusColorBridgeCoated.xml,2026-02-11 17:29:00
PANTONE 190 CP,279,1700,true,0.0,65.0,11.0,0.0,"0.0,0.65,0.11,0.0","0.6449,0.679294117647059,0.526901960784314",226,122,147,#E27A93,"0.886274509803922,0.47843137254902,0.576470588235294","0.792156862745098,0.474509803921569,0.568627450980392",Color/Palettes/Process/PANTONE/PANTONE+/PantonePlusColorBridgeCoated.xml,2026-02-11 17:29:00
PANTONE 191 CP,280,1700,true,0.0,85.0,30.0,0.0,"0.0,0.85,0.3,0.0","0.5592,0.738,0.561411764705882",221,80,111,#DD506F,"0.866666666666667,0.313725490196078,0.435294117647059","0.756862745098039,0.317647058823529,0.431372549019608",Color/Palettes/Process/PANTONE/PANTONE+/PantonePlusColorBridgeCoated.xml,2026-02-11 17:29:00
PANTONE 192 CP,281,1700,true,0.0,100.0,62.0,0.0,"0.0,1.0,0.62,0.0","0.5022,0.778627450980392,0.613294117647059",218,39,77,#DA274D,"0.854901960784314,0.152941176470588,0.301960784313725","0.737254901960784,0.172549019607843,0.301960784313725",Color/Palettes/Process/PANTONE/PANTONE+/PantonePlusColorBridgeCoated.xml,2026-02-11 17:29:00
PANTONE 193 CP,282,1700,true,0.0,100.0,59.0,11.0,"0.0,1.0,0.59,0.11","0.4532,0.757764705882353,0.592039215686274",197,35,74,#C5234A,"0.772549019607843,0.137254901960784,0.290196078431373","0.662745098039216,0.156862745098039,0.290196078431373",Color/Palettes/Process/PANTONE/PANTONE+/PantonePlusColorBridgeCoated.xml,2026-02-11 17:29:00
PANTONE 194 CP,283,1700,true,2.0,97.0,43.0,33.0,"0.02,0.97,0.43,0.33","0.3934,0.696666666666667,0.550156862745098",160,49,76,#A0314C,"0.627450980392157,0.192156862745098,0.298039215686275","0.541176470588235,0.203921568627451,0.298039215686275",Color/Palettes/Process/PANTONE/PANTONE+/PantonePlusColorBridgeCoated.xml,2026-02-11 17:29:00
PANTONE 195 CP,284,1700,true,15.0,89.0,40.0,48.0,"0.15,0.89,0.4,0.48","0.3395,0.636509803921569,0.524627450980392",126,55,72,#7E3748,"0.494117647058824,0.215686274509804,0.282352941176471","0.435294117647059,0.227450980392157,0.286274509803922",Color/Palettes/Process/PANTONE/PANTONE+/PantonePlusColorBridgeCoated.xml,2026-02-11 17:29:00
PANTONE 1895 CP,285,1700,true,0.0,32.0,0.0,0.0,"0.0,0.32,0.0,0.0","0.7848,0.595764705882353,0.493098039215686",232,178,199,#E8B2C7,"0.909803921568627,0.698039215686274,0.780392156862745","0.854901960784314,0.694117647058824,0.772549019607843",Color/Palettes/Process/PANTONE/PANTONE+/PantonePlusColorBridgeCoated.xml,2026-02-11 17:29:00
PANTONE 1905 CP,286,1700,true,0.0,47.0,2.0,0.0,"0.0,0.47,0.02,0.0","0.7216,0.633921568627451,0.496117647058824",229,153,181,#E599B5,"0.898039215686275,0.6,0.709803921568627","0.823529411764706,0.596078431372549,0.701960784313725",Color/Palettes/Process/PANTONE/PANTONE+/PantonePlusColorBridgeCoated.xml,2026-02-11 17:29:00
PANTONE 1915 CP,287,1700,true,0.0,81.0,16.0,0.0,"0.0,0.81,0.16,0.0","0.5763,0.728078431372549,0.530941176470588",222,89,129,#DE5981,"0.870588235294118,0.349019607843137,0.505882352941176","0.76078431372549,0.349019607843137,0.494117647058824",Color/Palettes/Process/PANTONE/PANTONE+/PantonePlusColorBridgeCoated.xml,2026-02-11 17:29:00
PANTONE 1925 CP,288,1700,true,0.0,100.0,52.0,0.0,"0.0,1.0,0.52,0.0","0.5005,0.781607843137255,0.597137254901961",218,36,83,#DA2453,"0.854901960784314,0.141176470588235,0.325490196078431","0.733333333333333,0.16078431372549,0.325490196078431",Color/Palettes/Process/PANTONE/PANTONE+/PantonePlusColorBridgeCoated.xml,2026-02-11 17:29:00
PANTONE 1935 CP,289,1700,true,0.0,100.0,59.0,8.0,"0.0,1.0,0.59,0.08","0.464,0.764117647058823,0.600392156862745",202,34,73,#CA2249,"0.792156862745098,0.133333333333333,0.286274509803922","0.67843137254902,0.152941176470588,0.286274509803922",Color/Palettes/Process/PANTONE/PANTONE+/PantonePlusColorBridgeCoated.xml,2026-02-11 17:29:00
PANTONE 1945 CP,290,1700,true,0.0,100.0,48.0,26.0,"0.0,1.0,0.48,0.26","0.3905,0.727686274509804,0.56878431372549",168,31,68,#A81F44,"0.658823529411765,0.12156862745098,0.266666666666667","0.564705882352941,0.145098039215686,0.270588235294118",Color/Palettes/Process/PANTONE/PANTONE+/PantonePlusColorBridgeCoated.xml,2026-02-11 17:29:00
PANTONE 1955 CP,291,1700,true,0.0,100.0,43.0,43.0,"0.0,1.0,0.43,0.43","0.3288,0.692980392156863,0.549686274509804",140,31,61,#8C1F3D,"0.549019607843137,0.12156862745098,0.23921568627451","0.470588235294118,0.141176470588235,0.247058823529412",Color/Palettes/Process/PANTONE/PANTONE+/PantonePlusColorBridgeCoated.xml,2026-02-11 17:29:00
PANTONE 705 CP,292,1700,true,0.0,12.0,0.0,0.0,"0.0,0.12,0.0,0.0","0.8849,0.536117647058824,0.511372549019608",238,217,218,#EED9DA,"0.933333333333333,0.850980392156863,0.854901960784314","0.909803921568627,0.847058823529412,0.850980392156863",Color/Palettes/Process/PANTONE/PANTONE+/PantonePlusColorBridgeCoated.xml,2026-02-11 17:29:00
PANTONE 706 CP,293,1700,true,0.0,19.0,0.0,0.0,"0.0,0.19,0.0,0.0","0.8509,0.554941176470588,0.509098039215686",237,204,209,#EDCCD1,"0.929411764705882,0.8,0.819607843137255","0.890196078431372,0.796078431372549,0.815686274509804",Color/Palettes/Process/PANTONE/PANTONE+/PantonePlusColorBridgeCoated.xml,2026-02-11 17:29:00
PANTONE 707 CP,294,1700,true,0.0,33.0,4.0,0.0,"0.0,0.33,0.04,0.0","0.7761,0.593960784313726,0.521137254901961",232,176,184,#E8B0B8,"0.909803921568627,0.690196078431373,0.72156862745098","0.850980392156863,0.682352941176471,0.713725490196078",Color/Palettes/Process/PANTONE/PANTONE+/PantonePlusColorBridgeCoated.xml,2026-02-11 17:29:00
PANTONE 708 CP,295,1700,true,0.0,52.0,15.0,0.0,"0.0,0.52,0.15,0.0","0.6944,0.641294117647059,0.548509803921569",229,144,150,#E59096,"0.898039215686275,0.564705882352941,0.588235294117647","0.815686274509804,0.56078431372549,0.580392156862745",Color/Palettes/Process/PANTONE/PANTONE+/PantonePlusColorBridgeCoated.xml,2026-02-11 17:29:00
PANTONE 709 CP,296,1700,true,0.0,73.0,32.0,0.0,"0.0,0.73,0.32,0.0","0.5938,0.70843137254902,0.574627450980392",223,100,114,#DF6472,"0.874509803921569,0.392156862745098,0.447058823529412","0.772549019607843,0.392156862745098,0.443137254901961",Color/Palettes/Process/PANTONE/PANTONE+/PantonePlusColorBridgeCoated.xml,2026-02-11 17:29:00
PANTONE 710 CP,297,1700,true,0.0,88.0,58.0,0.0,"0.0,0.88,0.58,0.0","0.5431,0.744627450980392,0.616313725490196",221,72,84,#DD4854,"0.866666666666667,0.282352941176471,0.329411764705882","0.752941176470588,0.290196078431373,0.329411764705882",Color/Palettes/Process/PANTONE/PANTONE+/PantonePlusColorBridgeCoated.xml,2026-02-11 17:29:00
PANTONE 711 CP,298,1700,true,0.0,94.0,84.0,5.0,"0.0,0.94,0.84,0.05","0.4874,0.748235294117647,0.64678431372549",206,53,58,#CE353A,"0.807843137254902,0.207843137254902,0.227450980392157","0.698039215686274,0.219607843137255,0.235294117647059",Color/Palettes/Process/PANTONE/PANTONE+/PantonePlusColorBridgeCoated.xml,2026-02-11 17:29:00
PANTONE 698 CP,299,1700,true,0.0,15.0,3.0,0.0,"0.0,0.15,0.03,0.0","0.8487,0.550588235294118,0.529529411764706",237,204,199,#EDCCC7,"0.929411764705882,0.8,0.780392156862745","0.890196078431372,0.796078431372549,0.776470588235294",Color/Palettes/Process/PANTONE/PANTONE+/PantonePlusColorBridgeCoated.xml,2026-02-11 17:29:00
PANTONE 699 CP,300,1700,true,0.0,25.0,4.0,0.0,"0.0,0.25,0.04,0.0","0.7856,0.58721568627451,0.521490196078431",232,180,186,#E8B4BA,"0.909803921568627,0.705882352941177,0.729411764705882","0.854901960784314,0.698039215686274,0.72156862745098",Color/Palettes/Process/PANTONE/PANTONE+/PantonePlusColorBridgeCoated.xml,2026-02-11 17:29:00
PANTONE 700 CP,301,1700,true,0.0,37.0,9.0,0.0,"0.0,0.37,0.09,0.0","0.7433,0.611725490196078,0.526039215686274",230,164,173,#E6A4AD,"0.901960784313726,0.643137254901961,0.67843137254902","0.835294117647059,0.635294117647059,0.670588235294118",Color/Palettes/Process/PANTONE/PANTONE+/PantonePlusColorBridgeCoated.xml,2026-02-11 17:29:00
PANTONE 701 CP,302,1700,true,0.0,56.0,16.0,0.0,"0.0,0.56,0.16,0.0","0.6481,0.672509803921569,0.53678431372549",225,124,144,#E17C90,"0.882352941176471,0.486274509803922,0.564705882352941","0.792156862745098,0.482352941176471,0.556862745098039",Color/Palettes/Process/PANTONE/PANTONE+/PantonePlusColorBridgeCoated.xml,2026-02-11 17:29:00
PANTONE 702 CP,303,1700,true,2.0,73.0,30.0,3.0,"0.02,0.73,0.3,0.03","0.5513,0.711764705882353,0.548823529411765",210,87,114,#D25772,"0.823529411764706,0.341176470588235,0.447058823529412","0.72156862745098,0.345098039215686,0.443137254901961",Color/Palettes/Process/PANTONE/PANTONE+/PantonePlusColorBridgeCoated.xml,2026-02-11 17:29:00
PANTONE 703 CP,304,1700,true,3.0,88.0,52.0,16.0,"0.03,0.88,0.52,0.16","0.4503,0.715647058823529,0.569686274509804",183,57,81,#B73951,"0.717647058823529,0.223529411764706,0.317647058823529","0.619607843137255,0.235294117647059,0.317647058823529",Color/Palettes/Process/PANTONE/PANTONE+/PantonePlusColorBridgeCoated.xml,2026-02-11 17:29:00
PANTONE 704 CP,305,1700,true,1.0,95.0,75.0,31.0,"0.01,0.95,0.75,0.31","0.3789,0.704039215686274,0.587490196078431",159,41,57,#9F2939,"0.623529411764706,0.16078431372549,0.223529411764706","0.537254901960784,0.176470588235294,0.235294117647059",Color/Palettes/Process/PANTONE/PANTONE+/PantonePlusColorBridgeCoated.xml,2026-02-11 17:29:00
PANTONE 203 CP,306,1700,true,0.0,34.0,0.0,0.0,"0.0,0.34,0.0,0.0","0.768,0.607372549019608,0.488196078431373",231,171,197,#E7ABC5,"0.905882352941176,0.670588235294118,0.772549019607843","0.847058823529412,0.666666666666667,0.764705882352941",Color/Palettes/Process/PANTONE/PANTONE+/PantonePlusColorBridgeCoated.xml,2026-02-11 17:29:00
PANTONE 204 CP,307,1700,true,0.0,58.0,1.0,0.0,"0.0,0.58,0.01,0.0","0.6583,0.676156862745098,0.495254901960784",226,127,165,#E27FA5,"0.886274509803922,0.498039215686275,0.647058823529412","0.796078431372549,0.494117647058824,0.635294117647059",Color/Palettes/Process/PANTONE/PANTONE+/PantonePlusColorBridgeCoated.xml,2026-02-11 17:29:00
PANTONE 205 CP,308,1700,true,0.0,84.0,15.0,0.0,"0.0,0.84,0.15,0.0","0.5591,0.743764705882353,0.522862745098039",221,78,128,#DD4E80,"0.866666666666667,0.305882352941176,0.501960784313725","0.752941176470588,0.309803921568627,0.494117647058824",Color/Palettes/Process/PANTONE/PANTONE+/PantonePlusColorBridgeCoated.xml,2026-02-11 17:29:00
PANTONE 206 CP,309,1700,true,0.0,100.0,69.0,2.0,"0.0,1.0,0.69,0.02","0.4811,0.777019607843137,0.595803921568627",211,31,79,#D31F4F,"0.827450980392157,0.12156862745098,0.309803921568627","0.709803921568627,0.141176470588235,0.309803921568627",Color/Palettes/Process/PANTONE/PANTONE+/PantonePlusColorBridgeCoated.xml,2026-02-11 17:29:00
PANTONE 207 CP,310,1700,true,0.0,100.0,59.0,26.0,"0.0,1.0,0.59,0.26","0.3938,0.734470588235294,0.567450980392157",171,28,70,#AB1C46,"0.670588235294118,0.109803921568627,0.274509803921569","0.576470588235294,0.133333333333333,0.274509803921569",Color/Palettes/Process/PANTONE/PANTONE+/PantonePlusColorBridgeCoated.xml,2026-02-11 17:29:00
PANTONE 208 CP,311,1700,true,0.0,100.0,29.0,44.0,"0.0,1.0,0.29,0.44","0.3444,0.69121568627451,0.523019607843137",143,37,75,#8F254B,"0.56078431372549,0.145098039215686,0.294117647058824","0.482352941176471,0.16078431372549,0.294117647058824",Color/Palettes/Process/PANTONE/PANTONE+/PantonePlusColorBridgeCoated.xml,2026-02-11 17:29:00
PANTONE 209 CP,312,1700,true,15.0,96.0,31.0,55.0,"0.15,0.96,0.31,0.55","0.3025,0.64921568627451,0.513450980392157",119,42,68,#772A44,"0.466666666666667,0.164705882352941,0.266666666666667","0.407843137254902,0.180392156862745,0.270588235294118",Color/Palettes/Process/PANTONE/PANTONE+/PantonePlusColorBridgeCoated.xml,2026-02-11 17:29:00
PANTONE 210 CP,313,1700,true,1.0,44.0,0.0,0.0,"0.01,0.44,0.0,0.0","0.7257,0.635764705882353,0.481882352941176",229,154,189,#E59ABD,"0.898039215686275,0.603921568627451,0.741176470588235","0.823529411764706,0.6,0.729411764705882",Color/Palettes/Process/PANTONE/PANTONE+/PantonePlusColorBridgeCoated.xml,2026-02-11 17:29:00
PANTONE 211 CP,314,1700,true,0.0,60.0,0.0,0.0,"0.0,0.6,0.0,0.0","0.6612,0.679450980392157,0.475725490196078",226,127,175,#E27FAF,"0.886274509803922,0.498039215686275,0.686274509803922","0.796078431372549,0.494117647058824,0.674509803921569",Color/Palettes/Process/PANTONE/PANTONE+/PantonePlusColorBridgeCoated.xml,2026-02-11 17:29:00
PANTONE 212 CP,315,1700,true,0.0,78.0,2.0,0.0,"0.0,0.78,0.02,0.0","0.5792,0.735803921568627,0.486352941176471",222,87,149,#DE5795,"0.870588235294118,0.341176470588235,0.584313725490196","0.76078431372549,0.345098039215686,0.572549019607843",Color/Palettes/Process/PANTONE/PANTONE+/PantonePlusColorBridgeCoated.xml,2026-02-11 17:29:00
PANTONE 213 CP,316,1700,true,0.0,95.0,9.0,0.0,"0.0,0.95,0.09,0.0","0.5196,0.77721568627451,0.516666666666667",219,48,122,#DB307A,"0.858823529411765,0.188235294117647,0.47843137254902","0.741176470588235,0.203921568627451,0.466666666666667",Color/Palettes/Process/PANTONE/PANTONE+/PantonePlusColorBridgeCoated.xml,2026-02-11 17:29:00
PANTONE 214 CP,317,1700,true,1.0,100.0,14.0,3.0,"0.01,1.0,0.14,0.03","0.4802,0.780509803921569,0.52878431372549",209,28,107,#D11C6B,"0.819607843137255,0.109803921568627,0.419607843137255","0.701960784313725,0.133333333333333,0.411764705882353",Color/Palettes/Process/PANTONE/PANTONE+/PantonePlusColorBridgeCoated.xml,2026-02-11 17:29:00
PANTONE 215 CP,318,1700,true,2.0,100.0,14.0,21.0,"0.02,1.0,0.14,0.21","0.405,0.738862745098039,0.52043137254902",174,30,91,#AE1E5B,"0.682352941176471,0.117647058823529,0.356862745098039","0.584313725490196,0.137254901960784,0.352941176470588",Color/Palettes/Process/PANTONE/PANTONE+/PantonePlusColorBridgeCoated.xml,2026-02-11 17:29:00
PANTONE 216 CP,319,1700,true,12.0,98.0,17.0,46.0,"0.12,0.98,0.17,0.46","0.3134,0.665019607843137,0.506509803921569",126,39,74,#7E274A,"0.494117647058824,0.152941176470588,0.290196078431373","0.427450980392157,0.172549019607843,0.290196078431373",Color/Palettes/Process/PANTONE/PANTONE+/PantonePlusColorBridgeCoated.xml,2026-02-11 17:29:00
PANTONE 7422 CP,320,1700,true,0.0,18.0,2.0,0.0,"0.0,0.18,0.02,0.0","0.852,0.553176470588235,0.528039215686275",238,204,201,#EECCC9,"0.933333333333333,0.8,0.788235294117647","0.898039215686275,0.796078431372549,0.780392156862745",Color/Palettes/Process/PANTONE/PANTONE+/PantonePlusColorBridgeCoated.xml,2026-02-11 17:29:00
PANTONE 7423 CP,321,1700,true,0.0,71.0,15.0,0.0,"0.0,0.71,0.15,0.0","0.6149,0.701960784313725,0.546039215686275",226,107,132,#E26B84,"0.886274509803922,0.419607843137255,0.517647058823529","0.784313725490196,0.419607843137255,0.509803921568627",Color/Palettes/Process/PANTONE/PANTONE+/PantonePlusColorBridgeCoated.xml,2026-02-11 17:29:00
PANTONE 7424 CP,322,1700,true,0.0,82.0,8.0,0.0,"0.0,0.82,0.08,0.0","0.5714,0.735686274509804,0.515529411764706",222,85,134,#DE5586,"0.870588235294118,0.333333333333333,0.525490196078431","0.76078431372549,0.333333333333333,0.517647058823529",Color/Palettes/Process/PANTONE/PANTONE+/PantonePlusColorBridgeCoated.xml,2026-02-11 17:29:00
PANTONE 7425 CP,323,1700,true,1.0,97.0,31.0,18.0,"0.01,0.97,0.31,0.18","0.4436,0.735372549019608,0.543176470588235",185,46,91,#B92E5B,"0.725490196078431,0.180392156862745,0.356862745098039","0.623529411764706,0.192156862745098,0.352941176470588",Color/Palettes/Process/PANTONE/PANTONE+/PantonePlusColorBridgeCoated.xml,2026-02-11 17:29:00
PANTONE 7426 CP,324,1700,true,0.0,100.0,47.0,28.0,"0.0,1.0,0.47,0.28","0.4008,0.730745098039216,0.564823529411765",172,33,72,#AC2148,"0.674509803921569,0.129411764705882,0.282352941176471","0.580392156862745,0.149019607843137,0.286274509803922",Color/Palettes/Process/PANTONE/PANTONE+/PantonePlusColorBridgeCoated.xml,2026-02-11 17:29:00
PANTONE 7427 CP,325,1700,true,0.0,100.0,68.0,35.0,"0.0,1.0,0.68,0.35","0.3754,0.712509803921569,0.588392156862745",161,35,57,#A12339,"0.631372549019608,0.137254901960784,0.223529411764706","0.541176470588235,0.156862745098039,0.231372549019608",Color/Palettes/Process/PANTONE/PANTONE+/PantonePlusColorBridgeCoated.xml,2026-02-11 17:29:00
PANTONE 7428 CP,326,1700,true,20.0,91.0,34.0,55.0,"0.2,0.91,0.34,0.55","0.3109,0.627764705882353,0.52156862745098",115,50,67,#733243,"0.450980392156863,0.196078431372549,0.262745098039216","0.4,0.211764705882353,0.266666666666667",Color/Palettes/Process/PANTONE/PANTONE+/PantonePlusColorBridgeCoated.xml,2026-02-11 17:29:00
PANTONE 7632 CP,327,1700,true,10.0,16.0,6.0,0.0,"0.1,0.16,0.06,0.0","0.8238,0.523137254901961,0.516117647058824",216,202,198,#D8CAC6,"0.847058823529412,0.792156862745098,0.776470588235294","0.827450980392157,0.788235294117647,0.772549019607843",Color/Palettes/Process/PANTONE/PANTONE+/PantonePlusColorBridgeCoated.xml,2026-02-11 17:29:00
PANTONE 7633 CP,328,1700,true,17.0,34.0,17.0,1.0,"0.17,0.34,0.17,0.01","0.6995,0.564666666666667,0.524901960784314",199,161,161,#C7A1A1,"0.780392156862745,0.631372549019608,0.631372549019608","0.737254901960784,0.623529411764706,0.623529411764706",Color/Palettes/Process/PANTONE/PANTONE+/PantonePlusColorBridgeCoated.xml,2026-02-11 17:29:00
PANTONE 7634 CP,329,1700,true,10.0,66.0,15.0,6.0,"0.1,0.66,0.15,0.06","0.5766,0.660352941176471,0.52078431372549",199,109,132,#C76D84,"0.780392156862745,0.427450980392157,0.517647058823529","0.698039215686274,0.423529411764706,0.509803921568627",Color/Palettes/Process/PANTONE/PANTONE+/PantonePlusColorBridgeCoated.xml,2026-02-11 17:29:00
PANTONE 7635 CP,330,1700,true,3.0,90.0,25.0,7.0,"0.03,0.9,0.25,0.07","0.5022,0.74243137254902,0.549098039215686",205,61,103,#CD3D67,"0.803921568627451,0.23921568627451,0.403921568627451","0.694117647058824,0.247058823529412,0.396078431372549",Color/Palettes/Process/PANTONE/PANTONE+/PantonePlusColorBridgeCoated.xml,2026-02-11 17:29:00
PANTONE 7636 CP,331,1700,true,0.0,100.0,44.0,14.0,"0.0,1.0,0.44,0.14","0.4447,0.762549019607843,0.579450980392157",195,27,77,#C31B4D,"0.764705882352941,0.105882352941176,0.301960784313725","0.654901960784314,0.129411764705882,0.301960784313725",Color/Palettes/Process/PANTONE/PANTONE+/PantonePlusColorBridgeCoated.xml,2026-02-11 17:29:00
PANTONE 7637 CP,332,1700,true,8.0,92.0,38.0,35.0,"0.08,0.92,0.38,0.35","0.3761,0.683058823529412,0.545019607843137",150,49,73,#963149,"0.588235294117647,0.192156862745098,0.286274509803922","0.509803921568627,0.207843137254902,0.290196078431373",Color/Palettes/Process/PANTONE/PANTONE+/PantonePlusColorBridgeCoated.xml,2026-02-11 17:29:00
PANTONE 7638 CP,333,1700,true,11.0,92.0,38.0,46.0,"0.11,0.92,0.38,0.46","0.3291,0.658862745098039,0.537686274509804",130,45,65,#822D41,"0.509803921568627,0.176470588235294,0.254901960784314","0.443137254901961,0.192156862745098,0.262745098039216",Color/Palettes/Process/PANTONE/PANTONE+/PantonePlusColorBridgeCoated.xml,2026-02-11 17:29:00
PANTONE 217 CP,334,1700,true,1.0,27.0,0.0,0.0,"0.01,0.27,0.0,0.0","0.8136,0.586156862745098,0.486078431372549",236,188,210,#ECBCD2,"0.925490196078431,0.737254901960784,0.823529411764706","0.874509803921569,0.733333333333333,0.815686274509804",Color/Palettes/Process/PANTONE/PANTONE+/PantonePlusColorBridgeCoated.xml,2026-02-11 17:29:00
PANTONE 218 CP,335,1700,true,2.0,66.0,0.0,0.0,"0.02,0.66,0.0,0.0","0.6352,0.701372549019608,0.480039215686275",226,114,166,#E272A6,"0.886274509803922,0.447058823529412,0.650980392156863","0.788235294117647,0.443137254901961,0.63921568627451",Color/Palettes/Process/PANTONE/PANTONE+/PantonePlusColorBridgeCoated.xml,2026-02-11 17:29:00
PANTONE 219 CP,336,1700,true,0.0,95.0,0.0,0.0,"0.0,0.95,0.0,0.0","0.523,0.785960784313726,0.48478431372549",221,44,136,#DD2C88,"0.866666666666667,0.172549019607843,0.533333333333333","0.745098039215686,0.188235294117647,0.52156862745098",Color/Palettes/Process/PANTONE/PANTONE+/PantonePlusColorBridgeCoated.xml,2026-02-11 17:29:00
PANTONE Rubine Red CP,337,1700,true,0.0,100.0,24.0,4.0,"0.0,1.0,0.24,0.04","0.489,0.782901960784314,0.570039215686275",214,30,92,#D61E5C,"0.83921568627451,0.117647058823529,0.36078431372549","0.717647058823529,0.137254901960784,0.356862745098039",Color/Palettes/Process/PANTONE/PANTONE+/PantonePlusColorBridgeCoated.xml,2026-02-11 17:29:00
PANTONE 220 CP,338,1700,true,0.0,100.0,13.0,26.0,"0.0,1.0,0.13,0.26","0.4095,0.745450980392157,0.542745098039216",178,26,83,#B21A53,"0.698039215686274,0.101960784313725,0.325490196078431","0.596078431372549,0.125490196078431,0.325490196078431",Color/Palettes/Process/PANTONE/PANTONE+/PantonePlusColorBridgeCoated.xml,2026-02-11 17:29:00
PANTONE 221 CP,339,1700,true,0.0,100.0,14.0,38.0,"0.0,1.0,0.14,0.38","0.3711,0.725176470588235,0.547843137254902",161,26,72,#A11A48,"0.631372549019608,0.101960784313725,0.282352941176471","0.541176470588235,0.125490196078431,0.282352941176471",Color/Palettes/Process/PANTONE/PANTONE+/PantonePlusColorBridgeCoated.xml,2026-02-11 17:29:00
PANTONE 222 CP,340,1700,true,21.0,100.0,7.0,52.0,"0.21,1.0,0.07,0.52","0.296,0.668823529411765,0.506196078431373",122,33,70,#7A2146,"0.47843137254902,0.129411764705882,0.274509803921569","0.415686274509804,0.149019607843137,0.27843137254902",Color/Palettes/Process/PANTONE/PANTONE+/PantonePlusColorBridgeCoated.xml,2026-02-11 17:29:00
PANTONE 7639 CP,341,1700,true,31.0,53.0,32.0,17.0,"0.31,0.53,0.32,0.17","0.4963,0.561333333333333,0.51878431372549",142,109,111,#8E6D6F,"0.556862745098039,0.427450980392157,0.435294117647059","0.517647058823529,0.427450980392157,0.431372549019608",Color/Palettes/Process/PANTONE/PANTONE+/PantonePlusColorBridgeCoated.xml,2026-02-11 17:29:00
PANTONE 7640 CP,342,1700,true,16.0,82.0,33.0,28.0,"0.16,0.82,0.33,0.28","0.4082,0.645411764705882,0.524509803921569",147,70,89,#934659,"0.576470588235294,0.274509803921569,0.349019607843137","0.509803921568627,0.27843137254902,0.345098039215686",Color/Palettes/Process/PANTONE/PANTONE+/PantonePlusColorBridgeCoated.xml,2026-02-11 17:29:00
PANTONE 7641 CP,343,1700,true,9.0,94.0,32.0,37.0,"0.09,0.94,0.32,0.37","0.3724,0.672745098039216,0.522862745098039",145,52,81,#913451,"0.568627450980392,0.203921568627451,0.317647058823529","0.494117647058824,0.215686274509804,0.317647058823529",Color/Palettes/Process/PANTONE/PANTONE+/PantonePlusColorBridgeCoated.xml,2026-02-11 17:29:00
PANTONE 7642 CP,344,1700,true,24.0,90.0,23.0,46.0,"0.24,0.9,0.23,0.46","0.3275,0.639254901960784,0.491411764705882",121,52,83,#793453,"0.474509803921569,0.203921568627451,0.325490196078431","0.415686274509804,0.215686274509804,0.32156862745098",Color/Palettes/Process/PANTONE/PANTONE+/PantonePlusColorBridgeCoated.xml,2026-02-11 17:29:00
PANTONE 7643 CP,345,1700,true,29.0,89.0,26.0,52.0,"0.29,0.89,0.26,0.52","0.3013,0.622549019607843,0.492313725490196",109,50,76,#6D324C,"0.427450980392157,0.196078431372549,0.298039215686275","0.380392156862745,0.207843137254902,0.298039215686275",Color/Palettes/Process/PANTONE/PANTONE+/PantonePlusColorBridgeCoated.xml,2026-02-11 17:29:00
PANTONE 7644 CP,346,1700,true,39.0,87.0,29.0,58.0,"0.39,0.87,0.29,0.58","0.2776,0.600823529411765,0.490745098039216",96,49,71,#603147,"0.376470588235294,0.192156862745098,0.27843137254902","0.341176470588235,0.207843137254902,0.282352941176471",Color/Palettes/Process/PANTONE/PANTONE+/PantonePlusColorBridgeCoated.xml,2026-02-11 17:29:00
PANTONE 7645 CP,347,1700,true,41.0,86.0,33.0,62.0,"0.41,0.86,0.33,0.62","0.2626,0.589098039215686,0.49678431372549",90,48,65,#5A3041,"0.352941176470588,0.188235294117647,0.254901960784314","0.317647058823529,0.203921568627451,0.258823529411765",Color/Palettes/Process/PANTONE/PANTONE+/PantonePlusColorBridgeCoated.xml,2026-02-11 17:29:00
PANTONE 223 CP,348,1700,true,4.0,48.0,0.0,0.0,"0.04,0.48,0.0,0.0","0.7141,0.648627450980392,0.479294117647059",231,148,187,#E794BB,"0.905882352941176,0.580392156862745,0.733333333333333","0.823529411764706,0.576470588235294,0.72156862745098",Color/Palettes/Process/PANTONE/PANTONE+/PantonePlusColorBridgeCoated.xml,2026-02-11 17:29:00
PANTONE 224 CP,349,1700,true,5.0,64.0,0.0,0.0,"0.05,0.64,0.0,0.0","0.6383,0.694156862745098,0.475764705882353",224,117,169,#E075A9,"0.87843137254902,0.458823529411765,0.662745098039216","0.784313725490196,0.454901960784314,0.650980392156863",Color/Palettes/Process/PANTONE/PANTONE+/PantonePlusColorBridgeCoated.xml,2026-02-11 17:29:00
PANTONE 225 CP,350,1700,true,4.0,90.0,0.0,0.0,"0.04,0.9,0.0,0.0","0.5328,0.770745098039216,0.477764705882353",219,58,141,#DB3A8D,"0.858823529411765,0.227450980392157,0.552941176470588","0.741176470588235,0.235294117647059,0.541176470588235",Color/Palettes/Process/PANTONE/PANTONE+/PantonePlusColorBridgeCoated.xml,2026-02-11 17:29:00
PANTONE 226 CP,351,1700,true,0.0,100.0,0.0,2.0,"0.0,1.0,0.0,0.02","0.4916,0.79956862745098,0.49",216,9,126,#D8097E,"0.847058823529412,0.0352941176470588,0.494117647058824","0.72156862745098,0.0666666666666667,0.482352941176471",Color/Palettes/Process/PANTONE/PANTONE+/PantonePlusColorBridgeCoated.xml,2026-02-11 17:29:00
PANTONE 227 CP,352,1700,true,3.0,100.0,0.0,20.0,"0.03,1.0,0.0,0.2","0.3961,0.746862745098039,0.483647058823529",171,19,104,#AB1368,"0.670588235294118,0.0745098039215686,0.407843137254902","0.572549019607843,0.101960784313725,0.4",Color/Palettes/Process/PANTONE/PANTONE+/PantonePlusColorBridgeCoated.xml,2026-02-11 17:29:00
PANTONE 228 CP,353,1700,true,17.0,100.0,0.0,33.0,"0.17,1.0,0.0,0.33","0.3227,0.703098039215686,0.467058823529412",137,24,92,#89185C,"0.537254901960784,0.0941176470588235,0.36078431372549","0.458823529411765,0.117647058823529,0.356862745098039",Color/Palettes/Process/PANTONE/PANTONE+/PantonePlusColorBridgeCoated.xml,2026-02-11 17:29:00
PANTONE 229 CP,354,1700,true,27.0,100.0,9.0,54.0,"0.27,1.0,0.09,0.54","0.2649,0.63556862745098,0.474666666666667",102,37,74,#66254A,"0.4,0.145098039215686,0.290196078431373","0.352941176470588,0.164705882352941,0.294117647058824",Color/Palettes/Process/PANTONE/PANTONE+/PantonePlusColorBridgeCoated.xml,2026-02-11 17:29:00
PANTONE 230 CP,355,1700,true,3.0,39.0,0.0,0.0,"0.03,0.39,0.0,0.0","0.7499,0.625058823529412,0.481843137254902",232,163,195,#E8A3C3,"0.909803921568627,0.63921568627451,0.764705882352941","0.83921568627451,0.635294117647059,0.756862745098039",Color/Palettes/Process/PANTONE/PANTONE+/PantonePlusColorBridgeCoated.xml,2026-02-11 17:29:00
PANTONE 231 CP,356,1700,true,5.0,61.0,0.0,0.0,"0.05,0.61,0.0,0.0","0.6519,0.683294117647059,0.477019607843137",225,123,172,#E17BAC,"0.882352941176471,0.482352941176471,0.674509803921569","0.788235294117647,0.47843137254902,0.662745098039216",Color/Palettes/Process/PANTONE/PANTONE+/PantonePlusColorBridgeCoated.xml,2026-02-11 17:29:00
PANTONE 232 CP,357,1700,true,7.0,81.0,0.0,0.0,"0.07,0.81,0.0,0.0","0.5548,0.74643137254902,0.476588235294118",217,76,147,#D94C93,"0.850980392156863,0.298039215686275,0.576470588235294","0.741176470588235,0.301960784313725,0.564705882352941",Color/Palettes/Process/PANTONE/PANTONE+/PantonePlusColorBridgeCoated.xml,2026-02-11 17:29:00
PANTONE Rhodamine Red CP,358,1700,true,5.0,92.0,0.0,0.0,"0.05,0.92,0.0,0.0","0.5056,0.78478431372549,0.482627450980392",215,38,133,#D72685,"0.843137254901961,0.149019607843137,0.52156862745098","0.725490196078431,0.164705882352941,0.505882352941176",Color/Palettes/Process/PANTONE/PANTONE+/PantonePlusColorBridgeCoated.xml,2026-02-11 17:29:00
PANTONE 233 CP,359,1700,true,11.0,100.0,0.0,0.0,"0.11,1.0,0.0,0.0","0.4538,0.783686274509804,0.473333333333333",198,5,123,#C6057B,"0.776470588235294,0.0196078431372549,0.482352941176471","0.662745098039216,0.0549019607843137,0.470588235294118",Color/Palettes/Process/PANTONE/PANTONE+/PantonePlusColorBridgeCoated.xml,2026-02-11 17:29:00
PANTONE 234 CP,360,1700,true,16.0,100.0,0.0,17.0,"0.16,1.0,0.0,0.17","0.3793,0.742156862745098,0.463411764705882",164,15,108,#A40F6C,"0.643137254901961,0.0588235294117647,0.423529411764706","0.549019607843137,0.0901960784313725,0.415686274509804",Color/Palettes/Process/PANTONE/PANTONE+/PantonePlusColorBridgeCoated.xml,2026-02-11 17:29:00
PANTONE 235 CP,361,1700,true,18.0,100.0,0.0,37.0,"0.18,1.0,0.0,0.37","0.3197,0.701098039215686,0.479372549019608",136,24,87,#881857,"0.533333333333333,0.0941176470588235,0.341176470588235","0.458823529411765,0.117647058823529,0.337254901960784",Color/Palettes/Process/PANTONE/PANTONE+/PantonePlusColorBridgeCoated.xml,2026-02-11 17:29:00
PANTONE 670 CP,362,1700,true,1.0,15.0,0.0,0.0,"0.01,0.15,0.0,0.0","0.8754,0.54443137254902,0.494666666666667",237,213,223,#EDD5DF,"0.929411764705882,0.835294117647059,0.874509803921569","0.901960784313726,0.827450980392157,0.870588235294118",Color/Palettes/Process/PANTONE/PANTONE+/PantonePlusColorBridgeCoated.xml,2026-02-11 17:29:00
PANTONE 671 CP,363,1700,true,2.0,28.0,0.0,0.0,"0.02,0.28,0.0,0.0","0.8066,0.579529411764706,0.481725490196078",231,187,210,#E7BBD2,"0.905882352941176,0.733333333333333,0.823529411764706","0.854901960784314,0.729411764705882,0.815686274509804",Color/Palettes/Process/PANTONE/PANTONE+/PantonePlusColorBridgeCoated.xml,2026-02-11 17:29:00
PANTONE 672 CP,364,1700,true,5.0,42.0,0.0,0.0,"0.05,0.42,0.0,0.0","0.7431,0.614862745098039,0.475019607843137",226,163,197,#E2A3C5,"0.886274509803922,0.63921568627451,0.772549019607843","0.819607843137255,0.635294117647059,0.76078431372549",Color/Palettes/Process/PANTONE/PANTONE+/PantonePlusColorBridgeCoated.xml,2026-02-11 17:29:00
PANTONE 673 CP,365,1700,true,6.0,55.0,0.0,0.0,"0.06,0.55,0.0,0.0","0.6813,0.64556862745098,0.466705882352941",219,140,184,#DB8CB8,"0.858823529411765,0.549019607843137,0.72156862745098","0.780392156862745,0.545098039215686,0.709803921568627",Color/Palettes/Process/PANTONE/PANTONE+/PantonePlusColorBridgeCoated.xml,2026-02-11 17:29:00
PANTONE 674 CP,366,1700,true,14.0,76.0,0.0,0.0,"0.14,0.76,0.0,0.0","0.5704,0.688666666666667,0.449098039215686",200,100,162,#C864A2,"0.784313725490196,0.392156862745098,0.635294117647059","0.694117647058824,0.392156862745098,0.623529411764706",Color/Palettes/Process/PANTONE/PANTONE+/PantonePlusColorBridgeCoated.xml,2026-02-11 17:29:00
PANTONE 675 CP,367,1700,true,17.0,98.0,1.0,7.0,"0.17,0.98,0.01,0.07","0.4478,0.722666666666667,0.46121568627451",177,55,126,#B1377E,"0.694117647058824,0.215686274509804,0.494117647058824","0.6,0.223529411764706,0.482352941176471",Color/Palettes/Process/PANTONE/PANTONE+/PantonePlusColorBridgeCoated.xml,2026-02-11 17:29:00
PANTONE 676 CP,368,1700,true,0.0,100.0,7.0,35.0,"0.0,1.0,0.07,0.35","0.3763,0.718745098039216,0.511333333333333",159,33,88,#9F2158,"0.623529411764706,0.129411764705882,0.345098039215686","0.533333333333333,0.149019607843137,0.341176470588235",Color/Palettes/Process/PANTONE/PANTONE+/PantonePlusColorBridgeCoated.xml,2026-02-11 17:29:00
PANTONE 677 CP,369,1700,true,3.0,17.0,0.0,0.0,"0.03,0.17,0.0,0.0","0.8571,0.544392156862745,0.500039215686275",232,208,215,#E8D0D7,"0.909803921568627,0.815686274509804,0.843137254901961","0.882352941176471,0.807843137254902,0.83921568627451",Color/Palettes/Process/PANTONE/PANTONE+/PantonePlusColorBridgeCoated.xml,2026-02-11 17:29:00
PANTONE 678 CP,370,1700,true,4.0,20.0,0.0,0.0,"0.04,0.2,0.0,0.0","0.8336,0.552313725490196,0.494823529411765",228,200,211,#E4C8D3,"0.894117647058824,0.784313725490196,0.827450980392157","0.862745098039216,0.776470588235294,0.823529411764706",Color/Palettes/Process/PANTONE/PANTONE+/PantonePlusColorBridgeCoated.xml,2026-02-11 17:29:00
PANTONE 679 CP,371,1700,true,6.0,25.0,0.0,0.0,"0.06,0.25,0.0,0.0","0.8086,0.563019607843137,0.482666666666667",224,191,210,#E0BFD2,"0.87843137254902,0.749019607843137,0.823529411764706","0.83921568627451,0.745098039215686,0.815686274509804",Color/Palettes/Process/PANTONE/PANTONE+/PantonePlusColorBridgeCoated.xml,2026-02-11 17:29:00
PANTONE 680 CP,372,1700,true,14.0,44.0,0.0,0.0,"0.14,0.44,0.0,0.0","0.6995,0.590941176470588,0.478745098039216",204,156,182,#CC9CB6,"0.8,0.611764705882353,0.713725490196078","0.749019607843137,0.607843137254902,0.705882352941177",Color/Palettes/Process/PANTONE/PANTONE+/PantonePlusColorBridgeCoated.xml,2026-02-11 17:29:00
PANTONE 681 CP,373,1700,true,24.0,64.0,4.0,3.0,"0.24,0.64,0.04,0.03","0.5729,0.619254901960784,0.473411764705882",179,118,151,#B37697,"0.701960784313725,0.462745098039216,0.592156862745098","0.63921568627451,0.458823529411765,0.584313725490196",Color/Palettes/Process/PANTONE/PANTONE+/PantonePlusColorBridgeCoated.xml,2026-02-11 17:29:00
PANTONE 682 CP,374,1700,true,29.0,80.0,8.0,12.0,"0.29,0.8,0.08,0.12","0.464,0.639490196078431,0.46843137254902",155,86,126,#9B567E,"0.607843137254902,0.337254901960784,0.494117647058824","0.545098039215686,0.337254901960784,0.482352941176471",Color/Palettes/Process/PANTONE/PANTONE+/PantonePlusColorBridgeCoated.xml,2026-02-11 17:29:00
PANTONE 683 CP,375,1700,true,25.0,96.0,7.0,38.0,"0.25,0.96,0.07,0.38","0.3383,0.649333333333333,0.479843137254902",126,51,90,#7E335A,"0.494117647058824,0.2,0.352941176470588","0.431372549019608,0.211764705882353,0.349019607843137",Color/Palettes/Process/PANTONE/PANTONE+/PantonePlusColorBridgeCoated.xml,2026-02-11 17:29:00
PANTONE 684 CP,376,1700,true,4.0,21.0,0.0,0.0,"0.04,0.21,0.0,0.0","0.8254,0.560862745098039,0.49443137254902",230,196,209,#E6C4D1,"0.901960784313726,0.768627450980392,0.819607843137255","0.862745098039216,0.764705882352941,0.815686274509804",Color/Palettes/Process/PANTONE/PANTONE+/PantonePlusColorBridgeCoated.xml,2026-02-11 17:29:00
PANTONE 685 CP,377,1700,true,6.0,29.0,0.0,0.0,"0.06,0.29,0.0,0.0","0.7708,0.581725490196078,0.489803921568627",222,177,197,#DEB1C5,"0.870588235294118,0.694117647058824,0.772549019607843","0.819607843137255,0.690196078431373,0.764705882352941",Color/Palettes/Process/PANTONE/PANTONE+/PantonePlusColorBridgeCoated.xml,2026-02-11 17:29:00
PANTONE 686 CP,378,1700,true,11.0,39.0,1.0,0.0,"0.11,0.39,0.01,0.0","0.71,0.596313725490196,0.483803921568627",210,158,183,#D29EB7,"0.823529411764706,0.619607843137255,0.717647058823529","0.764705882352941,0.615686274509804,0.709803921568627",Color/Palettes/Process/PANTONE/PANTONE+/PantonePlusColorBridgeCoated.xml,2026-02-11 17:29:00
PANTONE 687 CP,379,1700,true,19.0,51.0,5.0,2.0,"0.19,0.51,0.05,0.02","0.6111,0.618470588235294,0.477490196078431",190,128,160,#BE80A0,"0.745098039215686,0.501960784313725,0.627450980392157","0.67843137254902,0.498039215686275,0.615686274509804",Color/Palettes/Process/PANTONE/PANTONE+/PantonePlusColorBridgeCoated.xml,2026-02-11 17:29:00
PANTONE 688 CP,380,1700,true,26.0,65.0,9.0,7.0,"0.26,0.65,0.09,0.07","0.5136,0.633921568627451,0.471647058823529",167,99,137,#A76389,"0.654901960784314,0.388235294117647,0.537254901960784","0.592156862745098,0.388235294117647,0.525490196078431",Color/Palettes/Process/PANTONE/PANTONE+/PantonePlusColorBridgeCoated.xml,2026-02-11 17:29:00
PANTONE 689 CP,381,1700,true,32.0,85.0,12.0,23.0,"0.32,0.85,0.12,0.23","0.4031,0.640745098039216,0.464078431372549",139,70,112,#8B4670,"0.545098039215686,0.274509803921569,0.43921568627451","0.482352941176471,0.282352941176471,0.431372549019608",Color/Palettes/Process/PANTONE/PANTONE+/PantonePlusColorBridgeCoated.xml,2026-02-11 17:29:00
PANTONE 690 CP,382,1700,true,26.0,98.0,13.0,59.0,"0.26,0.98,0.13,0.59","0.2829,0.628078431372549,0.479803921568627",105,44,77,#692C4D,"0.411764705882353,0.172549019607843,0.301960784313725","0.364705882352941,0.188235294117647,0.301960784313725",Color/Palettes/Process/PANTONE/PANTONE+/PantonePlusColorBridgeCoated.xml,2026-02-11 17:29:00
PANTONE 510 CP,383,1700,true,0.0,26.0,2.0,0.0,"0.0,0.26,0.02,0.0","0.8067,0.583450980392157,0.513254901960784",236,186,196,#ECBAC4,"0.925490196078431,0.729411764705882,0.768627450980392","0.870588235294118,0.725490196078431,0.76078431372549",Color/Palettes/Process/PANTONE/PANTONE+/PantonePlusColorBridgeCoated.xml,2026-02-11 17:29:00
PANTONE 509 CP,384,1700,true,0.0,32.0,1.0,0.0,"0.0,0.32,0.01,0.0","0.7746,0.603529411764706,0.509803921568627",234,174,189,#EAAEBD,"0.917647058823529,0.682352941176471,0.741176470588235","0.854901960784314,0.674509803921569,0.733333333333333",Color/Palettes/Process/PANTONE/PANTONE+/PantonePlusColorBridgeCoated.xml,2026-02-11 17:29:00
PANTONE 508 CP,385,1700,true,1.0,37.0,3.0,0.0,"0.01,0.37,0.03,0.0","0.7517,0.606627450980392,0.51",229,167,182,#E5A7B6,"0.898039215686275,0.654901960784314,0.713725490196078","0.831372549019608,0.650980392156863,0.705882352941177",Color/Palettes/Process/PANTONE/PANTONE+/PantonePlusColorBridgeCoated.xml,2026-02-11 17:29:00
PANTONE 507 CP,386,1700,true,7.0,47.0,6.0,1.0,"0.07,0.47,0.06,0.01","0.6819,0.62156862745098,0.502078431372549",214,145,167,#D691A7,"0.83921568627451,0.568627450980392,0.654901960784314","0.768627450980392,0.564705882352941,0.647058823529412",Color/Palettes/Process/PANTONE/PANTONE+/PantonePlusColorBridgeCoated.xml,2026-02-11 17:29:00
PANTONE 506 CP,387,1700,true,20.0,87.0,28.0,37.0,"0.2,0.87,0.28,0.37","0.3803,0.644627450980392,0.50443137254902",138,63,90,#8A3F5A,"0.541176470588235,0.247058823529412,0.352941176470588","0.474509803921569,0.254901960784314,0.352941176470588",Color/Palettes/Process/PANTONE/PANTONE+/PantonePlusColorBridgeCoated.xml,2026-02-11 17:29:00
PANTONE 505 CP,388,1700,true,21.0,90.0,34.0,52.0,"0.21,0.9,0.34,0.52","0.3225,0.621450980392157,0.505607843137255",115,55,76,#73374C,"0.450980392156863,0.215686274509804,0.298039215686275","0.4,0.227450980392157,0.298039215686275",Color/Palettes/Process/PANTONE/PANTONE+/PantonePlusColorBridgeCoated.xml,2026-02-11 17:29:00
PANTONE 504 CP,389,1700,true,29.0,88.0,45.0,65.0,"0.29,0.88,0.45,0.65","0.2618,0.591058823529412,0.506274509803922",91,48,61,#5B303D,"0.356862745098039,0.188235294117647,0.23921568627451","0.32156862745098,0.2,0.247058823529412",Color/Palettes/Process/PANTONE/PANTONE+/PantonePlusColorBridgeCoated.xml,2026-02-11 17:29:00
PANTONE 7429 CP,390,1700,true,3.0,27.0,0.0,0.0,"0.03,0.27,0.0,0.0","0.7874,0.58278431372549,0.496980392156863",228,181,198,#E4B5C6,"0.894117647058824,0.709803921568627,0.776470588235294","0.843137254901961,0.705882352941177,0.768627450980392",Color/Palettes/Process/PANTONE/PANTONE+/PantonePlusColorBridgeCoated.xml,2026-02-11 17:29:00
PANTONE 7430 CP,391,1700,true,5.0,36.0,0.0,0.0,"0.05,0.36,0.0,0.0","0.7378,0.605843137254902,0.494980392156863",223,164,186,#DFA4BA,"0.874509803921569,0.643137254901961,0.729411764705882","0.811764705882353,0.635294117647059,0.717647058823529",Color/Palettes/Process/PANTONE/PANTONE+/PantonePlusColorBridgeCoated.xml,2026-02-11 17:29:00
PANTONE 7431 CP,392,1700,true,11.0,56.0,6.0,2.0,"0.11,0.56,0.06,0.02","0.6122,0.637529411764706,0.495294117647059",199,124,152,#C77C98,"0.780392156862745,0.486274509803922,0.596078431372549","0.705882352941177,0.482352941176471,0.588235294117647",Color/Palettes/Process/PANTONE/PANTONE+/PantonePlusColorBridgeCoated.xml,2026-02-11 17:29:00
PANTONE 7432 CP,393,1700,true,15.0,71.0,11.0,7.0,"0.15,0.71,0.11,0.07","0.5158,0.665450980392157,0.49921568627451",181,92,126,#B55C7E,"0.709803921568627,0.36078431372549,0.494117647058824","0.631372549019608,0.36078431372549,0.486274509803922",Color/Palettes/Process/PANTONE/PANTONE+/PantonePlusColorBridgeCoated.xml,2026-02-11 17:29:00
PANTONE 7433 CP,394,1700,true,12.0,88.0,18.0,18.0,"0.12,0.88,0.18,0.18","0.4301,0.699960784313726,0.513764705882353",169,58,99,#A93A63,"0.662745098039216,0.227450980392157,0.388235294117647","0.576470588235294,0.23921568627451,0.384313725490196",Color/Palettes/Process/PANTONE/PANTONE+/PantonePlusColorBridgeCoated.xml,2026-02-11 17:29:00
PANTONE 7434 CP,395,1700,true,13.0,91.0,21.0,25.0,"0.13,0.91,0.21,0.25","0.3962,0.690862745098039,0.515803921568627",157,52,90,#9D345A,"0.615686274509804,0.203921568627451,0.352941176470588","0.533333333333333,0.215686274509804,0.349019607843137",Color/Palettes/Process/PANTONE/PANTONE+/PantonePlusColorBridgeCoated.xml,2026-02-11 17:29:00
PANTONE 7435 CP,396,1700,true,14.0,97.0,13.0,38.0,"0.14,0.97,0.13,0.38","0.3394,0.68121568627451,0.502666666666667",137,40,82,#892852,"0.537254901960784,0.156862745098039,0.32156862745098","0.466666666666667,0.172549019607843,0.317647058823529",Color/Palettes/Process/PANTONE/PANTONE+/PantonePlusColorBridgeCoated.xml,2026-02-11 17:29:00
PANTONE 691 CP,397,1700,true,1.0,17.0,5.0,0.0,"0.01,0.17,0.05,0.0","0.8568,0.54243137254902,0.536509803921569",236,207,198,#ECCFC6,"0.925490196078431,0.811764705882353,0.776470588235294","0.894117647058824,0.807843137254902,0.772549019607843",Color/Palettes/Process/PANTONE/PANTONE+/PantonePlusColorBridgeCoated.xml,2026-02-11 17:29:00
PANTONE 692 CP,398,1700,true,3.0,25.0,8.0,0.0,"0.03,0.25,0.08,0.0","0.8016,0.563254901960784,0.536980392156863",229,189,183,#E5BDB7,"0.898039215686275,0.741176470588235,0.717647058823529","0.850980392156863,0.733333333333333,0.709803921568627",Color/Palettes/Process/PANTONE/PANTONE+/PantonePlusColorBridgeCoated.xml,2026-02-11 17:29:00
PANTONE 693 CP,399,1700,true,7.0,38.0,14.0,0.0,"0.07,0.38,0.14,0.0","0.7247,0.582117647058824,0.527372549019608",213,164,167,#D5A4A7,"0.835294117647059,0.643137254901961,0.654901960784314","0.784313725490196,0.63921568627451,0.647058823529412",Color/Palettes/Process/PANTONE/PANTONE+/PantonePlusColorBridgeCoated.xml,2026-02-11 17:29:00
PANTONE 694 CP,400,1700,true,12.0,51.0,21.0,5.0,"0.12,0.51,0.21,0.05","0.6241,0.606274509803922,0.520941176470588",193,133,143,#C1858F,"0.756862745098039,0.52156862745098,0.56078431372549","0.694117647058824,0.517647058823529,0.556862745098039",Color/Palettes/Process/PANTONE/PANTONE+/PantonePlusColorBridgeCoated.xml,2026-02-11 17:29:00
PANTONE 695 CP,401,1700,true,15.0,61.0,26.0,11.0,"0.15,0.61,0.26,0.11","0.55,0.620823529411765,0.524235294117647",178,111,123,#B26F7B,"0.698039215686274,0.435294117647059,0.482352941176471","0.631372549019608,0.435294117647059,0.47843137254902",Color/Palettes/Process/PANTONE/PANTONE+/PantonePlusColorBridgeCoated.xml,2026-02-11 17:29:00
PANTONE 696 CP,402,1700,true,16.0,76.0,38.0,27.0,"0.16,0.76,0.38,0.27","0.4356,0.633137254901961,0.532509803921569",151,79,92,#974F5C,"0.592156862745098,0.309803921568627,0.36078431372549","0.525490196078431,0.313725490196078,0.356862745098039",Color/Palettes/Process/PANTONE/PANTONE+/PantonePlusColorBridgeCoated.xml,2026-02-11 17:29:00
PANTONE 697 CP,403,1700,true,15.0,80.0,46.0,36.0,"0.15,0.8,0.46,0.36","0.3928,0.628627450980392,0.545921568627451",139,70,76,#8B464C,"0.545098039215686,0.274509803921569,0.298039215686275","0.482352941176471,0.27843137254902,0.301960784313725",Color/Palettes/Process/PANTONE/PANTONE+/PantonePlusColorBridgeCoated.xml,2026-02-11 17:29:00
PANTONE 496 CP,404,1700,true,0.0,23.0,1.0,0.0,"0.0,0.23,0.01,0.0","0.836,0.566705882352941,0.513294117647059",238,198,203,#EEC6CB,"0.933333333333333,0.776470588235294,0.796078431372549","0.886274509803922,0.768627450980392,0.792156862745098",Color/Palettes/Process/PANTONE/PANTONE+/PantonePlusColorBridgeCoated.xml,2026-02-11 17:29:00
PANTONE 495 CP,405,1700,true,0.0,28.0,1.0,0.0,"0.0,0.28,0.01,0.0","0.8115,0.580156862745098,0.515529411764706",236,188,196,#ECBCC4,"0.925490196078431,0.737254901960784,0.768627450980392","0.874509803921569,0.733333333333333,0.76078431372549",Color/Palettes/Process/PANTONE/PANTONE+/PantonePlusColorBridgeCoated.xml,2026-02-11 17:29:00
PANTONE 494 CP,406,1700,true,0.0,41.0,7.0,0.0,"0.0,0.41,0.07,0.0","0.749,0.615764705882353,0.527882352941176",233,164,173,#E9A4AD,"0.913725490196078,0.643137254901961,0.67843137254902","0.847058823529412,0.63921568627451,0.674509803921569",Color/Palettes/Process/PANTONE/PANTONE+/PantonePlusColorBridgeCoated.xml,2026-02-11 17:29:00
PANTONE 493 CP,407,1700,true,3.0,53.0,13.0,1.0,"0.03,0.53,0.13,0.01","0.672,0.643333333333333,0.532352941176471",222,138,151,#DE8A97,"0.870588235294118,0.541176470588235,0.592156862745098","0.788235294117647,0.537254901960784,0.584313725490196",Color/Palettes/Process/PANTONE/PANTONE+/PantonePlusColorBridgeCoated.xml,2026-02-11 17:29:00
PANTONE 492 CP,408,1700,true,6.0,89.0,60.0,39.0,"0.06,0.89,0.6,0.39","0.3858,0.655098039215686,0.568313725490196",146,61,66,#923D42,"0.572549019607843,0.23921568627451,0.258823529411765","0.501960784313725,0.247058823529412,0.262745098039216",Color/Palettes/Process/PANTONE/PANTONE+/PantonePlusColorBridgeCoated.xml,2026-02-11 17:29:00
PANTONE 491 CP,409,1700,true,9.0,89.0,59.0,48.0,"0.09,0.89,0.59,0.48","0.3603,0.635372549019608,0.560627450980392",133,60,63,#853C3F,"0.52156862745098,0.235294117647059,0.247058823529412","0.458823529411765,0.243137254901961,0.254901960784314",Color/Palettes/Process/PANTONE/PANTONE+/PantonePlusColorBridgeCoated.xml,2026-02-11 17:29:00
PANTONE 490 CP,410,1700,true,18.0,88.0,59.0,66.0,"0.18,0.88,0.59,0.66","0.2716,0.595607843137255,0.541333333333333",97,49,50,#613132,"0.380392156862745,0.192156862745098,0.196078431372549","0.341176470588235,0.203921568627451,0.207843137254902",Color/Palettes/Process/PANTONE/PANTONE+/PantonePlusColorBridgeCoated.xml,2026-02-11 17:29:00
PANTONE 503 CP,411,1700,true,1.0,22.0,7.0,0.0,"0.01,0.22,0.07,0.0","0.834,0.554862745098039,0.535764705882353",235,199,192,#EBC7C0,"0.92156862745098,0.780392156862745,0.752941176470588","0.882352941176471,0.776470588235294,0.749019607843137",Color/Palettes/Process/PANTONE/PANTONE+/PantonePlusColorBridgeCoated.xml,2026-02-11 17:29:00
PANTONE 502 CP,412,1700,true,2.0,27.0,6.0,0.0,"0.02,0.27,0.06,0.0","0.8044,0.571921568627451,0.52478431372549",232,188,189,#E8BCBD,"0.909803921568627,0.737254901960784,0.741176470588235","0.862745098039216,0.729411764705882,0.737254901960784",Color/Palettes/Process/PANTONE/PANTONE+/PantonePlusColorBridgeCoated.xml,2026-02-11 17:29:00
PANTONE 501 CP,413,1700,true,7.0,37.0,11.0,0.0,"0.07,0.37,0.11,0.0","0.7453,0.584941176470588,0.52356862745098",220,169,174,#DCA9AE,"0.862745098039216,0.662745098039216,0.682352941176471","0.807843137254902,0.658823529411765,0.674509803921569",Color/Palettes/Process/PANTONE/PANTONE+/PantonePlusColorBridgeCoated.xml,2026-02-11 17:29:00
PANTONE 500 CP,414,1700,true,12.0,50.0,21.0,5.0,"0.12,0.5,0.21,0.05","0.641,0.605254901960784,0.525607843137255",198,138,146,#C68A92,"0.776470588235294,0.541176470588235,0.572549019607843","0.713725490196078,0.537254901960784,0.564705882352941",Color/Palettes/Process/PANTONE/PANTONE+/PantonePlusColorBridgeCoated.xml,2026-02-11 17:29:00
PANTONE 499 CP,415,1700,true,18.0,75.0,60.0,46.0,"0.18,0.75,0.6,0.46","0.375,0.600862745098039,0.546941176470588",126,72,71,#7E4847,"0.494117647058824,0.282352941176471,0.27843137254902","0.443137254901961,0.286274509803922,0.282352941176471",Color/Palettes/Process/PANTONE/PANTONE+/PantonePlusColorBridgeCoated.xml,2026-02-11 17:29:00
PANTONE 498 CP,416,1700,true,23.0,76.0,61.0,54.0,"0.23,0.76,0.61,0.54","0.3198,0.582980392156863,0.536705882352941",105,63,62,#693F3E,"0.411764705882353,0.247058823529412,0.243137254901961","0.372549019607843,0.254901960784314,0.250980392156863",Color/Palettes/Process/PANTONE/PANTONE+/PantonePlusColorBridgeCoated.xml,2026-02-11 17:29:00
PANTONE 497 CP,417,1700,true,34.0,77.0,62.0,67.0,"0.34,0.77,0.62,0.67","0.2513,0.559254901960784,0.523137254901961",80,51,52,#503334,"0.313725490196078,0.2,0.203921568627451","0.290196078431373,0.215686274509804,0.215686274509804",Color/Palettes/Process/PANTONE/PANTONE+/PantonePlusColorBridgeCoated.xml,2026-02-11 17:29:00
PANTONE 5035 CP,418,1700,true,6.0,22.0,9.0,0.0,"0.06,0.22,0.09,0.0","0.8095,0.554156862745098,0.53121568627451",227,192,187,#E3C0BB,"0.890196078431372,0.752941176470588,0.733333333333333","0.850980392156863,0.749019607843137,0.729411764705882",Color/Palettes/Process/PANTONE/PANTONE+/PantonePlusColorBridgeCoated.xml,2026-02-11 17:29:00
PANTONE 5025 CP,419,1700,true,8.0,27.0,9.0,0.0,"0.08,0.27,0.09,0.0","0.7825,0.559764705882353,0.523803921568627",220,184,184,#DCB8B8,"0.862745098039216,0.72156862745098,0.72156862745098","0.823529411764706,0.717647058823529,0.713725490196078",Color/Palettes/Process/PANTONE/PANTONE+/PantonePlusColorBridgeCoated.xml,2026-02-11 17:29:00
PANTONE 5015 CP,420,1700,true,13.0,36.0,17.0,1.0,"0.13,0.36,0.17,0.01","0.7044,0.576078431372549,0.526",205,160,162,#CDA0A2,"0.803921568627451,0.627450980392157,0.635294117647059","0.752941176470588,0.623529411764706,0.627450980392157",Color/Palettes/Process/PANTONE/PANTONE+/PantonePlusColorBridgeCoated.xml,2026-02-11 17:29:00
PANTONE 5005 CP,421,1700,true,20.0,50.0,27.0,9.0,"0.2,0.5,0.27,0.09","0.5748,0.596156862745098,0.526313725490196",176,123,128,#B07B80,"0.690196078431373,0.482352941176471,0.501960784313725","0.635294117647059,0.47843137254902,0.498039215686275",Color/Palettes/Process/PANTONE/PANTONE+/PantonePlusColorBridgeCoated.xml,2026-02-11 17:29:00
PANTONE 4995 CP,422,1700,true,23.0,61.0,34.0,19.0,"0.23,0.61,0.34,0.19","0.4873,0.614941176470588,0.528627450980392",159,97,105,#9F6169,"0.623529411764706,0.380392156862745,0.411764705882353","0.56078431372549,0.380392156862745,0.411764705882353",Color/Palettes/Process/PANTONE/PANTONE+/PantonePlusColorBridgeCoated.xml,2026-02-11 17:29:00
PANTONE 4985 CP,423,1700,true,24.0,70.0,41.0,31.0,"0.24,0.7,0.41,0.31","0.4231,0.61121568627451,0.531450980392157",141,81,89,#8D5159,"0.552941176470588,0.317647058823529,0.349019607843137","0.494117647058824,0.32156862745098,0.349019607843137",Color/Palettes/Process/PANTONE/PANTONE+/PantonePlusColorBridgeCoated.xml,2026-02-11 17:29:00
PANTONE 4975 CP,424,1700,true,27.0,90.0,62.0,83.0,"0.27,0.9,0.62,0.83","0.2119,0.584392156862745,0.529921568627451",78,38,41,#4E2629,"0.305882352941176,0.149019607843137,0.16078431372549","0.27843137254902,0.164705882352941,0.176470588235294",Color/Palettes/Process/PANTONE/PANTONE+/PantonePlusColorBridgeCoated.xml,2026-02-11 17:29:00
PANTONE 236 CP,425,1700,true,5.0,38.0,0.0,0.0,"0.05,0.38,0.0,0.0","0.7545,0.617843137254902,0.480470588235294",231,166,197,#E7A6C5,"0.905882352941176,0.650980392156863,0.772549019607843","0.83921568627451,0.643137254901961,0.764705882352941",Color/Palettes/Process/PANTONE/PANTONE+/PantonePlusColorBridgeCoated.xml,2026-02-11 17:29:00
PANTONE 237 CP,426,1700,true,7.0,53.0,0.0,0.0,"0.07,0.53,0.0,0.0","0.6973,0.649450980392157,0.473372549019608",225,144,185,#E190B9,"0.882352941176471,0.564705882352941,0.725490196078431","0.803921568627451,0.556862745098039,0.713725490196078",Color/Palettes/Process/PANTONE/PANTONE+/PantonePlusColorBridgeCoated.xml,2026-02-11 17:29:00
PANTONE 238 CP,427,1700,true,11.0,70.0,0.0,0.0,"0.11,0.7,0.0,0.0","0.6105,0.689019607843137,0.463921568627451",213,111,167,#D56FA7,"0.835294117647059,0.435294117647059,0.654901960784314","0.745098039215686,0.431372549019608,0.63921568627451",Color/Palettes/Process/PANTONE/PANTONE+/PantonePlusColorBridgeCoated.xml,2026-02-11 17:29:00
PANTONE 239 CP,428,1700,true,14.0,81.0,0.0,0.0,"0.14,0.81,0.0,0.0","0.5565,0.716666666666667,0.459607843137255",207,88,154,#CF589A,"0.811764705882353,0.345098039215686,0.603921568627451","0.709803921568627,0.345098039215686,0.592156862745098",Color/Palettes/Process/PANTONE/PANTONE+/PantonePlusColorBridgeCoated.xml,2026-02-11 17:29:00
PANTONE 240 CP,429,1700,true,20.0,90.0,0.0,0.0,"0.2,0.9,0.0,0.0","0.4989,0.729098039215686,0.447019607843137",193,67,145,#C14391,"0.756862745098039,0.262745098039216,0.568627450980392","0.654901960784314,0.270588235294118,0.552941176470588",Color/Palettes/Process/PANTONE/PANTONE+/PantonePlusColorBridgeCoated.xml,2026-02-11 17:29:00
PANTONE 241 CP,430,1700,true,28.0,100.0,0.0,0.0,"0.28,1.0,0.0,0.0","0.4331,0.749176470588235,0.437333333333333",179,36,132,#B32484,"0.701960784313725,0.141176470588235,0.517647058823529","0.603921568627451,0.156862745098039,0.505882352941176",Color/Palettes/Process/PANTONE/PANTONE+/PantonePlusColorBridgeCoated.xml,2026-02-11 17:29:00
PANTONE 242 CP,431,1700,true,32.0,100.0,0.0,29.0,"0.32,1.0,0.0,0.29","0.3481,0.680509803921569,0.462705882352941",137,43,100,#892B64,"0.537254901960784,0.168627450980392,0.392156862745098","0.462745098039216,0.184313725490196,0.384313725490196",Color/Palettes/Process/PANTONE/PANTONE+/PantonePlusColorBridgeCoated.xml,2026-02-11 17:29:00
PANTONE 2365 CP,432,1700,true,3.0,29.0,0.0,0.0,"0.03,0.29,0.0,0.0","0.7968,0.597176470588235,0.484745098039216",235,181,207,#EBB5CF,"0.92156862745098,0.709803921568627,0.811764705882353","0.866666666666667,0.705882352941177,0.8",Color/Palettes/Process/PANTONE/PANTONE+/PantonePlusColorBridgeCoated.xml,2026-02-11 17:29:00
PANTONE 2375 CP,433,1700,true,12.0,59.0,0.0,0.0,"0.12,0.59,0.0,0.0","0.6424,0.65956862745098,0.459019607843137",212,127,177,#D47FB1,"0.831372549019608,0.498039215686275,0.694117647058824","0.749019607843137,0.494117647058824,0.682352941176471",Color/Palettes/Process/PANTONE/PANTONE+/PantonePlusColorBridgeCoated.xml,2026-02-11 17:29:00
PANTONE 2385 CP,434,1700,true,19.0,82.0,0.0,0.0,"0.19,0.82,0.0,0.0","0.5389,0.711372549019608,0.446235294117647",198,85,155,#C6559B,"0.776470588235294,0.333333333333333,0.607843137254902","0.682352941176471,0.337254901960784,0.596078431372549",Color/Palettes/Process/PANTONE/PANTONE+/PantonePlusColorBridgeCoated.xml,2026-02-11 17:29:00
PANTONE 2395 CP,435,1700,true,23.0,96.0,0.0,0.0,"0.23,0.96,0.0,0.0","0.4638,0.743450980392157,0.439529411764706",186,50,139,#BA328B,"0.729411764705882,0.196078431372549,0.545098039215686","0.631372549019608,0.207843137254902,0.533333333333333",Color/Palettes/Process/PANTONE/PANTONE+/PantonePlusColorBridgeCoated.xml,2026-02-11 17:29:00
PANTONE 2405 CP,436,1700,true,31.0,100.0,0.0,1.0,"0.31,1.0,0.0,0.01","0.4166,0.746235294117647,0.432745098039216",173,31,130,#AD1F82,"0.67843137254902,0.12156862745098,0.509803921568627","0.580392156862745,0.141176470588235,0.498039215686275",Color/Palettes/Process/PANTONE/PANTONE+/PantonePlusColorBridgeCoated.xml,2026-02-11 17:29:00
PANTONE 2415 CP,437,1700,true,35.0,100.0,0.0,6.0,"0.35,1.0,0.0,0.06","0.3923,0.732862745098039,0.422901960784314",161,31,127,#A11F7F,"0.631372549019608,0.12156862745098,0.498039215686275","0.541176470588235,0.145098039215686,0.486274509803922",Color/Palettes/Process/PANTONE/PANTONE+/PantonePlusColorBridgeCoated.xml,2026-02-11 17:29:00
PANTONE 2425 CP,438,1700,true,36.0,100.0,0.0,23.0,"0.36,1.0,0.0,0.23","0.3261,0.707529411764706,0.433803921568627",136,23,106,#88176A,"0.533333333333333,0.0901960784313725,0.415686274509804","0.458823529411765,0.113725490196078,0.407843137254902",Color/Palettes/Process/PANTONE/PANTONE+/PantonePlusColorBridgeCoated.xml,2026-02-11 17:29:00
PANTONE 243 CP,439,1700,true,6.0,29.0,0.0,0.0,"0.06,0.29,0.0,0.0","0.7792,0.59756862745098,0.481490196078431",230,177,203,#E6B1CB,"0.901960784313726,0.694117647058824,0.796078431372549","0.843137254901961,0.686274509803922,0.788235294117647",Color/Palettes/Process/PANTONE/PANTONE+/PantonePlusColorBridgeCoated.xml,2026-02-11 17:29:00
PANTONE 244 CP,440,1700,true,10.0,43.0,0.0,0.0,"0.1,0.43,0.0,0.0","0.7069,0.628,0.469764705882353",220,151,189,#DC97BD,"0.862745098039216,0.592156862745098,0.741176470588235","0.792156862745098,0.588235294117647,0.729411764705882",Color/Palettes/Process/PANTONE/PANTONE+/PantonePlusColorBridgeCoated.xml,2026-02-11 17:29:00
PANTONE 245 CP,441,1700,true,14.0,56.0,0.0,0.0,"0.14,0.56,0.0,0.0","0.6373,0.651490196078431,0.455607843137255",207,128,177,#CF80B1,"0.811764705882353,0.501960784313725,0.694117647058824","0.733333333333333,0.498039215686275,0.682352941176471",Color/Palettes/Process/PANTONE/PANTONE+/PantonePlusColorBridgeCoated.xml,2026-02-11 17:29:00
PANTONE 246 CP,442,1700,true,27.0,89.0,0.0,0.0,"0.27,0.89,0.0,0.0","0.4892,0.714313725490196,0.435803921568627",184,70,147,#B84693,"0.72156862745098,0.274509803921569,0.576470588235294","0.627450980392157,0.282352941176471,0.56078431372549",Color/Palettes/Process/PANTONE/PANTONE+/PantonePlusColorBridgeCoated.xml,2026-02-11 17:29:00
PANTONE 247 CP,443,1700,true,30.0,94.0,0.0,0.0,"0.3,0.94,0.0,0.0","0.4533,0.725411764705882,0.428",177,56,141,#B1388D,"0.694117647058824,0.219607843137255,0.552941176470588","0.6,0.227450980392157,0.537254901960784",Color/Palettes/Process/PANTONE/PANTONE+/PantonePlusColorBridgeCoated.xml,2026-02-11 17:29:00
PANTONE 248 CP,444,1700,true,37.0,100.0,0.0,0.0,"0.37,1.0,0.0,0.0","0.4147,0.725921568627451,0.417490196078431",165,44,135,#A52C87,"0.647058823529412,0.172549019607843,0.529411764705882","0.556862745098039,0.188235294117647,0.517647058823529",Color/Palettes/Process/PANTONE/PANTONE+/PantonePlusColorBridgeCoated.xml,2026-02-11 17:29:00
PANTONE 249 CP,445,1700,true,43.0,100.0,0.0,17.0,"0.43,1.0,0.0,0.17","0.3493,0.66956862745098,0.422392156862745",130,49,116,#823174,"0.509803921568627,0.192156862745098,0.454901960784314","0.443137254901961,0.203921568627451,0.443137254901961",Color/Palettes/Process/PANTONE/PANTONE+/PantonePlusColorBridgeCoated.xml,2026-02-11 17:29:00
PANTONE 7646 CP,446,1700,true,25.0,59.0,15.0,9.0,"0.25,0.59,0.15,0.09","0.5322,0.603921568627451,0.491137254901961",164,110,133,#A46E85,"0.643137254901961,0.431372549019608,0.52156862745098","0.588235294117647,0.431372549019608,0.513725490196078",Color/Palettes/Process/PANTONE/PANTONE+/PantonePlusColorBridgeCoated.xml,2026-02-11 17:29:00
PANTONE 7647 CP,447,1700,true,20.0,87.0,7.0,11.0,"0.2,0.87,0.07,0.11","0.4514,0.69,0.479882352941176",170,68,118,#AA4476,"0.666666666666667,0.266666666666667,0.462745098039216","0.580392156862745,0.274509803921569,0.454901960784314",Color/Palettes/Process/PANTONE/PANTONE+/PantonePlusColorBridgeCoated.xml,2026-02-11 17:29:00
PANTONE 7648 CP,448,1700,true,21.0,100.0,0.0,19.0,"0.21,1.0,0.0,0.19","0.3812,0.713843137254902,0.459450980392157",156,38,110,#9C266E,"0.611764705882353,0.149019607843137,0.431372549019608","0.525490196078431,0.168627450980392,0.419607843137255",Color/Palettes/Process/PANTONE/PANTONE+/PantonePlusColorBridgeCoated.xml,2026-02-11 17:29:00
PANTONE 7649 CP,449,1700,true,27.0,100.0,0.0,25.0,"0.27,1.0,0.0,0.25","0.3508,0.698627450980392,0.451843137254902",142,36,105,#8E2469,"0.556862745098039,0.141176470588235,0.411764705882353","0.47843137254902,0.16078431372549,0.403921568627451",Color/Palettes/Process/PANTONE/PANTONE+/PantonePlusColorBridgeCoated.xml,2026-02-11 17:29:00
PANTONE 7650 CP,450,1700,true,35.0,100.0,0.0,38.0,"0.35,1.0,0.0,0.38","0.3137,0.662352941176471,0.454980392156863",121,41,94,#79295E,"0.474509803921569,0.16078431372549,0.368627450980392","0.415686274509804,0.176470588235294,0.364705882352941",Color/Palettes/Process/PANTONE/PANTONE+/PantonePlusColorBridgeCoated.xml,2026-02-11 17:29:00
PANTONE 7651 CP,451,1700,true,46.0,98.0,1.0,35.0,"0.46,0.98,0.01,0.35","0.3164,0.639254901960784,0.449843137254902",114,49,96,#723160,"0.447058823529412,0.192156862745098,0.376470588235294","0.396078431372549,0.207843137254902,0.372549019607843",Color/Palettes/Process/PANTONE/PANTONE+/PantonePlusColorBridgeCoated.xml,2026-02-11 17:29:00
PANTONE 7652 CP,452,1700,true,48.0,99.0,3.0,46.0,"0.48,0.99,0.03,0.46","0.2831,0.624666666666667,0.458705882352941",102,45,85,#662D55,"0.4,0.176470588235294,0.333333333333333","0.356862745098039,0.192156862745098,0.329411764705882",Color/Palettes/Process/PANTONE/PANTONE+/PantonePlusColorBridgeCoated.xml,2026-02-11 17:29:00
PANTONE 250 CP,453,1700,true,7.0,29.0,0.0,0.0,"0.07,0.29,0.0,0.0","0.7966,0.587333333333333,0.48121568627451",231,183,208,#E7B7D0,"0.905882352941176,0.717647058823529,0.815686274509804","0.854901960784314,0.713725490196078,0.807843137254902",Color/Palettes/Process/PANTONE/PANTONE+/PantonePlusColorBridgeCoated.xml,2026-02-11 17:29:00
PANTONE 251 CP,454,1700,true,13.0,42.0,0.0,0.0,"0.13,0.42,0.0,0.0","0.705,0.609529411764706,0.460235294117647",211,154,193,#D39AC1,"0.827450980392157,0.603921568627451,0.756862745098039","0.764705882352941,0.6,0.745098039215686",Color/Palettes/Process/PANTONE/PANTONE+/PantonePlusColorBridgeCoated.xml,2026-02-11 17:29:00
PANTONE 252 CP,455,1700,true,26.0,67.0,0.0,0.0,"0.26,0.67,0.0,0.0","0.5775,0.64843137254902,0.436274509803922",186,113,169,#BA71A9,"0.729411764705882,0.443137254901961,0.662745098039216","0.658823529411765,0.43921568627451,0.650980392156863",Color/Palettes/Process/PANTONE/PANTONE+/PantonePlusColorBridgeCoated.xml,2026-02-11 17:29:00
PANTONE Purple CP,456,1700,true,36.0,89.0,0.0,0.0,"0.36,0.89,0.0,0.0","0.468,0.692196078431373,0.419372549019608",169,73,148,#A94994,"0.662745098039216,0.286274509803922,0.580392156862745","0.580392156862745,0.290196078431373,0.568627450980392",Color/Palettes/Process/PANTONE/PANTONE+/PantonePlusColorBridgeCoated.xml,2026-02-11 17:29:00
PANTONE 253 CP,457,1700,true,40.0,95.0,0.0,0.0,"0.4,0.95,0.0,0.0","0.4289,0.704627450980392,0.412392156862745",161,58,141,#A13A8D,"0.631372549019608,0.227450980392157,0.552941176470588","0.549019607843137,0.235294117647059,0.537254901960784",Color/Palettes/Process/PANTONE/PANTONE+/PantonePlusColorBridgeCoated.xml,2026-02-11 17:29:00
PANTONE 254 CP,458,1700,true,46.0,98.0,0.0,0.0,"0.46,0.98,0.0,0.0","0.397,0.707921568627451,0.406117647058824",153,47,135,#992F87,"0.6,0.184313725490196,0.529411764705882","0.517647058823529,0.2,0.517647058823529",Color/Palettes/Process/PANTONE/PANTONE+/PantonePlusColorBridgeCoated.xml,2026-02-11 17:29:00
PANTONE 255 CP,459,1700,true,53.0,100.0,0.0,16.0,"0.53,1.0,0.0,0.16","0.3172,0.676745098039216,0.411960784313725",122,37,112,#7A2570,"0.47843137254902,0.145098039215686,0.43921568627451","0.415686274509804,0.164705882352941,0.431372549019608",Color/Palettes/Process/PANTONE/PANTONE+/PantonePlusColorBridgeCoated.xml,2026-02-11 17:29:00
PANTONE 517 CP,460,1700,true,1.0,22.0,0.0,0.0,"0.01,0.22,0.0,0.0","0.8407,0.570705882352941,0.488862745098039",238,198,216,#EEC6D8,"0.933333333333333,0.776470588235294,0.847058823529412","0.890196078431372,0.772549019607843,0.843137254901961",Color/Palettes/Process/PANTONE/PANTONE+/PantonePlusColorBridgeCoated.xml,2026-02-11 17:29:00
PANTONE 516 CP,461,1700,true,4.0,26.0,0.0,0.0,"0.04,0.26,0.0,0.0","0.8138,0.578470588235294,0.482588235294118",232,190,212,#E8BED4,"0.909803921568627,0.745098039215686,0.831372549019608","0.862745098039216,0.737254901960784,0.823529411764706",Color/Palettes/Process/PANTONE/PANTONE+/PantonePlusColorBridgeCoated.xml,2026-02-11 17:29:00
PANTONE 515 CP,462,1700,true,7.0,35.0,0.0,0.0,"0.07,0.35,0.0,0.0","0.7584,0.602156862745098,0.474274509803922",225,170,201,#E1AAC9,"0.882352941176471,0.666666666666667,0.788235294117647","0.823529411764706,0.662745098039216,0.776470588235294",Color/Palettes/Process/PANTONE/PANTONE+/PantonePlusColorBridgeCoated.xml,2026-02-11 17:29:00
PANTONE 514 CP,463,1700,true,14.0,51.0,0.0,0.0,"0.14,0.51,0.0,0.0","0.6744,0.62843137254902,0.457529411764706",209,142,186,#D18EBA,"0.819607843137255,0.556862745098039,0.729411764705882","0.752941176470588,0.552941176470588,0.717647058823529",Color/Palettes/Process/PANTONE/PANTONE+/PantonePlusColorBridgeCoated.xml,2026-02-11 17:29:00
PANTONE 513 CP,464,1700,true,48.0,96.0,0.0,0.0,"0.48,0.96,0.0,0.0","0.4333,0.684745098039216,0.404313725490196",155,66,145,#9B4291,"0.607843137254902,0.258823529411765,0.568627450980392","0.533333333333333,0.266666666666667,0.556862745098039",Color/Palettes/Process/PANTONE/PANTONE+/PantonePlusColorBridgeCoated.xml,2026-02-11 17:29:00
PANTONE 512 CP,465,1700,true,48.0,96.0,1.0,10.0,"0.48,0.96,0.01,0.1","0.3843,0.660588235294118,0.421058823529412",136,61,125,#883D7D,"0.533333333333333,0.23921568627451,0.490196078431373","0.470588235294118,0.247058823529412,0.47843137254902",Color/Palettes/Process/PANTONE/PANTONE+/PantonePlusColorBridgeCoated.xml,2026-02-11 17:29:00
PANTONE 511 CP,466,1700,true,45.0,92.0,12.0,47.0,"0.45,0.92,0.12,0.47","0.2876,0.612705882352941,0.468666666666667",101,49,82,#653152,"0.396078431372549,0.192156862745098,0.32156862745098","0.352941176470588,0.207843137254902,0.32156862745098",Color/Palettes/Process/PANTONE/PANTONE+/PantonePlusColorBridgeCoated.xml,2026-02-11 17:29:00
PANTONE 7653 CP,481,1700,true,38.0,40.0,20.0,7.0,"0.38,0.4,0.2,0.07","0.5591,0.534392156862745,0.493921568627451",145,130,137,#918289,"0.568627450980392,0.509803921568627,0.537254901960784","0.545098039215686,0.505882352941176,0.533333333333333",Color/Palettes/Process/PANTONE/PANTONE+/PantonePlusColorBridgeCoated.xml,2026-02-11 17:29:00
PANTONE 7654 CP,482,1700,true,32.0,55.0,6.0,4.0,"0.32,0.55,0.06,0.04","0.5228,0.59878431372549,0.456078431372549",155,110,145,#9B6E91,"0.607843137254902,0.431372549019608,0.568627450980392","0.56078431372549,0.427450980392157,0.56078431372549",Color/Palettes/Process/PANTONE/PANTONE+/PantonePlusColorBridgeCoated.xml,2026-02-11 17:29:00
PANTONE 7655 CP,483,1700,true,36.0,74.0,0.0,0.0,"0.36,0.74,0.0,0.0","0.4672,0.647411764705882,0.42443137254902",154,85,145,#9A5591,"0.603921568627451,0.333333333333333,0.568627450980392","0.541176470588235,0.337254901960784,0.556862745098039",Color/Palettes/Process/PANTONE/PANTONE+/PantonePlusColorBridgeCoated.xml,2026-02-11 17:29:00
PANTONE 7656 CP,484,1700,true,45.0,91.0,0.0,3.0,"0.45,0.91,0.0,0.03","0.3922,0.66321568627451,0.415137254901961",138,62,130,#8A3E82,"0.541176470588235,0.243137254901961,0.509803921568627","0.47843137254902,0.250980392156863,0.498039215686275",Color/Palettes/Process/PANTONE/PANTONE+/PantonePlusColorBridgeCoated.xml,2026-02-11 17:29:00
PANTONE 7657 CP,485,1700,true,49.0,99.0,0.0,27.0,"0.49,0.99,0.0,0.27","0.3317,0.639647058823529,0.431960784313726",117,53,107,#75356B,"0.458823529411765,0.207843137254902,0.419607843137255","0.403921568627451,0.219607843137255,0.411764705882353",Color/Palettes/Process/PANTONE/PANTONE+/PantonePlusColorBridgeCoated.xml,2026-02-11 17:29:00
PANTONE 7658 CP,486,1700,true,49.0,90.0,8.0,32.0,"0.49,0.9,0.08,0.32","0.3485,0.612078431372549,0.449058823529412",114,64,104,#724068,"0.447058823529412,0.250980392156863,0.407843137254902","0.4,0.258823529411765,0.403921568627451",Color/Palettes/Process/PANTONE/PANTONE+/PantonePlusColorBridgeCoated.xml,2026-02-11 17:29:00
PANTONE 7659 CP,487,1700,true,52.0,83.0,20.0,43.0,"0.52,0.83,0.2,0.43","0.3281,0.582941176470588,0.470235294117647",101,65,90,#65415A,"0.396078431372549,0.254901960784314,0.352941176470588","0.364705882352941,0.262745098039216,0.352941176470588",Color/Palettes/Process/PANTONE/PANTONE+/PantonePlusColorBridgeCoated.xml,2026-02-11 17:29:00
PANTONE 5175 CP,502,1700,true,9.0,18.0,3.0,0.0,"0.09,0.18,0.03,0.0","0.8184,0.533254901960784,0.502980392156863",217,199,203,#D9C7CB,"0.850980392156863,0.780392156862745,0.796078431372549","0.827450980392157,0.772549019607843,0.788235294117647",Color/Palettes/Process/PANTONE/PANTONE+/PantonePlusColorBridgeCoated.xml,2026-02-11 17:29:00
PANTONE 5165 CP,503,1700,true,11.0,21.0,3.0,0.0,"0.11,0.21,0.03,0.0","0.7979,0.536901960784314,0.494980392156863",211,193,201,#D3C1C9,"0.827450980392157,0.756862745098039,0.788235294117647","0.803921568627451,0.749019607843137,0.780392156862745",Color/Palettes/Process/PANTONE/PANTONE+/PantonePlusColorBridgeCoated.xml,2026-02-11 17:29:00
PANTONE 5155 CP,504,1700,true,20.0,33.0,7.0,1.0,"0.2,0.33,0.07,0.01","0.7141,0.552156862745098,0.48956862745098",194,167,181,#C2A7B5,"0.76078431372549,0.654901960784314,0.709803921568627","0.725490196078431,0.650980392156863,0.701960784313725",Color/Palettes/Process/PANTONE/PANTONE+/PantonePlusColorBridgeCoated.xml,2026-02-11 17:29:00
PANTONE 5145 CP,505,1700,true,34.0,53.0,13.0,7.0,"0.34,0.53,0.13,0.07","0.5591,0.576980392156863,0.475647058823529",159,123,146,#9F7B92,"0.623529411764706,0.482352941176471,0.572549019607843","0.584313725490196,0.47843137254902,0.564705882352941",Color/Palettes/Process/PANTONE/PANTONE+/PantonePlusColorBridgeCoated.xml,2026-02-11 17:29:00
PANTONE 5135 CP,506,1700,true,43.0,68.0,17.0,19.0,"0.43,0.68,0.17,0.19","0.4555,0.592627450980392,0.470392156862745",137,94,122,#895E7A,"0.537254901960784,0.368627450980392,0.47843137254902","0.494117647058824,0.368627450980392,0.470588235294118",Color/Palettes/Process/PANTONE/PANTONE+/PantonePlusColorBridgeCoated.xml,2026-02-11 17:29:00
PANTONE 5125 CP,507,1700,true,48.0,82.0,16.0,34.0,"0.48,0.82,0.16,0.34","0.3763,0.597686274509804,0.466117647058824",118,74,104,#764A68,"0.462745098039216,0.290196078431373,0.407843137254902","0.419607843137255,0.294117647058824,0.403921568627451",Color/Palettes/Process/PANTONE/PANTONE+/PantonePlusColorBridgeCoated.xml,2026-02-11 17:29:00
PANTONE 5115 CP,508,1700,true,48.0,91.0,17.0,59.0,"0.48,0.91,0.17,0.59","0.2844,0.589725490196078,0.474627450980392",93,53,78,#5D354E,"0.364705882352941,0.207843137254902,0.305882352941176","0.333333333333333,0.219607843137255,0.309803921568627",Color/Palettes/Process/PANTONE/PANTONE+/PantonePlusColorBridgeCoated.xml,2026-02-11 17:29:00
PANTONE 5245 CP,495,1700,true,8.0,15.0,1.0,0.0,"0.08,0.15,0.01,0.0","0.8415,0.529960784313725,0.500274509803922",221,206,211,#DDCED3,"0.866666666666667,0.807843137254902,0.827450980392157","0.847058823529412,0.8,0.819607843137255",Color/Palettes/Process/PANTONE/PANTONE+/PantonePlusColorBridgeCoated.xml,2026-02-11 17:29:00
PANTONE 5235 CP,496,1700,true,13.0,22.0,5.0,0.0,"0.13,0.22,0.05,0.0","0.7859,0.539725490196078,0.499411764705882",210,189,196,#D2BDC4,"0.823529411764706,0.741176470588235,0.768627450980392","0.796078431372549,0.733333333333333,0.76078431372549",Color/Palettes/Process/PANTONE/PANTONE+/PantonePlusColorBridgeCoated.xml,2026-02-11 17:29:00
PANTONE 5225 CP,497,1700,true,18.0,27.0,7.0,0.0,"0.18,0.27,0.07,0.0","0.7453,0.543254901960784,0.501098039215686",200,177,184,#C8B1B8,"0.784313725490196,0.694117647058824,0.72156862745098","0.756862745098039,0.690196078431373,0.713725490196078",Color/Palettes/Process/PANTONE/PANTONE+/PantonePlusColorBridgeCoated.xml,2026-02-11 17:29:00
PANTONE 5215 CP,498,1700,true,27.0,38.0,12.0,3.0,"0.27,0.38,0.12,0.03","0.6564,0.555254901960784,0.492117647058823",179,152,164,#B398A4,"0.701960784313725,0.596078431372549,0.643137254901961","0.666666666666667,0.588235294117647,0.635294117647059",Color/Palettes/Process/PANTONE/PANTONE+/PantonePlusColorBridgeCoated.xml,2026-02-11 17:29:00
PANTONE 5205 CP,499,1700,true,41.0,58.0,21.0,16.0,"0.41,0.58,0.21,0.16","0.4984,0.570392156862745,0.489960784313725",143,108,124,#8F6C7C,"0.56078431372549,0.423529411764706,0.486274509803922","0.52156862745098,0.423529411764706,0.482352941176471",Color/Palettes/Process/PANTONE/PANTONE+/PantonePlusColorBridgeCoated.xml,2026-02-11 17:29:00
PANTONE 5195 CP,500,1700,true,50.0,73.0,26.0,35.0,"0.5,0.73,0.26,0.35","0.3783,0.575686274509804,0.489607843137255",114,78,95,#724E5F,"0.447058823529412,0.305882352941176,0.372549019607843","0.411764705882353,0.309803921568627,0.368627450980392",Color/Palettes/Process/PANTONE/PANTONE+/PantonePlusColorBridgeCoated.xml,2026-02-11 17:29:00
PANTONE 5185 CP,501,1700,true,57.0,82.0,30.0,59.0,"0.57,0.82,0.3,0.59","0.2802,0.557294117647059,0.491843137254902",83,59,70,#533B46,"0.325490196078431,0.231372549019608,0.274509803921569","0.305882352941176,0.23921568627451,0.282352941176471",Color/Palettes/Process/PANTONE/PANTONE+/PantonePlusColorBridgeCoated.xml,2026-02-11 17:29:00
PANTONE 524 CP,488,1700,true,11.0,21.0,0.0,0.0,"0.11,0.21,0.0,0.0","0.7857,0.546941176470588,0.472666666666667",209,188,208,#D1BCD0,"0.819607843137255,0.737254901960784,0.815686274509804","0.792156862745098,0.729411764705882,0.807843137254902",Color/Palettes/Process/PANTONE/PANTONE+/PantonePlusColorBridgeCoated.xml,2026-02-11 17:29:00
PANTONE 523 CP,489,1700,true,16.0,30.0,0.0,0.0,"0.16,0.3,0.0,0.0","0.7364,0.561803921568627,0.453529411764706",199,172,204,#C7ACCC,"0.780392156862745,0.674509803921569,0.8","0.745098039215686,0.670588235294118,0.788235294117647",Color/Palettes/Process/PANTONE/PANTONE+/PantonePlusColorBridgeCoated.xml,2026-02-11 17:29:00
PANTONE 522 CP,490,1700,true,24.0,40.0,0.0,0.0,"0.24,0.4,0.0,0.0","0.6672,0.572549019607843,0.435960784313725",181,152,193,#B598C1,"0.709803921568627,0.596078431372549,0.756862745098039","0.674509803921569,0.592156862745098,0.745098039215686",Color/Palettes/Process/PANTONE/PANTONE+/PantonePlusColorBridgeCoated.xml,2026-02-11 17:29:00
PANTONE 521 CP,491,1700,true,35.0,54.0,0.0,0.0,"0.35,0.54,0.0,0.0","0.5788,0.593607843137255,0.418901960784314",163,125,177,#A37DB1,"0.63921568627451,0.490196078431373,0.694117647058824","0.596078431372549,0.486274509803922,0.67843137254902",Color/Palettes/Process/PANTONE/PANTONE+/PantonePlusColorBridgeCoated.xml,2026-02-11 17:29:00
PANTONE 520 CP,492,1700,true,63.0,99.0,0.0,20.0,"0.63,0.99,0.0,0.2","0.3075,0.625372549019608,0.400666666666667",102,52,114,#663472,"0.4,0.203921568627451,0.447058823529412","0.356862745098039,0.215686274509804,0.435294117647059",Color/Palettes/Process/PANTONE/PANTONE+/PantonePlusColorBridgeCoated.xml,2026-02-11 17:29:00
PANTONE 519 CP,493,1700,true,62.0,92.0,6.0,34.0,"0.62,0.92,0.06,0.34","0.3004,0.591019607843137,0.425294117647059",92,58,102,#5C3A66,"0.36078431372549,0.227450980392157,0.4","0.329411764705882,0.235294117647059,0.392156862745098",Color/Palettes/Process/PANTONE/PANTONE+/PantonePlusColorBridgeCoated.xml,2026-02-11 17:29:00
PANTONE 518 CP,494,1700,true,60.0,84.0,22.0,54.0,"0.6,0.84,0.22,0.54","0.2682,0.562470588235294,0.456470588235294",78,55,81,#4E3751,"0.305882352941176,0.215686274509804,0.317647058823529","0.290196078431373,0.227450980392157,0.317647058823529",Color/Palettes/Process/PANTONE/PANTONE+/PantonePlusColorBridgeCoated.xml,2026-02-11 17:29:00
PANTONE 7436 CP,467,1700,true,2.0,12.0,0.0,0.0,"0.02,0.12,0.0,0.0","0.8838,0.545843137254902,0.492313725490196",240,215,227,#F0D7E3,"0.941176470588235,0.843137254901961,0.890196078431372","0.909803921568627,0.83921568627451,0.882352941176471",Color/Palettes/Process/PANTONE/PANTONE+/PantonePlusColorBridgeCoated.xml,2026-02-11 17:29:00
PANTONE 7437 CP,468,1700,true,15.0,32.0,0.0,0.0,"0.15,0.32,0.0,0.0","0.7178,0.576705882352941,0.449725490196078",199,164,201,#C7A4C9,"0.780392156862745,0.643137254901961,0.788235294117647","0.741176470588235,0.63921568627451,0.776470588235294",Color/Palettes/Process/PANTONE/PANTONE+/PantonePlusColorBridgeCoated.xml,2026-02-11 17:29:00
PANTONE 7438 CP,469,1700,true,14.0,41.0,0.0,0.0,"0.14,0.41,0.0,0.0","0.6897,0.609490196078431,0.454235294117647",205,151,191,#CD97BF,"0.803921568627451,0.592156862745098,0.749019607843137","0.745098039215686,0.584313725490196,0.737254901960784",Color/Palettes/Process/PANTONE/PANTONE+/PantonePlusColorBridgeCoated.xml,2026-02-11 17:29:00
PANTONE 7439 CP,470,1700,true,27.0,50.0,0.0,0.0,"0.27,0.5,0.0,0.0","0.6227,0.597137254901961,0.428235294117647",178,136,184,#B288B8,"0.698039215686274,0.533333333333333,0.72156862745098","0.650980392156863,0.529411764705882,0.709803921568627",Color/Palettes/Process/PANTONE/PANTONE+/PantonePlusColorBridgeCoated.xml,2026-02-11 17:29:00
PANTONE 7440 CP,471,1700,true,34.0,57.0,0.0,0.0,"0.34,0.57,0.0,0.0","0.5629,0.601333333333333,0.432705882352941",164,119,166,#A477A6,"0.643137254901961,0.466666666666667,0.650980392156863","0.596078431372549,0.466666666666667,0.63921568627451",Color/Palettes/Process/PANTONE/PANTONE+/PantonePlusColorBridgeCoated.xml,2026-02-11 17:29:00
PANTONE 7441 CP,472,1700,true,45.0,71.0,0.0,0.0,"0.45,0.71,0.0,0.0","0.4976,0.630901960784314,0.406470588235294",154,97,161,#9A61A1,"0.603921568627451,0.380392156862745,0.631372549019608","0.545098039215686,0.380392156862745,0.615686274509804",Color/Palettes/Process/PANTONE/PANTONE+/PantonePlusColorBridgeCoated.xml,2026-02-11 17:29:00
PANTONE 7442 CP,473,1700,true,54.0,86.0,0.0,0.0,"0.54,0.86,0.0,0.0","0.4223,0.653411764705882,0.393490196078431",140,73,147,#8C4993,"0.549019607843137,0.286274509803922,0.576470588235294","0.490196078431373,0.290196078431373,0.56078431372549",Color/Palettes/Process/PANTONE/PANTONE+/PantonePlusColorBridgeCoated.xml,2026-02-11 17:29:00
PANTONE 2562 CP,474,1700,true,14.0,35.0,0.0,0.0,"0.14,0.35,0.0,0.0","0.7125,0.59321568627451,0.45643137254902",206,160,196,#CEA0C4,"0.807843137254902,0.627450980392157,0.768627450980392","0.756862745098039,0.619607843137255,0.76078431372549",Color/Palettes/Process/PANTONE/PANTONE+/PantonePlusColorBridgeCoated.xml,2026-02-11 17:29:00
PANTONE 2572 CP,475,1700,true,23.0,49.0,0.0,0.0,"0.23,0.49,0.0,0.0","0.6364,0.608039215686275,0.437843137254902",188,137,184,#BC89B8,"0.737254901960784,0.537254901960784,0.72156862745098","0.682352941176471,0.533333333333333,0.709803921568627",Color/Palettes/Process/PANTONE/PANTONE+/PantonePlusColorBridgeCoated.xml,2026-02-11 17:29:00
PANTONE 2582 CP,476,1700,true,41.0,77.0,0.0,0.0,"0.41,0.77,0.0,0.0","0.4879,0.650039215686274,0.412627450980392",159,90,156,#9F5A9C,"0.623529411764706,0.352941176470588,0.611764705882353","0.556862745098039,0.352941176470588,0.596078431372549",Color/Palettes/Process/PANTONE/PANTONE+/PantonePlusColorBridgeCoated.xml,2026-02-11 17:29:00
PANTONE 2592 CP,477,1700,true,52.0,93.0,0.0,0.0,"0.52,0.93,0.0,0.0","0.4047,0.677490196078431,0.398549019607843",144,61,140,#903D8C,"0.564705882352941,0.23921568627451,0.549019607843137","0.494117647058824,0.247058823529412,0.537254901960784",Color/Palettes/Process/PANTONE/PANTONE+/PantonePlusColorBridgeCoated.xml,2026-02-11 17:29:00
PANTONE 2602 CP,478,1700,true,58.0,99.0,0.0,0.0,"0.58,0.99,0.0,0.0","0.352,0.692941176470588,0.388117647058824",134,41,131,#862983,"0.525490196078431,0.16078431372549,0.513725490196078","0.454901960784314,0.176470588235294,0.501960784313725",Color/Palettes/Process/PANTONE/PANTONE+/PantonePlusColorBridgeCoated.xml,2026-02-11 17:29:00
PANTONE 2612 CP,479,1700,true,61.0,100.0,0.0,1.0,"0.61,1.0,0.0,0.01","0.3377,0.688117647058824,0.381019607843137",128,39,130,#802782,"0.501960784313725,0.152941176470588,0.509803921568627","0.435294117647059,0.168627450980392,0.498039215686275",Color/Palettes/Process/PANTONE/PANTONE+/PantonePlusColorBridgeCoated.xml,2026-02-11 17:29:00
PANTONE 2622 CP,480,1700,true,57.0,95.0,3.0,27.0,"0.57,0.95,0.03,0.27","0.3068,0.629058823529412,0.426352941176471",106,50,103,#6A3267,"0.415686274509804,0.196078431372549,0.403921568627451","0.368627450980392,0.207843137254902,0.4",Color/Palettes/Process/PANTONE/PANTONE+/PantonePlusColorBridgeCoated.xml,2026-02-11 17:29:00
PANTONE 531 CP,509,1700,true,8.0,20.0,0.0,0.0,"0.08,0.2,0.0,0.0","0.8285,0.548588235294118,0.474117647058824",222,199,220,#DEC7DC,"0.870588235294118,0.780392156862745,0.862745098039216","0.843137254901961,0.776470588235294,0.854901960784314",Color/Palettes/Process/PANTONE/PANTONE+/PantonePlusColorBridgeCoated.xml,2026-02-11 17:29:00
PANTONE 530 CP,510,1700,true,12.0,27.0,0.0,0.0,"0.12,0.27,0.0,0.0","0.7712,0.565098039215686,0.462745098039216",211,181,209,#D3B5D1,"0.827450980392157,0.709803921568627,0.819607843137255","0.792156862745098,0.701960784313725,0.811764705882353",Color/Palettes/Process/PANTONE/PANTONE+/PantonePlusColorBridgeCoated.xml,2026-02-11 17:29:00
PANTONE 529 CP,511,1700,true,19.0,38.0,0.0,0.0,"0.19,0.38,0.0,0.0","0.7136,0.575607843137255,0.448",197,163,200,#C5A3C8,"0.772549019607843,0.63921568627451,0.784313725490196","0.733333333333333,0.635294117647059,0.776470588235294",Color/Palettes/Process/PANTONE/PANTONE+/PantonePlusColorBridgeCoated.xml,2026-02-11 17:29:00
PANTONE 528 CP,512,1700,true,31.0,54.0,0.0,0.0,"0.31,0.54,0.0,0.0","0.6128,0.597921568627451,0.42443137254902",175,133,183,#AF85B7,"0.686274509803922,0.52156862745098,0.717647058823529","0.63921568627451,0.517647058823529,0.705882352941177",Color/Palettes/Process/PANTONE/PANTONE+/PantonePlusColorBridgeCoated.xml,2026-02-11 17:29:00
PANTONE 527 CP,513,1700,true,62.0,93.0,0.0,0.0,"0.62,0.93,0.0,0.0","0.3761,0.646,0.370745098039216",122,64,144,#7A4090,"0.47843137254902,0.250980392156863,0.564705882352941","0.427450980392157,0.258823529411765,0.549019607843137",Color/Palettes/Process/PANTONE/PANTONE+/PantonePlusColorBridgeCoated.xml,2026-02-11 17:29:00
PANTONE 526 CP,514,1700,true,66.0,100.0,0.0,0.0,"0.66,1.0,0.0,0.0","0.3496,0.649607843137255,0.363607843137255",115,56,140,#73388C,"0.450980392156863,0.219607843137255,0.549019607843137","0.4,0.231372549019608,0.533333333333333",Color/Palettes/Process/PANTONE/PANTONE+/PantonePlusColorBridgeCoated.xml,2026-02-11 17:29:00
PANTONE 525 CP,515,1700,true,64.0,98.0,1.0,33.0,"0.64,0.98,0.01,0.33","0.2902,0.600392156862745,0.419607843137255",92,53,102,#5C3566,"0.36078431372549,0.207843137254902,0.4","0.329411764705882,0.219607843137255,0.392156862745098",Color/Palettes/Process/PANTONE/PANTONE+/PantonePlusColorBridgeCoated.xml,2026-02-11 17:29:00
PANTONE 256 CP,516,1700,true,11.0,24.0,0.0,0.0,"0.11,0.24,0.0,0.0","0.7962,0.551882352941176,0.464666666666667",213,190,215,#D5BED7,"0.835294117647059,0.745098039215686,0.843137254901961","0.807843137254902,0.737254901960784,0.835294117647059",Color/Palettes/Process/PANTONE/PANTONE+/PantonePlusColorBridgeCoated.xml,2026-02-11 17:29:00
PANTONE 257 CP,517,1700,true,19.0,39.0,0.0,0.0,"0.19,0.39,0.0,0.0","0.7022,0.580352941176471,0.445686274509804",196,160,198,#C4A0C6,"0.768627450980392,0.627450980392157,0.776470588235294","0.725490196078431,0.619607843137255,0.764705882352941",Color/Palettes/Process/PANTONE/PANTONE+/PantonePlusColorBridgeCoated.xml,2026-02-11 17:29:00
PANTONE 258 CP,518,1700,true,51.0,84.0,0.0,0.0,"0.51,0.84,0.0,0.0","0.4551,0.630156862745098,0.389960784313725",140,87,156,#8C579C,"0.549019607843137,0.341176470588235,0.611764705882353","0.498039215686275,0.341176470588235,0.6",Color/Palettes/Process/PANTONE/PANTONE+/PantonePlusColorBridgeCoated.xml,2026-02-11 17:29:00
PANTONE 259 CP,519,1700,true,64.0,100.0,0.0,7.0,"0.64,1.0,0.0,0.07","0.2946,0.669882352941176,0.375647058823529",110,35,121,#6E2379,"0.431372549019608,0.137254901960784,0.474509803921569","0.376470588235294,0.152941176470588,0.462745098039216",Color/Palettes/Process/PANTONE/PANTONE+/PantonePlusColorBridgeCoated.xml,2026-02-11 17:29:00
PANTONE 260 CP,520,1700,true,60.0,100.0,0.0,22.0,"0.6,1.0,0.0,0.22","0.2842,0.643254901960784,0.401529411764706",102,41,108,#66296C,"0.4,0.16078431372549,0.423529411764706","0.352941176470588,0.176470588235294,0.415686274509804",Color/Palettes/Process/PANTONE/PANTONE+/PantonePlusColorBridgeCoated.xml,2026-02-11 17:29:00
PANTONE 261 CP,521,1700,true,60.0,100.0,0.0,31.0,"0.6,1.0,0.0,0.31","0.2847,0.620509803921569,0.413843137254902",96,47,103,#602F67,"0.376470588235294,0.184313725490196,0.403921568627451","0.337254901960784,0.2,0.396078431372549",Color/Palettes/Process/PANTONE/PANTONE+/PantonePlusColorBridgeCoated.xml,2026-02-11 17:29:00
PANTONE 262 CP,522,1700,true,58.0,96.0,6.0,49.0,"0.58,0.96,0.06,0.49","0.2652,0.597686274509804,0.442705882352941",88,48,86,#583056,"0.345098039215686,0.188235294117647,0.337254901960784","0.313725490196078,0.2,0.337254901960784",Color/Palettes/Process/PANTONE/PANTONE+/PantonePlusColorBridgeCoated.xml,2026-02-11 17:29:00
PANTONE 2563 CP,523,1700,true,18.0,38.0,0.0,0.0,"0.18,0.38,0.0,0.0","0.7048,0.585647058823529,0.450352941176471",200,159,197,#C89FC5,"0.784313725490196,0.623529411764706,0.772549019607843","0.737254901960784,0.619607843137255,0.76078431372549",Color/Palettes/Process/PANTONE/PANTONE+/PantonePlusColorBridgeCoated.xml,2026-02-11 17:29:00
PANTONE 2573 CP,524,1700,true,28.0,52.0,0.0,0.0,"0.28,0.52,0.0,0.0","0.6278,0.601843137254902,0.432627450980392",182,136,184,#B688B8,"0.713725490196078,0.533333333333333,0.72156862745098","0.662745098039216,0.529411764705882,0.709803921568627",Color/Palettes/Process/PANTONE/PANTONE+/PantonePlusColorBridgeCoated.xml,2026-02-11 17:29:00
PANTONE 2583 CP,525,1700,true,42.0,71.0,0.0,0.0,"0.42,0.71,0.0,0.0","0.5223,0.629137254901961,0.413058823529412",161,104,164,#A168A4,"0.631372549019608,0.407843137254902,0.643137254901961","0.572549019607843,0.403921568627451,0.631372549019608",Color/Palettes/Process/PANTONE/PANTONE+/PantonePlusColorBridgeCoated.xml,2026-02-11 17:29:00
PANTONE 2593 CP,526,1700,true,59.0,94.0,0.0,0.0,"0.59,0.94,0.0,0.0","0.3875,0.662745098039216,0.383333333333333",133,61,142,#853D8E,"0.52156862745098,0.23921568627451,0.556862745098039","0.458823529411765,0.250980392156863,0.541176470588235",Color/Palettes/Process/PANTONE/PANTONE+/PantonePlusColorBridgeCoated.xml,2026-02-11 17:29:00
PANTONE 2603 CP,527,1700,true,66.0,100.0,0.0,4.0,"0.66,1.0,0.0,0.04","0.316,0.682,0.370549019607843",119,36,129,#772481,"0.466666666666667,0.141176470588235,0.505882352941176","0.403921568627451,0.156862745098039,0.490196078431373",Color/Palettes/Process/PANTONE/PANTONE+/PantonePlusColorBridgeCoated.xml,2026-02-11 17:29:00
PANTONE 2613 CP,528,1700,true,68.0,100.0,0.0,8.0,"0.68,1.0,0.0,0.08","0.2955,0.668156862745098,0.373254901960784",109,36,122,#6D247A,"0.427450980392157,0.141176470588235,0.47843137254902","0.372549019607843,0.156862745098039,0.466666666666667",Color/Palettes/Process/PANTONE/PANTONE+/PantonePlusColorBridgeCoated.xml,2026-02-11 17:29:00
PANTONE 2623 CP,529,1700,true,66.0,100.0,0.0,20.0,"0.66,1.0,0.0,0.2","0.2684,0.651176470588235,0.388862745098039",99,35,109,#63236D,"0.388235294117647,0.137254901960784,0.427450980392157","0.341176470588235,0.152941176470588,0.419607843137255",Color/Palettes/Process/PANTONE/PANTONE+/PantonePlusColorBridgeCoated.xml,2026-02-11 17:29:00
PANTONE 7660 CP,530,1700,true,38.0,37.0,13.0,4.0,"0.38,0.37,0.13,0.04","0.6052,0.530117647058824,0.466705882352941",151,143,161,#978FA1,"0.592156862745098,0.56078431372549,0.631372549019608","0.576470588235294,0.552941176470588,0.623529411764706",Color/Palettes/Process/PANTONE/PANTONE+/PantonePlusColorBridgeCoated.xml,2026-02-11 17:29:00
PANTONE 7661 CP,531,1700,true,44.0,58.0,5.0,5.0,"0.44,0.58,0.05,0.05","0.5099,0.577764705882353,0.435843137254902",141,111,150,#8D6F96,"0.552941176470588,0.435294117647059,0.588235294117647","0.517647058823529,0.431372549019608,0.580392156862745",Color/Palettes/Process/PANTONE/PANTONE+/PantonePlusColorBridgeCoated.xml,2026-02-11 17:29:00
PANTONE 7662 CP,532,1700,true,56.0,86.0,0.0,3.0,"0.56,0.86,0.0,0.03","0.3993,0.626549019607843,0.402470588235294",126,74,136,#7E4A88,"0.494117647058824,0.290196078431373,0.533333333333333","0.443137254901961,0.294117647058824,0.52156862745098",Color/Palettes/Process/PANTONE/PANTONE+/PantonePlusColorBridgeCoated.xml,2026-02-11 17:29:00
PANTONE 7663 CP,533,1700,true,64.0,100.0,0.0,9.0,"0.64,1.0,0.0,0.09","0.3261,0.641019607843137,0.388901960784314",110,52,123,#6E347B,"0.431372549019608,0.203921568627451,0.482352941176471","0.384313725490196,0.215686274509804,0.470588235294118",Color/Palettes/Process/PANTONE/PANTONE+/PantonePlusColorBridgeCoated.xml,2026-02-11 17:29:00
PANTONE 7664 CP,534,1700,true,69.0,100.0,0.0,7.0,"0.69,1.0,0.0,0.07","0.314,0.630352941176471,0.382627450980392",102,52,123,#66347B,"0.4,0.203921568627451,0.482352941176471","0.36078431372549,0.215686274509804,0.470588235294118",Color/Palettes/Process/PANTONE/PANTONE+/PantonePlusColorBridgeCoated.xml,2026-02-11 17:29:00
PANTONE 7665 CP,535,1700,true,67.0,92.0,3.0,19.0,"0.67,0.92,0.03,0.19","0.3173,0.608039215686275,0.405607843137255",99,58,114,#633A72,"0.388235294117647,0.227450980392157,0.447058823529412","0.352941176470588,0.23921568627451,0.43921568627451",Color/Palettes/Process/PANTONE/PANTONE+/PantonePlusColorBridgeCoated.xml,2026-02-11 17:29:00
PANTONE 7666 CP,536,1700,true,60.0,64.0,27.0,31.0,"0.6,0.64,0.27,0.31","0.369,0.541686274509804,0.465294117647059",96,82,102,#605266,"0.376470588235294,0.32156862745098,0.4","0.36078431372549,0.325490196078431,0.396078431372549",Color/Palettes/Process/PANTONE/PANTONE+/PantonePlusColorBridgeCoated.xml,2026-02-11 17:29:00
PANTONE 2567 CP,537,1700,true,24.0,38.0,0.0,0.0,"0.24,0.38,0.0,0.0","0.6861,0.574862745098039,0.439529411764706",188,156,196,#BC9CC4,"0.737254901960784,0.611764705882353,0.768627450980392","0.698039215686274,0.607843137254902,0.76078431372549",Color/Palettes/Process/PANTONE/PANTONE+/PantonePlusColorBridgeCoated.xml,2026-02-11 17:29:00
PANTONE 2577 CP,538,1700,true,39.0,56.0,0.0,0.0,"0.39,0.56,0.0,0.0","0.5799,0.596705882352941,0.415019607843137",164,125,179,#A47DB3,"0.643137254901961,0.490196078431373,0.701960784313725","0.6,0.486274509803922,0.686274509803922",Color/Palettes/Process/PANTONE/PANTONE+/PantonePlusColorBridgeCoated.xml,2026-02-11 17:29:00
PANTONE 2587 CP,539,1700,true,61.0,83.0,0.0,0.0,"0.61,0.83,0.0,0.0","0.4188,0.62878431372549,0.381176470588235",128,78,150,#804E96,"0.501960784313725,0.305882352941176,0.588235294117647","0.454901960784314,0.309803921568627,0.576470588235294",Color/Palettes/Process/PANTONE/PANTONE+/PantonePlusColorBridgeCoated.xml,2026-02-11 17:29:00
PANTONE 2597 CP,540,1700,true,82.0,100.0,0.0,4.0,"0.82,1.0,0.0,0.04","0.2728,0.651450980392157,0.350588235294118",94,37,125,#5E257D,"0.368627450980392,0.145098039215686,0.490196078431373","0.325490196078431,0.16078431372549,0.47843137254902",Color/Palettes/Process/PANTONE/PANTONE+/PantonePlusColorBridgeCoated.xml,2026-02-11 17:29:00
PANTONE 2607 CP,541,1700,true,85.0,100.0,0.0,13.0,"0.85,1.0,0.0,0.13","0.2496,0.639372549019608,0.352588235294118",84,35,118,#542376,"0.329411764705882,0.137254901960784,0.462745098039216","0.294117647058824,0.156862745098039,0.454901960784314",Color/Palettes/Process/PANTONE/PANTONE+/PantonePlusColorBridgeCoated.xml,2026-02-11 17:29:00
PANTONE 2617 CP,542,1700,true,85.0,100.0,0.0,23.0,"0.85,1.0,0.0,0.23","0.2289,0.627529411764706,0.36243137254902",77,33,109,#4D216D,"0.301960784313725,0.129411764705882,0.427450980392157","0.270588235294118,0.149019607843137,0.419607843137255",Color/Palettes/Process/PANTONE/PANTONE+/PantonePlusColorBridgeCoated.xml,2026-02-11 17:29:00
PANTONE 2627 CP,543,1700,true,83.0,100.0,0.0,44.0,"0.83,1.0,0.0,0.44","0.1921,0.612666666666667,0.385411764705882",67,28,91,#431C5B,"0.262745098039216,0.109803921568627,0.356862745098039","0.23921568627451,0.133333333333333,0.352941176470588",Color/Palettes/Process/PANTONE/PANTONE+/PantonePlusColorBridgeCoated.xml,2026-02-11 17:29:00
PANTONE 263 CP,544,1700,true,11.0,20.0,0.0,0.0,"0.11,0.2,0.0,0.0","0.8215,0.540274509803922,0.468156862745098",216,199,220,#D8C7DC,"0.847058823529412,0.780392156862745,0.862745098039216","0.823529411764706,0.772549019607843,0.858823529411765",Color/Palettes/Process/PANTONE/PANTONE+/PantonePlusColorBridgeCoated.xml,2026-02-11 17:29:00
PANTONE 264 CP,545,1700,true,23.0,34.0,0.0,0.0,"0.23,0.34,0.0,0.0","0.7123,0.558980392156863,0.441372549019608",189,166,203,#BDA6CB,"0.741176470588235,0.650980392156863,0.796078431372549","0.709803921568627,0.647058823529412,0.784313725490196",Color/Palettes/Process/PANTONE/PANTONE+/PantonePlusColorBridgeCoated.xml,2026-02-11 17:29:00
PANTONE 265 CP,546,1700,true,54.0,67.0,0.0,0.0,"0.54,0.67,0.0,0.0","0.5203,0.586666666666667,0.393490196078431",141,112,172,#8D70AC,"0.552941176470588,0.43921568627451,0.674509803921569","0.517647058823529,0.43921568627451,0.658823529411765",Color/Palettes/Process/PANTONE/PANTONE+/PantonePlusColorBridgeCoated.xml,2026-02-11 17:29:00
PANTONE 266 CP,547,1700,true,71.0,88.0,0.0,0.0,"0.71,0.88,0.0,0.0","0.392,0.61556862745098,0.364313725490196",113,75,150,#714B96,"0.443137254901961,0.294117647058824,0.588235294117647","0.407843137254902,0.298039215686275,0.576470588235294",Color/Palettes/Process/PANTONE/PANTONE+/PantonePlusColorBridgeCoated.xml,2026-02-11 17:29:00
PANTONE 267 CP,548,1700,true,81.0,99.0,0.0,0.0,"0.81,0.99,0.0,0.0","0.3156,0.63356862745098,0.34478431372549",97,53,139,#61358B,"0.380392156862745,0.207843137254902,0.545098039215686","0.345098039215686,0.219607843137255,0.529411764705882",Color/Palettes/Process/PANTONE/PANTONE+/PantonePlusColorBridgeCoated.xml,2026-02-11 17:29:00
PANTONE 268 CP,549,1700,true,79.0,100.0,0.0,0.0,"0.79,1.0,0.0,0.0","0.3181,0.63878431372549,0.348392156862745",100,52,138,#64348A,"0.392156862745098,0.203921568627451,0.541176470588235","0.352941176470588,0.215686274509804,0.525490196078431",Color/Palettes/Process/PANTONE/PANTONE+/PantonePlusColorBridgeCoated.xml,2026-02-11 17:29:00
PANTONE 269 CP,550,1700,true,76.0,100.0,0.0,18.0,"0.76,1.0,0.0,0.18","0.2824,0.606666666666667,0.384862745098039",86,51,113,#563371,"0.337254901960784,0.2,0.443137254901961","0.309803921568627,0.211764705882353,0.435294117647059",Color/Palettes/Process/PANTONE/PANTONE+/PantonePlusColorBridgeCoated.xml,2026-02-11 17:29:00
PANTONE 2635 CP,551,1700,true,21.0,27.0,0.0,0.0,"0.21,0.27,0.0,0.0","0.7485,0.548588235294118,0.450941176470588",196,178,208,#C4B2D0,"0.768627450980392,0.698039215686274,0.815686274509804","0.745098039215686,0.690196078431373,0.807843137254902",Color/Palettes/Process/PANTONE/PANTONE+/PantonePlusColorBridgeCoated.xml,2026-02-11 17:29:00
PANTONE 2645 CP,552,1700,true,34.0,41.0,0.0,0.0,"0.34,0.41,0.0,0.0","0.6546,0.561960784313726,0.425803921568627",172,151,194,#AC97C2,"0.674509803921569,0.592156862745098,0.76078431372549","0.647058823529412,0.584313725490196,0.749019607843137",Color/Palettes/Process/PANTONE/PANTONE+/PantonePlusColorBridgeCoated.xml,2026-02-11 17:29:00
PANTONE 2655 CP,553,1700,true,49.0,55.0,0.0,0.0,"0.49,0.55,0.0,0.0","0.5703,0.57443137254902,0.405490196078431",151,127,180,#977FB4,"0.592156862745098,0.498039215686275,0.705882352941177","0.56078431372549,0.494117647058824,0.694117647058824",Color/Palettes/Process/PANTONE/PANTONE+/PantonePlusColorBridgeCoated.xml,2026-02-11 17:29:00
PANTONE 2665 CP,554,1700,true,65.0,73.0,0.0,0.0,"0.65,0.73,0.0,0.0","0.4644,0.590392156862745,0.379019607843137",125,98,163,#7D62A3,"0.490196078431373,0.384313725490196,0.63921568627451","0.458823529411765,0.384313725490196,0.627450980392157",Color/Palettes/Process/PANTONE/PANTONE+/PantonePlusColorBridgeCoated.xml,2026-02-11 17:29:00
PANTONE Violet CP,555,1700,true,94.0,100.0,0.0,1.0,"0.94,1.0,0.0,0.01","0.2482,0.619647058823529,0.327372549019608",71,41,128,#472980,"0.27843137254902,0.16078431372549,0.501960784313725","0.258823529411765,0.176470588235294,0.490196078431373",Color/Palettes/Process/PANTONE/PANTONE+/PantonePlusColorBridgeCoated.xml,2026-02-11 17:29:00
PANTONE 2685 CP,556,1700,true,97.0,100.0,0.0,19.0,"0.97,1.0,0.0,0.19","0.2178,0.606,0.341019607843137",61,37,115,#3D2573,"0.23921568627451,0.145098039215686,0.450980392156863","0.227450980392157,0.16078431372549,0.43921568627451",Color/Palettes/Process/PANTONE/PANTONE+/PantonePlusColorBridgeCoated.xml,2026-02-11 17:29:00
PANTONE 2695 CP,557,1700,true,89.0,100.0,0.0,58.0,"0.89,1.0,0.0,0.58","0.1662,0.586862745098039,0.399372549019608",55,29,79,#371D4F,"0.215686274509804,0.113725490196078,0.309803921568627","0.203921568627451,0.133333333333333,0.309803921568627",Color/Palettes/Process/PANTONE/PANTONE+/PantonePlusColorBridgeCoated.xml,2026-02-11 17:29:00
PANTONE 270 CP,558,1700,true,29.0,23.0,0.0,0.0,"0.29,0.23,0.0,0.0","0.7367,0.527450980392157,0.435294117647059",180,178,212,#B4B2D4,"0.705882352941177,0.698039215686274,0.831372549019608","0.698039215686274,0.694117647058824,0.819607843137255",Color/Palettes/Process/PANTONE/PANTONE+/PantonePlusColorBridgeCoated.xml,2026-02-11 17:29:00
PANTONE 271 CP,559,1700,true,44.0,38.0,0.0,0.0,"0.44,0.38,0.0,0.0","0.6417,0.540666666666667,0.410823529411765",156,151,197,#9C97C5,"0.611764705882353,0.592156862745098,0.772549019607843","0.6,0.588235294117647,0.76078431372549",Color/Palettes/Process/PANTONE/PANTONE+/PantonePlusColorBridgeCoated.xml,2026-02-11 17:29:00
PANTONE 272 CP,560,1700,true,61.0,55.0,0.0,0.0,"0.61,0.55,0.0,0.0","0.5424,0.548,0.381764705882353",127,125,183,#7F7DB7,"0.498039215686275,0.490196078431373,0.717647058823529","0.490196078431373,0.486274509803922,0.701960784313725",Color/Palettes/Process/PANTONE/PANTONE+/PantonePlusColorBridgeCoated.xml,2026-02-11 17:29:00
PANTONE 273 CP,561,1700,true,98.0,97.0,0.0,37.0,"0.98,0.97,0.0,0.37","0.2007,0.588117647058824,0.349803921568627",52,37,107,#34256B,"0.203921568627451,0.145098039215686,0.419607843137255","0.203921568627451,0.164705882352941,0.411764705882353",Color/Palettes/Process/PANTONE/PANTONE+/PantonePlusColorBridgeCoated.xml,2026-02-11 17:29:00
PANTONE 274 CP,562,1700,true,98.0,97.0,0.0,49.0,"0.98,0.97,0.0,0.49","0.1714,0.582862745098039,0.364196078431373",47,31,94,#2F1F5E,"0.184313725490196,0.12156862745098,0.368627450980392","0.184313725490196,0.145098039215686,0.36078431372549",Color/Palettes/Process/PANTONE/PANTONE+/PantonePlusColorBridgeCoated.xml,2026-02-11 17:29:00
PANTONE 275 CP,563,1700,true,98.0,99.0,0.0,58.0,"0.98,0.99,0.0,0.58","0.1462,0.576078431372549,0.379921568627451",42,27,82,#2A1B52,"0.164705882352941,0.105882352941176,0.32156862745098","0.168627450980392,0.129411764705882,0.317647058823529",Color/Palettes/Process/PANTONE/PANTONE+/PantonePlusColorBridgeCoated.xml,2026-02-11 17:29:00
PANTONE 276 CP,564,1700,true,94.0,93.0,0.0,79.0,"0.94,0.93,0.0,0.79","0.1664,0.546,0.436117647058824",47,36,65,#2F2441,"0.184313725490196,0.141176470588235,0.254901960784314","0.188235294117647,0.16078431372549,0.258823529411765",Color/Palettes/Process/PANTONE/PANTONE+/PantonePlusColorBridgeCoated.xml,2026-02-11 17:29:00
PANTONE 2705 CP,565,1700,true,36.0,32.0,0.0,0.0,"0.36,0.32,0.0,0.0","0.6738,0.539607843137255,0.424196078431373",167,160,200,#A7A0C8,"0.654901960784314,0.627450980392157,0.784313725490196","0.63921568627451,0.619607843137255,0.772549019607843",Color/Palettes/Process/PANTONE/PANTONE+/PantonePlusColorBridgeCoated.xml,2026-02-11 17:29:00
PANTONE 2715 CP,566,1700,true,52.0,47.0,0.0,0.0,"0.52,0.47,0.0,0.0","0.5749,0.553960784313725,0.399137254901961",142,132,184,#8E84B8,"0.556862745098039,0.517647058823529,0.72156862745098","0.541176470588235,0.513725490196078,0.709803921568627",Color/Palettes/Process/PANTONE/PANTONE+/PantonePlusColorBridgeCoated.xml,2026-02-11 17:29:00
PANTONE 2725 CP,567,1700,true,73.0,68.0,0.0,0.0,"0.73,0.68,0.0,0.0","0.4516,0.57,0.360627450980392",109,99,167,#6D63A7,"0.427450980392157,0.388235294117647,0.654901960784314","0.415686274509804,0.388235294117647,0.643137254901961",Color/Palettes/Process/PANTONE/PANTONE+/PantonePlusColorBridgeCoated.xml,2026-02-11 17:29:00
PANTONE 2735 CP,568,1700,true,99.0,99.0,0.0,5.0,"0.99,0.99,0.0,0.05","0.2377,0.599372549019608,0.329725490196078",60,43,124,#3C2B7C,"0.235294117647059,0.168627450980392,0.486274509803922","0.231372549019608,0.184313725490196,0.474509803921569",Color/Palettes/Process/PANTONE/PANTONE+/PantonePlusColorBridgeCoated.xml,2026-02-11 17:29:00
PANTONE 2745 CP,569,1700,true,100.0,98.0,0.0,22.0,"1.0,0.98,0.0,0.22","0.2199,0.592352941176471,0.337803921568627",55,41,116,#372974,"0.215686274509804,0.16078431372549,0.454901960784314","0.211764705882353,0.176470588235294,0.447058823529412",Color/Palettes/Process/PANTONE/PANTONE+/PantonePlusColorBridgeCoated.xml,2026-02-11 17:29:00
PANTONE 2755 CP,570,1700,true,99.0,98.0,0.0,35.0,"0.99,0.98,0.0,0.35","0.2098,0.585411764705882,0.35078431372549",53,40,109,#35286D,"0.207843137254902,0.156862745098039,0.427450980392157","0.207843137254902,0.172549019607843,0.415686274509804",Color/Palettes/Process/PANTONE/PANTONE+/PantonePlusColorBridgeCoated.xml,2026-02-11 17:29:00
PANTONE 2765 CP,571,1700,true,98.0,98.0,0.0,60.0,"0.98,0.98,0.0,0.6","0.1529,0.56521568627451,0.38478431372549",40,31,81,#281F51,"0.156862745098039,0.12156862745098,0.317647058823529","0.164705882352941,0.141176470588235,0.317647058823529",Color/Palettes/Process/PANTONE/PANTONE+/PantonePlusColorBridgeCoated.xml,2026-02-11 17:29:00
PANTONE 7667 CP,572,1700,true,58.0,43.0,8.0,6.0,"0.58,0.43,0.08,0.06","0.5346,0.515058823529412,0.431176470588235",120,127,158,#787F9E,"0.470588235294118,0.498039215686275,0.619607843137255","0.474509803921569,0.494117647058824,0.611764705882353",Color/Palettes/Process/PANTONE/PANTONE+/PantonePlusColorBridgeCoated.xml,2026-02-11 17:29:00
PANTONE 7668 CP,573,1700,true,64.0,54.0,2.0,5.0,"0.64,0.54,0.02,0.05","0.4982,0.534470588235294,0.402901960784314",114,116,161,#7274A1,"0.447058823529412,0.454901960784314,0.631372549019608","0.447058823529412,0.450980392156863,0.619607843137255",Color/Palettes/Process/PANTONE/PANTONE+/PantonePlusColorBridgeCoated.xml,2026-02-11 17:29:00
PANTONE 7669 CP,574,1700,true,70.0,66.0,0.0,0.0,"0.7,0.66,0.0,0.0","0.4578,0.56043137254902,0.382196078431373",111,102,160,#6F66A0,"0.435294117647059,0.4,0.627450980392157","0.423529411764706,0.396078431372549,0.611764705882353",Color/Palettes/Process/PANTONE/PANTONE+/PantonePlusColorBridgeCoated.xml,2026-02-11 17:29:00
PANTONE 7670 CP,575,1700,true,76.0,75.0,0.0,0.0,"0.76,0.75,0.0,0.0","0.4109,0.572823529411765,0.372274509803922",102,88,152,#665898,"0.4,0.345098039215686,0.596078431372549","0.384313725490196,0.349019607843137,0.580392156862745",Color/Palettes/Process/PANTONE/PANTONE+/PantonePlusColorBridgeCoated.xml,2026-02-11 17:29:00
PANTONE 7671 CP,576,1700,true,80.0,83.0,0.0,1.0,"0.8,0.83,0.0,0.01","0.3789,0.580588235294118,0.370705882352941",97,79,144,#614F90,"0.380392156862745,0.309803921568627,0.564705882352941","0.364705882352941,0.313725490196078,0.552941176470588",Color/Palettes/Process/PANTONE/PANTONE+/PantonePlusColorBridgeCoated.xml,2026-02-11 17:29:00
PANTONE 7672 CP,577,1700,true,82.0,86.0,0.0,4.0,"0.82,0.86,0.0,0.04","0.3713,0.575137254901961,0.370745098039216",93,78,142,#5D4E8E,"0.364705882352941,0.305882352941176,0.556862745098039","0.352941176470588,0.309803921568627,0.545098039215686",Color/Palettes/Process/PANTONE/PANTONE+/PantonePlusColorBridgeCoated.xml,2026-02-11 17:29:00
PANTONE 7673 CP,578,1700,true,73.0,67.0,4.0,12.0,"0.73,0.67,0.04,0.12","0.4236,0.547176470588235,0.404039215686274",101,95,141,#655F8D,"0.396078431372549,0.372549019607843,0.552941176470588","0.388235294117647,0.372549019607843,0.541176470588235",Color/Palettes/Process/PANTONE/PANTONE+/PantonePlusColorBridgeCoated.xml,2026-02-11 17:29:00
PANTONE 7443 CP,579,1700,true,9.0,8.0,0.0,0.0,"0.09,0.08,0.0,0.0","0.8872,0.51678431372549,0.481921568627451",226,221,232,#E2DDE8,"0.886274509803922,0.866666666666667,0.909803921568627","0.87843137254902,0.862745098039216,0.905882352941176",Color/Palettes/Process/PANTONE/PANTONE+/PantonePlusColorBridgeCoated.xml,2026-02-11 17:29:00
PANTONE 7444 CP,580,1700,true,27.0,22.0,0.0,0.0,"0.27,0.22,0.0,0.0","0.7556,0.527686274509804,0.442313725490196",187,183,214,#BBB7D6,"0.733333333333333,0.717647058823529,0.83921568627451","0.72156862745098,0.713725490196078,0.831372549019608",Color/Palettes/Process/PANTONE/PANTONE+/PantonePlusColorBridgeCoated.xml,2026-02-11 17:29:00
PANTONE 7445 CP,581,1700,true,34.0,31.0,0.0,0.0,"0.34,0.31,0.0,0.0","0.7011,0.532862745098039,0.442509803921569",174,168,199,#AEA8C7,"0.682352941176471,0.658823529411765,0.780392156862745","0.670588235294118,0.650980392156863,0.768627450980392",Color/Palettes/Process/PANTONE/PANTONE+/PantonePlusColorBridgeCoated.xml,2026-02-11 17:29:00
PANTONE 7446 CP,582,1700,true,50.0,46.0,0.0,0.0,"0.5,0.46,0.0,0.0","0.6065,0.55,0.404196078431373",149,141,190,#958DBE,"0.584313725490196,0.552941176470588,0.745098039215686","0.572549019607843,0.545098039215686,0.733333333333333",Color/Palettes/Process/PANTONE/PANTONE+/PantonePlusColorBridgeCoated.xml,2026-02-11 17:29:00
PANTONE 7447 CP,583,1700,true,67.0,76.0,7.0,19.0,"0.67,0.76,0.07,0.19","0.4122,0.573176470588235,0.426509803921569",113,87,129,#715781,"0.443137254901961,0.341176470588235,0.505882352941176","0.415686274509804,0.345098039215686,0.498039215686275",Color/Palettes/Process/PANTONE/PANTONE+/PantonePlusColorBridgeCoated.xml,2026-02-11 17:29:00
PANTONE 7448 CP,584,1700,true,64.0,77.0,27.0,50.0,"0.64,0.77,0.27,0.5","0.3465,0.554392156862745,0.470156862745098",96,74,95,#604A5F,"0.376470588235294,0.290196078431373,0.372549019607843","0.356862745098039,0.298039215686275,0.368627450980392",Color/Palettes/Process/PANTONE/PANTONE+/PantonePlusColorBridgeCoated.xml,2026-02-11 17:29:00
PANTONE 7449 CP,585,1700,true,58.0,89.0,23.0,67.0,"0.58,0.89,0.23,0.67","0.2813,0.565607843137255,0.476509803921569",85,57,77,#55394D,"0.333333333333333,0.223529411764706,0.301960784313725","0.309803921568627,0.235294117647059,0.301960784313725",Color/Palettes/Process/PANTONE/PANTONE+/PantonePlusColorBridgeCoated.xml,2026-02-11 17:29:00
PANTONE 7674 CP,586,1700,true,48.0,40.0,1.0,1.0,"0.48,0.4,0.01,0.01","0.6221,0.529450980392157,0.430705882352941",149,148,182,#9594B6,"0.584313725490196,0.580392156862745,0.713725490196078","0.576470588235294,0.572549019607843,0.705882352941177",Color/Palettes/Process/PANTONE/PANTONE+/PantonePlusColorBridgeCoated.xml,2026-02-11 17:29:00
PANTONE 7675 CP,587,1700,true,54.0,46.0,1.0,2.0,"0.54,0.46,0.01,0.02","0.5797,0.534392156862745,0.423686274509804",139,136,174,#8B88AE,"0.545098039215686,0.533333333333333,0.682352941176471","0.537254901960784,0.529411764705882,0.670588235294118",Color/Palettes/Process/PANTONE/PANTONE+/PantonePlusColorBridgeCoated.xml,2026-02-11 17:29:00
PANTONE 7676 CP,588,1700,true,60.0,64.0,0.0,0.0,"0.6,0.64,0.0,0.0","0.5174,0.564823529411765,0.403058823529412",132,115,167,#8473A7,"0.517647058823529,0.450980392156863,0.654901960784314","0.498039215686275,0.450980392156863,0.63921568627451",Color/Palettes/Process/PANTONE/PANTONE+/PantonePlusColorBridgeCoated.xml,2026-02-11 17:29:00
PANTONE 7677 CP,589,1700,true,64.0,77.0,0.0,0.0,"0.64,0.77,0.0,0.0","0.4524,0.59078431372549,0.392392156862745",124,94,154,#7C5E9A,"0.486274509803922,0.368627450980392,0.603921568627451","0.454901960784314,0.372549019607843,0.592156862745098",Color/Palettes/Process/PANTONE/PANTONE+/PantonePlusColorBridgeCoated.xml,2026-02-11 17:29:00
PANTONE 7678 CP,590,1700,true,69.0,83.0,0.0,0.0,"0.69,0.83,0.0,0.0","0.4162,0.605686274509804,0.383372549019608",119,83,149,#775395,"0.466666666666667,0.325490196078431,0.584313725490196","0.431372549019608,0.329411764705882,0.568627450980392",Color/Palettes/Process/PANTONE/PANTONE+/PantonePlusColorBridgeCoated.xml,2026-02-11 17:29:00
PANTONE 7679 CP,591,1700,true,78.0,91.0,0.0,2.0,"0.78,0.91,0.0,0.02","0.3603,0.597294117647059,0.374823529411765",100,71,137,#644789,"0.392156862745098,0.27843137254902,0.537254901960784","0.364705882352941,0.286274509803922,0.525490196078431",Color/Palettes/Process/PANTONE/PANTONE+/PantonePlusColorBridgeCoated.xml,2026-02-11 17:29:00
PANTONE 7680 CP,592,1700,true,79.0,100.0,0.0,6.0,"0.79,1.0,0.0,0.06","0.3204,0.609333333333333,0.372117647058824",95,59,128,#5F3B80,"0.372549019607843,0.231372549019608,0.501960784313725","0.341176470588235,0.243137254901961,0.490196078431373",Color/Palettes/Process/PANTONE/PANTONE+/PantonePlusColorBridgeCoated.xml,2026-02-11 17:29:00
PANTONE 663 CP,593,1700,true,5.0,6.0,0.0,0.0,"0.05,0.06,0.0,0.0","0.9104,0.513176470588235,0.499843137254902",234,228,230,#EAE4E6,"0.917647058823529,0.894117647058824,0.901960784313726","0.905882352941176,0.890196078431372,0.898039215686275",Color/Palettes/Process/PANTONE/PANTONE+/PantonePlusColorBridgeCoated.xml,2026-02-11 17:29:00
PANTONE 664 CP,594,1700,true,6.0,8.0,0.0,0.0,"0.06,0.08,0.0,0.0","0.8894,0.517372549019608,0.49521568627451",229,221,226,#E5DDE2,"0.898039215686275,0.866666666666667,0.886274509803922","0.886274509803922,0.862745098039216,0.882352941176471",Color/Palettes/Process/PANTONE/PANTONE+/PantonePlusColorBridgeCoated.xml,2026-02-11 17:29:00
PANTONE 665 CP,595,1700,true,19.0,22.0,0.0,0.0,"0.19,0.22,0.0,0.0","0.7745,0.53121568627451,0.470392156862745",199,187,206,#C7BBCE,"0.780392156862745,0.733333333333333,0.807843137254902","0.76078431372549,0.729411764705882,0.8",Color/Palettes/Process/PANTONE/PANTONE+/PantonePlusColorBridgeCoated.xml,2026-02-11 17:29:00
PANTONE 666 CP,596,1700,true,35.0,39.0,4.0,2.0,"0.35,0.39,0.04,0.02","0.631,0.547176470588235,0.454117647058824",164,147,174,#A493AE,"0.643137254901961,0.576470588235294,0.682352941176471","0.615686274509804,0.568627450980392,0.674509803921569",Color/Palettes/Process/PANTONE/PANTONE+/PantonePlusColorBridgeCoated.xml,2026-02-11 17:29:00
PANTONE 667 CP,597,1700,true,52.0,58.0,8.0,8.0,"0.52,0.58,0.08,0.08","0.4895,0.564313725490196,0.442352941176471",131,108,142,#836C8E,"0.513725490196078,0.423529411764706,0.556862745098039","0.486274509803922,0.419607843137255,0.549019607843137",Color/Palettes/Process/PANTONE/PANTONE+/PantonePlusColorBridgeCoated.xml,2026-02-11 17:29:00
PANTONE 668 CP,598,1700,true,65.0,72.0,8.0,18.0,"0.65,0.72,0.08,0.18","0.3906,0.567294117647059,0.431647058823529",106,83,121,#6A5379,"0.415686274509804,0.325490196078431,0.474509803921569","0.392156862745098,0.329411764705882,0.466666666666667",Color/Palettes/Process/PANTONE/PANTONE+/PantonePlusColorBridgeCoated.xml,2026-02-11 17:29:00
PANTONE 669 CP,599,1700,true,80.0,97.0,0.0,45.0,"0.8,0.97,0.0,0.45","0.2587,0.576156862745098,0.420352941176471",76,51,93,#4C335D,"0.298039215686275,0.2,0.364705882352941","0.27843137254902,0.211764705882353,0.36078431372549",Color/Palettes/Process/PANTONE/PANTONE+/PantonePlusColorBridgeCoated.xml,2026-02-11 17:29:00
PANTONE 5315 CP,600,1700,true,11.0,9.0,0.0,0.0,"0.11,0.09,0.0,0.0","0.8651,0.513450980392157,0.485882352941176",218,215,224,#DAD7E0,"0.854901960784314,0.843137254901961,0.87843137254902","0.850980392156863,0.83921568627451,0.874509803921569",Color/Palettes/Process/PANTONE/PANTONE+/PantonePlusColorBridgeCoated.xml,2026-02-11 17:29:00
PANTONE 5305 CP,601,1700,true,19.0,16.0,1.0,0.0,"0.19,0.16,0.01,0.0","0.8018,0.517725490196078,0.478352941176471",201,197,210,#C9C5D2,"0.788235294117647,0.772549019607843,0.823529411764706","0.780392156862745,0.768627450980392,0.815686274509804",Color/Palettes/Process/PANTONE/PANTONE+/PantonePlusColorBridgeCoated.xml,2026-02-11 17:29:00
PANTONE 5295 CP,602,1700,true,28.0,24.0,4.0,0.0,"0.28,0.24,0.04,0.0","0.7312,0.51956862745098,0.468666666666667",181,178,195,#B5B2C3,"0.709803921568627,0.698039215686274,0.764705882352941","0.698039215686274,0.690196078431373,0.756862745098039",Color/Palettes/Process/PANTONE/PANTONE+/PantonePlusColorBridgeCoated.xml,2026-02-11 17:29:00
PANTONE 5285 CP,603,1700,true,44.0,40.0,10.0,5.0,"0.44,0.4,0.1,0.05","0.5964,0.532117647058823,0.457647058823529",148,140,163,#948CA3,"0.580392156862745,0.549019607843137,0.63921568627451","0.568627450980392,0.545098039215686,0.631372549019608",Color/Palettes/Process/PANTONE/PANTONE+/PantonePlusColorBridgeCoated.xml,2026-02-11 17:29:00
PANTONE 5275 CP,604,1700,true,67.0,63.0,15.0,21.0,"0.67,0.63,0.15,0.21","0.4014,0.545137254901961,0.434313725490196",100,90,123,#645A7B,"0.392156862745098,0.352941176470588,0.482352941176471","0.380392156862745,0.352941176470588,0.474509803921569",Color/Palettes/Process/PANTONE/PANTONE+/PantonePlusColorBridgeCoated.xml,2026-02-11 17:29:00
PANTONE 5265 CP,605,1700,true,80.0,78.0,11.0,38.0,"0.8,0.78,0.11,0.38","0.3095,0.546078431372549,0.426313725490196",77,68,103,#4D4467,"0.301960784313725,0.266666666666667,0.403921568627451","0.298039215686275,0.274509803921569,0.4",Color/Palettes/Process/PANTONE/PANTONE+/PantonePlusColorBridgeCoated.xml,2026-02-11 17:29:00
PANTONE 5255 CP,606,1700,true,100.0,94.0,0.0,78.0,"1.0,0.94,0.0,0.78","0.1587,0.543411764705882,0.426941176470588",42,35,67,#2A2343,"0.164705882352941,0.137254901960784,0.262745098039216","0.176470588235294,0.156862745098039,0.266666666666667",Color/Palettes/Process/PANTONE/PANTONE+/PantonePlusColorBridgeCoated.xml,2026-02-11 17:29:00
PANTONE 538 CP,607,1700,true,19.0,9.0,2.0,0.0,"0.19,0.09,0.02,0.0","0.834,0.496627450980392,0.484",201,209,216,#C9D1D8,"0.788235294117647,0.819607843137255,0.847058823529412","0.792156862745098,0.815686274509804,0.83921568627451",Color/Palettes/Process/PANTONE/PANTONE+/PantonePlusColorBridgeCoated.xml,2026-02-11 17:29:00
PANTONE 537 CP,608,1700,true,24.0,12.0,1.0,0.0,"0.24,0.12,0.01,0.0","0.8097,0.498705882352941,0.474352941176471",194,202,214,#C2CAD6,"0.76078431372549,0.792156862745098,0.83921568627451","0.764705882352941,0.788235294117647,0.831372549019608",Color/Palettes/Process/PANTONE/PANTONE+/PantonePlusColorBridgeCoated.xml,2026-02-11 17:29:00
PANTONE 536 CP,609,1700,true,36.0,19.0,3.0,0.0,"0.36,0.19,0.03,0.0","0.7404,0.496823529411765,0.460588235294118",171,184,201,#ABB8C9,"0.670588235294118,0.72156862745098,0.788235294117647","0.67843137254902,0.713725490196078,0.780392156862745",Color/Palettes/Process/PANTONE/PANTONE+/PantonePlusColorBridgeCoated.xml,2026-02-11 17:29:00
PANTONE 535 CP,610,1700,true,44.0,27.0,5.0,2.0,"0.44,0.27,0.05,0.02","0.6736,0.503686274509804,0.450196078431373",154,165,187,#9AA5BB,"0.603921568627451,0.647058823529412,0.733333333333333","0.611764705882353,0.63921568627451,0.725490196078431",Color/Palettes/Process/PANTONE/PANTONE+/PantonePlusColorBridgeCoated.xml,2026-02-11 17:29:00
PANTONE 534 CP,611,1700,true,100.0,71.0,0.0,51.0,"1.0,0.71,0.0,0.51","0.2725,0.506666666666667,0.399843137254902",43,65,104,#2B4168,"0.168627450980392,0.254901960784314,0.407843137254902","0.211764705882353,0.262745098039216,0.403921568627451",Color/Palettes/Process/PANTONE/PANTONE+/PantonePlusColorBridgeCoated.xml,2026-02-11 17:29:00
PANTONE 533 CP,612,1700,true,94.0,73.0,5.0,69.0,"0.94,0.73,0.05,0.69","0.2296,0.509490196078431,0.434",45,55,80,#2D3750,"0.176470588235294,0.215686274509804,0.313725490196078","0.2,0.227450980392157,0.317647058823529",Color/Palettes/Process/PANTONE/PANTONE+/PantonePlusColorBridgeCoated.xml,2026-02-11 17:29:00
PANTONE 532 CP,613,1700,true,92.0,73.0,29.0,89.0,"0.92,0.73,0.29,0.89","0.165,0.505843137254902,0.472313725490196",37,41,51,#252933,"0.145098039215686,0.16078431372549,0.2","0.168627450980392,0.176470588235294,0.211764705882353",Color/Palettes/Process/PANTONE/PANTONE+/PantonePlusColorBridgeCoated.xml,2026-02-11 17:29:00
PANTONE 7541 CP,614,1700,true,10.0,3.0,0.0,0.0,"0.1,0.03,0.0,0.0","0.8976,0.492588235294118,0.498941176470588",220,228,226,#DCE4E2,"0.862745098039216,0.894117647058824,0.886274509803922","0.866666666666667,0.890196078431372,0.886274509803922",Color/Palettes/Process/PANTONE/PANTONE+/PantonePlusColorBridgeCoated.xml,2026-02-11 17:29:00
PANTONE 7542 CP,615,1700,true,35.0,13.0,10.0,0.0,"0.35,0.13,0.1,0.0","0.7535,0.478627450980392,0.487686274509804",171,190,191,#ABBEBF,"0.670588235294118,0.745098039215686,0.749019607843137","0.686274509803922,0.737254901960784,0.745098039215686",Color/Palettes/Process/PANTONE/PANTONE+/PantonePlusColorBridgeCoated.xml,2026-02-11 17:29:00
PANTONE 7543 CP,616,1700,true,40.0,24.0,15.0,3.0,"0.4,0.24,0.15,0.03","0.6834,0.494196078431373,0.480235294117647",158,169,176,#9EA9B0,"0.619607843137255,0.662745098039216,0.690196078431373","0.627450980392157,0.654901960784314,0.682352941176471",Color/Palettes/Process/PANTONE/PANTONE+/PantonePlusColorBridgeCoated.xml,2026-02-11 17:29:00
PANTONE 7544 CP,617,1700,true,53.0,34.0,22.0,10.0,"0.53,0.34,0.22,0.1","0.5748,0.495921568627451,0.473803921568627",129,140,150,#818C96,"0.505882352941176,0.549019607843137,0.588235294117647","0.513725490196078,0.545098039215686,0.580392156862745",Color/Palettes/Process/PANTONE/PANTONE+/PantonePlusColorBridgeCoated.xml,2026-02-11 17:29:00
PANTONE 7545 CP,618,1700,true,74.0,50.0,31.0,36.0,"0.74,0.5,0.31,0.36","0.3992,0.493921568627451,0.465882352941176",83,96,108,#53606C,"0.325490196078431,0.376470588235294,0.423529411764706","0.345098039215686,0.376470588235294,0.423529411764706",Color/Palettes/Process/PANTONE/PANTONE+/PantonePlusColorBridgeCoated.xml,2026-02-11 17:29:00
PANTONE 7546 CP,619,1700,true,88.0,57.0,27.0,65.0,"0.88,0.57,0.27,0.65","0.2814,0.489647058823529,0.461764705882353",53,69,82,#354552,"0.207843137254902,0.270588235294118,0.32156862745098","0.23921568627451,0.27843137254902,0.32156862745098",Color/Palettes/Process/PANTONE/PANTONE+/PantonePlusColorBridgeCoated.xml,2026-02-11 17:29:00
PANTONE 7547 CP,620,1700,true,100.0,58.0,21.0,92.0,"1.0,0.58,0.21,0.92","0.1724,0.482627450980392,0.462941176470588",26,45,56,#1A2D38,"0.101960784313725,0.176470588235294,0.219607843137255","0.149019607843137,0.192156862745098,0.231372549019608",Color/Palettes/Process/PANTONE/PANTONE+/PantonePlusColorBridgeCoated.xml,2026-02-11 17:29:00
PANTONE 552 CP,621,1700,true,25.0,4.0,1.0,0.0,"0.25,0.04,0.01,0.0","0.8289,0.473960784313726,0.472",186,212,220,#BAD4DC,"0.729411764705882,0.831372549019608,0.862745098039216","0.752941176470588,0.823529411764706,0.854901960784314",Color/Palettes/Process/PANTONE/PANTONE+/PantonePlusColorBridgeCoated.xml,2026-02-11 17:29:00
PANTONE 551 CP,622,1700,true,35.0,6.0,4.0,0.0,"0.35,0.06,0.04,0.0","0.7751,0.465176470588235,0.466235294117647",165,198,207,#A5C6CF,"0.647058823529412,0.776470588235294,0.811764705882353","0.682352941176471,0.772549019607843,0.807843137254902",Color/Palettes/Process/PANTONE/PANTONE+/PantonePlusColorBridgeCoated.xml,2026-02-11 17:29:00
PANTONE 550 CP,623,1700,true,44.0,10.0,6.0,0.0,"0.44,0.1,0.06,0.0","0.7234,0.462,0.448901960784314",146,185,201,#92B9C9,"0.572549019607843,0.725490196078431,0.788235294117647","0.615686274509804,0.717647058823529,0.780392156862745",Color/Palettes/Process/PANTONE/PANTONE+/PantonePlusColorBridgeCoated.xml,2026-02-11 17:29:00
PANTONE 549 CP,624,1700,true,57.0,16.0,10.0,2.0,"0.57,0.16,0.1,0.02","0.6441,0.453529411764706,0.441686274509804",118,165,182,#76A5B6,"0.462745098039216,0.647058823529412,0.713725490196078","0.517647058823529,0.63921568627451,0.705882352941177",Color/Palettes/Process/PANTONE/PANTONE+/PantonePlusColorBridgeCoated.xml,2026-02-11 17:29:00
PANTONE 548 CP,625,1700,true,100.0,8.0,11.0,74.0,"1.0,0.08,0.11,0.74","0.2472,0.431137254901961,0.440156862745098",0,67,82,#004352,"0.0,0.262745098039216,0.32156862745098","0.129411764705882,0.270588235294118,0.32156862745098",Color/Palettes/Process/PANTONE/PANTONE+/PantonePlusColorBridgeCoated.xml,2026-02-11 17:29:00
PANTONE 547 CP,626,1700,true,100.0,11.0,20.0,82.0,"1.0,0.11,0.2,0.82","0.2188,0.438745098039216,0.454352941176471",0,60,70,#003C46,"0.0,0.235294117647059,0.274509803921569","0.129411764705882,0.243137254901961,0.27843137254902",Color/Palettes/Process/PANTONE/PANTONE+/PantonePlusColorBridgeCoated.xml,2026-02-11 17:29:00
PANTONE 546 CP,627,1700,true,97.0,32.0,34.0,86.0,"0.97,0.32,0.34,0.86","0.1886,0.458156862745098,0.470666666666667",16,51,57,#103339,"0.0627450980392157,0.2,0.223529411764706","0.141176470588235,0.211764705882353,0.231372549019608",Color/Palettes/Process/PANTONE/PANTONE+/PantonePlusColorBridgeCoated.xml,2026-02-11 17:29:00
PANTONE 5455 CP,628,1700,true,23.0,8.0,2.0,0.0,"0.23,0.08,0.02,0.0","0.8204,0.488274509803922,0.47721568627451",192,207,215,#C0CFD7,"0.752941176470588,0.811764705882353,0.843137254901961","0.764705882352941,0.807843137254902,0.83921568627451",Color/Palettes/Process/PANTONE/PANTONE+/PantonePlusColorBridgeCoated.xml,2026-02-11 17:29:00
PANTONE 5445 CP,629,1700,true,26.0,10.0,3.0,0.0,"0.26,0.1,0.03,0.0","0.8,0.489450980392157,0.470901960784314",186,201,212,#BAC9D4,"0.729411764705882,0.788235294117647,0.831372549019608","0.741176470588235,0.784313725490196,0.827450980392157",Color/Palettes/Process/PANTONE/PANTONE+/PantonePlusColorBridgeCoated.xml,2026-02-11 17:29:00
PANTONE 5435 CP,630,1700,true,34.0,14.0,6.0,0.0,"0.34,0.14,0.06,0.0","0.7419,0.486705882352941,0.467176470588235",168,186,198,#A8BAC6,"0.658823529411765,0.729411764705882,0.776470588235294","0.674509803921569,0.72156862745098,0.768627450980392",Color/Palettes/Process/PANTONE/PANTONE+/PantonePlusColorBridgeCoated.xml,2026-02-11 17:29:00
PANTONE 5425 CP,631,1700,true,52.0,25.0,13.0,4.0,"0.52,0.25,0.13,0.04","0.6189,0.489529411764706,0.452235294117647",133,153,171,#8599AB,"0.52156862745098,0.6,0.670588235294118","0.541176470588235,0.592156862745098,0.662745098039216",Color/Palettes/Process/PANTONE/PANTONE+/PantonePlusColorBridgeCoated.xml,2026-02-11 17:29:00
PANTONE 5415 CP,632,1700,true,65.0,34.0,16.0,11.0,"0.65,0.34,0.16,0.11","0.5217,0.483490196078431,0.442235294117647",103,128,150,#678096,"0.403921568627451,0.501960784313725,0.588235294117647","0.431372549019608,0.498039215686275,0.576470588235294",Color/Palettes/Process/PANTONE/PANTONE+/PantonePlusColorBridgeCoated.xml,2026-02-11 17:29:00
PANTONE 5405 CP,633,1700,true,69.0,37.0,19.0,16.0,"0.69,0.37,0.19,0.16","0.488,0.477450980392157,0.444274509803922",92,121,140,#5C798C,"0.36078431372549,0.474509803921569,0.549019607843137","0.396078431372549,0.470588235294118,0.541176470588235",Color/Palettes/Process/PANTONE/PANTONE+/PantonePlusColorBridgeCoated.xml,2026-02-11 17:29:00
PANTONE 5395 CP,634,1700,true,100.0,44.0,10.0,91.0,"1.0,0.44,0.1,0.91","0.1503,0.482627450980392,0.454274509803922",19,41,55,#132937,"0.0745098039215686,0.16078431372549,0.215686274509804","0.129411764705882,0.176470588235294,0.223529411764706",Color/Palettes/Process/PANTONE/PANTONE+/PantonePlusColorBridgeCoated.xml,2026-02-11 17:29:00
PANTONE 642 CP,635,1700,true,15.0,4.0,0.0,0.0,"0.15,0.04,0.0,0.0","0.8791,0.492549019607843,0.476156862745098",211,223,232,#D3DFE8,"0.827450980392157,0.874509803921569,0.909803921568627","0.835294117647059,0.870588235294118,0.905882352941176",Color/Palettes/Process/PANTONE/PANTONE+/PantonePlusColorBridgeCoated.xml,2026-02-11 17:29:00
PANTONE 643 CP,636,1700,true,20.0,6.0,0.0,0.0,"0.2,0.06,0.0,0.0","0.8524,0.491764705882353,0.467372549019608",201,215,229,#C9D7E5,"0.788235294117647,0.843137254901961,0.898039215686275","0.8,0.83921568627451,0.894117647058824",Color/Palettes/Process/PANTONE/PANTONE+/PantonePlusColorBridgeCoated.xml,2026-02-11 17:29:00
PANTONE 644 CP,637,1700,true,38.0,15.0,0.0,0.0,"0.38,0.15,0.0,0.0","0.7465,0.484509803921569,0.437294117647059",162,188,213,#A2BCD5,"0.635294117647059,0.737254901960784,0.835294117647059","0.658823529411765,0.729411764705882,0.827450980392157",Color/Palettes/Process/PANTONE/PANTONE+/PantonePlusColorBridgeCoated.xml,2026-02-11 17:29:00
PANTONE 645 CP,638,1700,true,51.0,23.0,0.0,1.0,"0.51,0.23,0.0,0.01","0.6711,0.486392156862745,0.425490196078431",140,167,198,#8CA7C6,"0.549019607843137,0.654901960784314,0.776470588235294","0.576470588235294,0.650980392156863,0.764705882352941",Color/Palettes/Process/PANTONE/PANTONE+/PantonePlusColorBridgeCoated.xml,2026-02-11 17:29:00
PANTONE 646 CP,639,1700,true,65.0,34.0,2.0,1.0,"0.65,0.34,0.02,0.01","0.5838,0.489725490196078,0.409294117647059",114,144,181,#7290B5,"0.447058823529412,0.564705882352941,0.709803921568627","0.482352941176471,0.56078431372549,0.698039215686274",Color/Palettes/Process/PANTONE/PANTONE+/PantonePlusColorBridgeCoated.xml,2026-02-11 17:29:00
PANTONE 647 CP,640,1700,true,88.0,52.0,3.0,12.0,"0.88,0.52,0.03,0.12","0.4311,0.485921568627451,0.381843137254902",63,106,152,#3F6A98,"0.247058823529412,0.415686274509804,0.596078431372549","0.309803921568627,0.415686274509804,0.584313725490196",Color/Palettes/Process/PANTONE/PANTONE+/PantonePlusColorBridgeCoated.xml,2026-02-11 17:29:00
PANTONE 648 CP,641,1700,true,100.0,69.0,0.0,56.0,"1.0,0.69,0.0,0.56","0.245,0.504980392156863,0.378196078431373",25,60,106,#193C6A,"0.0980392156862745,0.235294117647059,0.415686274509804","0.168627450980392,0.243137254901961,0.407843137254902",Color/Palettes/Process/PANTONE/PANTONE+/PantonePlusColorBridgeCoated.xml,2026-02-11 17:29:00
PANTONE 649 CP,642,1700,true,11.0,3.0,0.0,0.0,"0.11,0.03,0.0,0.0","0.9023,0.496313725490196,0.482196078431373",220,228,236,#DCE4EC,"0.862745098039216,0.894117647058824,0.925490196078431","0.870588235294118,0.894117647058824,0.92156862745098",Color/Palettes/Process/PANTONE/PANTONE+/PantonePlusColorBridgeCoated.xml,2026-02-11 17:29:00
PANTONE 650 CP,643,1700,true,16.0,6.0,0.0,0.0,"0.16,0.06,0.0,0.0","0.8669,0.497098039215686,0.472470588235294",209,218,231,#D1DAE7,"0.819607843137255,0.854901960784314,0.905882352941176","0.823529411764706,0.850980392156863,0.898039215686275",Color/Palettes/Process/PANTONE/PANTONE+/PantonePlusColorBridgeCoated.xml,2026-02-11 17:29:00
PANTONE 651 CP,644,1700,true,33.0,15.0,0.0,0.0,"0.33,0.15,0.0,0.0","0.7575,0.493294117647059,0.441490196078431",170,189,214,#AABDD6,"0.666666666666667,0.741176470588235,0.83921568627451","0.682352941176471,0.737254901960784,0.831372549019608",Color/Palettes/Process/PANTONE/PANTONE+/PantonePlusColorBridgeCoated.xml,2026-02-11 17:29:00
PANTONE 652 CP,645,1700,true,52.0,27.0,0.0,1.0,"0.52,0.27,0.0,0.01","0.6392,0.498352941176471,0.418",136,157,192,#889DC0,"0.533333333333333,0.615686274509804,0.752941176470588","0.552941176470588,0.611764705882353,0.745098039215686",Color/Palettes/Process/PANTONE/PANTONE+/PantonePlusColorBridgeCoated.xml,2026-02-11 17:29:00
PANTONE 653 CP,646,1700,true,84.0,54.0,3.0,10.0,"0.84,0.54,0.03,0.1","0.4381,0.49721568627451,0.379450980392157",72,106,155,#486A9B,"0.282352941176471,0.415686274509804,0.607843137254902","0.329411764705882,0.415686274509804,0.596078431372549",Color/Palettes/Process/PANTONE/PANTONE+/PantonePlusColorBridgeCoated.xml,2026-02-11 17:29:00
PANTONE 654 CP,647,1700,true,100.0,73.0,0.0,33.0,"1.0,0.73,0.0,0.33","0.2958,0.502745098039216,0.358941176470588",26,72,126,#1A487E,"0.101960784313725,0.282352941176471,0.494117647058824","0.188235294117647,0.286274509803922,0.486274509803922",Color/Palettes/Process/PANTONE/PANTONE+/PantonePlusColorBridgeCoated.xml,2026-02-11 17:29:00
PANTONE 655 CP,648,1700,true,100.0,73.0,0.0,61.0,"1.0,0.73,0.0,0.61","0.2306,0.51356862745098,0.380745098039216",30,55,101,#1E3765,"0.117647058823529,0.215686274509804,0.396078431372549","0.168627450980392,0.227450980392157,0.392156862745098",Color/Palettes/Process/PANTONE/PANTONE+/PantonePlusColorBridgeCoated.xml,2026-02-11 17:29:00
PANTONE 656 CP,649,1700,true,10.0,2.0,0.0,0.0,"0.1,0.02,0.0,0.0","0.9095,0.49721568627451,0.480941176470588",223,230,239,#DFE6EF,"0.874509803921569,0.901960784313726,0.937254901960784","0.87843137254902,0.901960784313726,0.933333333333333",Color/Palettes/Process/PANTONE/PANTONE+/PantonePlusColorBridgeCoated.xml,2026-02-11 17:29:00
PANTONE 657 CP,650,1700,true,19.0,7.0,0.0,0.0,"0.19,0.07,0.0,0.0","0.8497,0.493411764705882,0.458392156862745",200,214,232,#C8D6E8,"0.784313725490196,0.83921568627451,0.909803921568627","0.796078431372549,0.835294117647059,0.905882352941176",Color/Palettes/Process/PANTONE/PANTONE+/PantonePlusColorBridgeCoated.xml,2026-02-11 17:29:00
PANTONE 658 CP,651,1700,true,29.0,11.0,0.0,0.0,"0.29,0.11,0.0,0.0","0.7963,0.490941176470588,0.439882352941177",180,200,226,#B4C8E2,"0.705882352941177,0.784313725490196,0.886274509803922","0.72156862745098,0.780392156862745,0.87843137254902",Color/Palettes/Process/PANTONE/PANTONE+/PantonePlusColorBridgeCoated.xml,2026-02-11 17:29:00
PANTONE 659 CP,652,1700,true,51.0,26.0,0.0,0.0,"0.51,0.26,0.0,0.0","0.6678,0.494156862745098,0.399843137254902",137,166,209,#89A6D1,"0.537254901960784,0.650980392156863,0.819607843137255","0.564705882352941,0.643137254901961,0.807843137254902",Color/Palettes/Process/PANTONE/PANTONE+/PantonePlusColorBridgeCoated.xml,2026-02-11 17:29:00
PANTONE 660 CP,653,1700,true,74.0,44.0,0.0,0.0,"0.74,0.44,0.0,0.0","0.5407,0.502156862745098,0.363803921568628",97,132,190,#6184BE,"0.380392156862745,0.517647058823529,0.745098039215686","0.423529411764706,0.513725490196078,0.729411764705882",Color/Palettes/Process/PANTONE/PANTONE+/PantonePlusColorBridgeCoated.xml,2026-02-11 17:29:00
PANTONE 661 CP,654,1700,true,100.0,81.0,0.0,13.0,"1.0,0.81,0.0,0.13","0.3196,0.53521568627451,0.323921568627451",41,74,147,#294A93,"0.16078431372549,0.290196078431373,0.576470588235294","0.219607843137255,0.294117647058824,0.564705882352941",Color/Palettes/Process/PANTONE/PANTONE+/PantonePlusColorBridgeCoated.xml,2026-02-11 17:29:00
PANTONE 662 CP,655,1700,true,100.0,87.0,0.0,36.0,"1.0,0.87,0.0,0.36","0.2264,0.556352941176471,0.347647058823529",42,49,114,#2A3172,"0.164705882352941,0.192156862745098,0.447058823529412","0.188235294117647,0.203921568627451,0.435294117647059",Color/Palettes/Process/PANTONE/PANTONE+/PantonePlusColorBridgeCoated.xml,2026-02-11 17:29:00
PANTONE 7450 CP,656,1700,true,24.0,14.0,0.0,0.0,"0.24,0.14,0.0,0.0","0.7974,0.503019607843137,0.457098039215686",189,198,218,#BDC6DA,"0.741176470588235,0.776470588235294,0.854901960784314","0.749019607843137,0.772549019607843,0.850980392156863",Color/Palettes/Process/PANTONE/PANTONE+/PantonePlusColorBridgeCoated.xml,2026-02-11 17:29:00
PANTONE 7451 CP,657,1700,true,45.0,25.0,0.0,0.0,"0.45,0.25,0.0,0.0","0.6829,0.499333333333333,0.405882352941176",145,169,210,#91A9D2,"0.568627450980392,0.662745098039216,0.823529411764706","0.592156862745098,0.654901960784314,0.811764705882353",Color/Palettes/Process/PANTONE/PANTONE+/PantonePlusColorBridgeCoated.xml,2026-02-11 17:29:00
PANTONE 7452 CP,658,1700,true,52.0,37.0,0.0,0.0,"0.52,0.37,0.0,0.0","0.625,0.516509803921569,0.394392156862745",136,151,199,#8897C7,"0.533333333333333,0.592156862745098,0.780392156862745","0.545098039215686,0.588235294117647,0.768627450980392",Color/Palettes/Process/PANTONE/PANTONE+/PantonePlusColorBridgeCoated.xml,2026-02-11 17:29:00
PANTONE 7453 CP,659,1700,true,50.0,25.0,0.0,0.0,"0.5,0.25,0.0,0.0","0.6716,0.492,0.398627450980392",136,167,210,#88A7D2,"0.533333333333333,0.654901960784314,0.823529411764706","0.564705882352941,0.647058823529412,0.811764705882353",Color/Palettes/Process/PANTONE/PANTONE+/PantonePlusColorBridgeCoated.xml,2026-02-11 17:29:00
PANTONE 7454 CP,660,1700,true,63.0,30.0,4.0,2.0,"0.63,0.3,0.04,0.02","0.5841,0.47478431372549,0.414627450980392",107,146,178,#6B92B2,"0.419607843137255,0.572549019607843,0.698039215686274","0.466666666666667,0.568627450980392,0.690196078431373",Color/Palettes/Process/PANTONE/PANTONE+/PantonePlusColorBridgeCoated.xml,2026-02-11 17:29:00
PANTONE 7455 CP,661,1700,true,86.0,66.0,0.0,0.0,"0.86,0.66,0.0,0.0","0.4285,0.530313725490196,0.341019607843137",76,100,169,#4C64A9,"0.298039215686275,0.392156862745098,0.662745098039216","0.329411764705882,0.392156862745098,0.650980392156863",Color/Palettes/Process/PANTONE/PANTONE+/PantonePlusColorBridgeCoated.xml,2026-02-11 17:29:00
PANTONE 7456 CP,662,1700,true,69.0,56.0,0.0,0.0,"0.69,0.56,0.0,0.0","0.501,0.541098039215686,0.365098039215686",108,116,179,#6C74B3,"0.423529411764706,0.454901960784314,0.701960784313725","0.431372549019608,0.450980392156863,0.686274509803922",Color/Palettes/Process/PANTONE/PANTONE+/PantonePlusColorBridgeCoated.xml,2026-02-11 17:29:00
PANTONE 2706 CP,663,1700,true,18.0,11.0,0.0,0.0,"0.18,0.11,0.0,0.0","0.8297,0.507921568627451,0.456666666666667",201,207,228,#C9CFE4,"0.788235294117647,0.811764705882353,0.894117647058824","0.788235294117647,0.803921568627451,0.886274509803922",Color/Palettes/Process/PANTONE/PANTONE+/PantonePlusColorBridgeCoated.xml,2026-02-11 17:29:00
PANTONE 2716 CP,664,1700,true,38.0,26.0,0.0,0.0,"0.38,0.26,0.0,0.0","0.6962,0.516235294117647,0.417098039215686",160,169,209,#A0A9D1,"0.627450980392157,0.662745098039216,0.819607843137255","0.631372549019608,0.658823529411765,0.807843137254902",Color/Palettes/Process/PANTONE/PANTONE+/PantonePlusColorBridgeCoated.xml,2026-02-11 17:29:00
PANTONE 2726 CP,665,1700,true,83.0,66.0,0.0,0.0,"0.83,0.66,0.0,0.0","0.431,0.544470588235294,0.348549019607843",87,98,167,#5762A7,"0.341176470588235,0.384313725490196,0.654901960784314","0.356862745098039,0.384313725490196,0.63921568627451",Color/Palettes/Process/PANTONE/PANTONE+/PantonePlusColorBridgeCoated.xml,2026-02-11 17:29:00
PANTONE 2736 CP,666,1700,true,100.0,90.0,0.0,2.0,"1.0,0.9,0.0,0.02","0.2785,0.573803921568627,0.319607843137255",54,58,139,#363A8B,"0.211764705882353,0.227450980392157,0.545098039215686","0.227450980392157,0.235294117647059,0.529411764705882",Color/Palettes/Process/PANTONE/PANTONE+/PantonePlusColorBridgeCoated.xml,2026-02-11 17:29:00
PANTONE 2746 CP,667,1700,true,100.0,91.0,0.0,10.0,"1.0,0.91,0.0,0.1","0.2553,0.575490196078431,0.329960784313725",53,52,128,#353480,"0.207843137254902,0.203921568627451,0.501960784313725","0.219607843137255,0.215686274509804,0.490196078431373",Color/Palettes/Process/PANTONE/PANTONE+/PantonePlusColorBridgeCoated.xml,2026-02-11 17:29:00
PANTONE 2756 CP,668,1700,true,100.0,92.0,0.0,26.0,"1.0,0.92,0.0,0.26","0.2092,0.587411764705882,0.343921568627451",52,39,111,#34276F,"0.203921568627451,0.152941176470588,0.435294117647059","0.203921568627451,0.168627450980392,0.427450980392157",Color/Palettes/Process/PANTONE/PANTONE+/PantonePlusColorBridgeCoated.xml,2026-02-11 17:29:00
PANTONE 2766 CP,669,1700,true,100.0,87.0,0.0,58.0,"1.0,0.87,0.0,0.58","0.1558,0.560509803921569,0.382470588235294",38,32,83,#262053,"0.149019607843137,0.125490196078431,0.325490196078431","0.16078431372549,0.145098039215686,0.32156862745098",Color/Palettes/Process/PANTONE/PANTONE+/PantonePlusColorBridgeCoated.xml,2026-02-11 17:29:00
PANTONE 2708 CP,670,1700,true,25.0,12.0,0.0,0.0,"0.25,0.12,0.0,0.0","0.802,0.499607843137255,0.443764705882353",186,200,226,#BAC8E2,"0.729411764705882,0.784313725490196,0.886274509803922","0.741176470588235,0.780392156862745,0.87843137254902",Color/Palettes/Process/PANTONE/PANTONE+/PantonePlusColorBridgeCoated.xml,2026-02-11 17:29:00
PANTONE 2718 CP,671,1700,true,65.0,40.0,0.0,0.0,"0.65,0.4,0.0,0.0","0.5642,0.514235294117647,0.376941176470588",114,136,190,#7288BE,"0.447058823529412,0.533333333333333,0.745098039215686","0.470588235294118,0.529411764705882,0.733333333333333",Color/Palettes/Process/PANTONE/PANTONE+/PantonePlusColorBridgeCoated.xml,2026-02-11 17:29:00
PANTONE 2728 CP,672,1700,true,99.0,76.0,0.0,0.0,"0.99,0.76,0.0,0.0","0.3364,0.542862745098039,0.324470588235294",52,76,152,#344C98,"0.203921568627451,0.298039215686275,0.596078431372549","0.247058823529412,0.305882352941176,0.580392156862745",Color/Palettes/Process/PANTONE/PANTONE+/PantonePlusColorBridgeCoated.xml,2026-02-11 17:29:00
PANTONE 2738 CP,673,1700,true,100.0,91.0,0.0,13.0,"1.0,0.91,0.0,0.13","0.2273,0.578470588235294,0.336470588235294",50,45,119,#322D77,"0.196078431372549,0.176470588235294,0.466666666666667","0.203921568627451,0.192156862745098,0.454901960784314",Color/Palettes/Process/PANTONE/PANTONE+/PantonePlusColorBridgeCoated.xml,2026-02-11 17:29:00
PANTONE 2748 CP,674,1700,true,100.0,86.0,0.0,35.0,"1.0,0.86,0.0,0.35","0.1994,0.570862745098039,0.354039215686274",45,40,105,#2D2869,"0.176470588235294,0.156862745098039,0.411764705882353","0.184313725490196,0.172549019607843,0.403921568627451",Color/Palettes/Process/PANTONE/PANTONE+/PantonePlusColorBridgeCoated.xml,2026-02-11 17:29:00
PANTONE 2758 CP,675,1700,true,100.0,83.0,0.0,47.0,"1.0,0.83,0.0,0.47","0.1729,0.562235294117647,0.368549019607843",39,36,92,#27245C,"0.152941176470588,0.141176470588235,0.36078431372549","0.168627450980392,0.156862745098039,0.356862745098039",Color/Palettes/Process/PANTONE/PANTONE+/PantonePlusColorBridgeCoated.xml,2026-02-11 17:29:00
PANTONE 2768 CP,676,1700,true,100.0,78.0,0.0,66.0,"1.0,0.78,0.0,0.66","0.1366,0.538941176470588,0.4",29,31,72,#1D1F48,"0.113725490196078,0.12156862745098,0.282352941176471","0.137254901960784,0.145098039215686,0.282352941176471",Color/Palettes/Process/PANTONE/PANTONE+/PantonePlusColorBridgeCoated.xml,2026-02-11 17:29:00
PANTONE 2707 CP,677,1700,true,21.0,7.0,0.0,0.0,"0.21,0.07,0.0,0.0","0.8412,0.491607843137255,0.453647058823529",195,212,232,#C3D4E8,"0.764705882352941,0.831372549019608,0.909803921568627","0.780392156862745,0.827450980392157,0.905882352941176",Color/Palettes/Process/PANTONE/PANTONE+/PantonePlusColorBridgeCoated.xml,2026-02-11 17:29:00
PANTONE 2717 CP,678,1700,true,32.0,13.0,0.0,0.0,"0.32,0.13,0.0,0.0","0.7653,0.491686274509804,0.429764705882353",169,192,222,#A9C0DE,"0.662745098039216,0.752941176470588,0.870588235294118","0.686274509803922,0.745098039215686,0.862745098039216",Color/Palettes/Process/PANTONE/PANTONE+/PantonePlusColorBridgeCoated.xml,2026-02-11 17:29:00
PANTONE 2727 CP,679,1700,true,75.0,45.0,0.0,0.0,"0.75,0.45,0.0,0.0","0.5266,0.497882352941176,0.359411764705882",88,129,188,#5881BC,"0.345098039215686,0.505882352941176,0.737254901960784","0.4,0.501960784313725,0.72156862745098",Color/Palettes/Process/PANTONE/PANTONE+/PantonePlusColorBridgeCoated.xml,2026-02-11 17:29:00
PANTONE Blue 072 CP,680,1700,true,100.0,90.0,0.0,7.0,"1.0,0.9,0.0,0.07","0.2534,0.574509803921569,0.326745098039216",51,52,129,#333481,"0.2,0.203921568627451,0.505882352941176","0.211764705882353,0.215686274509804,0.494117647058824",Color/Palettes/Process/PANTONE/PANTONE+/PantonePlusColorBridgeCoated.xml,2026-02-11 17:29:00
PANTONE 2747 CP,681,1700,true,100.0,85.0,0.0,37.0,"1.0,0.85,0.0,0.37","0.2227,0.553921568627451,0.352745098039216",41,48,111,#29306F,"0.16078431372549,0.188235294117647,0.435294117647059","0.184313725490196,0.203921568627451,0.427450980392157",Color/Palettes/Process/PANTONE/PANTONE+/PantonePlusColorBridgeCoated.xml,2026-02-11 17:29:00
PANTONE 2757 CP,682,1700,true,100.0,81.0,0.0,51.0,"1.0,0.81,0.0,0.51","0.201,0.540666666666667,0.369882352941176",35,45,99,#232D63,"0.137254901960784,0.176470588235294,0.388235294117647","0.168627450980392,0.192156862745098,0.380392156862745",Color/Palettes/Process/PANTONE/PANTONE+/PantonePlusColorBridgeCoated.xml,2026-02-11 17:29:00
PANTONE 2767 CP,683,1700,true,100.0,71.0,0.0,66.0,"1.0,0.71,0.0,0.66","0.1904,0.517098039215686,0.405725490196078",32,46,82,#202E52,"0.125490196078431,0.180392156862745,0.32156862745098","0.16078431372549,0.192156862745098,0.32156862745098",Color/Palettes/Process/PANTONE/PANTONE+/PantonePlusColorBridgeCoated.xml,2026-02-11 17:29:00
PANTONE 277 CP,684,1700,true,32.0,8.0,0.0,0.0,"0.32,0.08,0.0,0.0","0.7944,0.482470588235294,0.433764705882353",173,201,228,#ADC9E4,"0.67843137254902,0.788235294117647,0.894117647058824","0.705882352941177,0.784313725490196,0.886274509803922",Color/Palettes/Process/PANTONE/PANTONE+/PantonePlusColorBridgeCoated.xml,2026-02-11 17:29:00
PANTONE 278 CP,685,1700,true,43.0,17.0,0.0,0.0,"0.43,0.17,0.0,0.0","0.7201,0.483686274509804,0.410705882352941",148,181,218,#94B5DA,"0.580392156862745,0.709803921568627,0.854901960784314","0.615686274509804,0.705882352941177,0.847058823529412",Color/Palettes/Process/PANTONE/PANTONE+/PantonePlusColorBridgeCoated.xml,2026-02-11 17:29:00
PANTONE 279 CP,686,1700,true,69.0,34.0,0.0,0.0,"0.69,0.34,0.0,0.0","0.5799,0.486941176470588,0.368980392156863",99,144,198,#6390C6,"0.388235294117647,0.564705882352941,0.776470588235294","0.447058823529412,0.56078431372549,0.764705882352941",Color/Palettes/Process/PANTONE/PANTONE+/PantonePlusColorBridgeCoated.xml,2026-02-11 17:29:00
PANTONE Reflex Blue CP,687,1700,true,100.0,87.0,0.0,20.0,"1.0,0.87,0.0,0.2","0.2497,0.554980392156863,0.338627450980392",43,54,123,#2B367B,"0.168627450980392,0.211764705882353,0.482352941176471","0.196078431372549,0.223529411764706,0.474509803921569",Color/Palettes/Process/PANTONE/PANTONE+/PantonePlusColorBridgeCoated.xml,2026-02-11 17:29:00
PANTONE 280 CP,688,1700,true,100.0,85.0,0.0,39.0,"1.0,0.85,0.0,0.39","0.217,0.548509803921569,0.354039215686274",37,48,109,#25306D,"0.145098039215686,0.188235294117647,0.427450980392157","0.176470588235294,0.2,0.419607843137255",Color/Palettes/Process/PANTONE/PANTONE+/PantonePlusColorBridgeCoated.xml,2026-02-11 17:29:00
PANTONE 281 CP,689,1700,true,100.0,78.0,0.0,57.0,"1.0,0.78,0.0,0.57","0.2037,0.522392156862745,0.373764705882353",25,48,98,#193062,"0.0980392156862745,0.188235294117647,0.384313725490196","0.149019607843137,0.203921568627451,0.376470588235294",Color/Palettes/Process/PANTONE/PANTONE+/PantonePlusColorBridgeCoated.xml,2026-02-11 17:29:00
PANTONE 282 CP,690,1700,true,100.0,72.0,0.0,73.0,"1.0,0.72,0.0,0.73","0.1581,0.513607843137255,0.405607843137255",22,39,74,#16274A,"0.0862745098039216,0.152941176470588,0.290196078431373","0.133333333333333,0.172549019607843,0.294117647058824",Color/Palettes/Process/PANTONE/PANTONE+/PantonePlusColorBridgeCoated.xml,2026-02-11 17:29:00
PANTONE 283 CP,691,1700,true,41.0,11.0,0.0,0.0,"0.41,0.11,0.0,0.0","0.758,0.473254901960784,0.418666666666667",154,193,225,#9AC1E1,"0.603921568627451,0.756862745098039,0.882352941176471","0.647058823529412,0.749019607843137,0.874509803921569",Color/Palettes/Process/PANTONE/PANTONE+/PantonePlusColorBridgeCoated.xml,2026-02-11 17:29:00
PANTONE 284 CP,692,1700,true,54.0,19.0,0.0,0.0,"0.54,0.19,0.0,0.0","0.6826,0.476862745098039,0.396666666666667",130,172,214,#82ACD6,"0.509803921568627,0.674509803921569,0.83921568627451","0.556862745098039,0.670588235294118,0.827450980392157",Color/Palettes/Process/PANTONE/PANTONE+/PantonePlusColorBridgeCoated.xml,2026-02-11 17:29:00
PANTONE 285 CP,693,1700,true,90.0,47.0,0.0,0.0,"0.9,0.47,0.0,0.0","0.4868,0.473333333333333,0.336470588235294",43,123,187,#2B7BBB,"0.168627450980392,0.482352941176471,0.733333333333333","0.305882352941176,0.47843137254902,0.717647058823529",Color/Palettes/Process/PANTONE/PANTONE+/PantonePlusColorBridgeCoated.xml,2026-02-11 17:29:00
PANTONE 286 CP,694,1700,true,100.0,80.0,0.0,12.0,"1.0,0.8,0.0,0.12","0.3046,0.532941176470588,0.326666666666667",36,70,142,#24468E,"0.141176470588235,0.274509803921569,0.556862745098039","0.203921568627451,0.282352941176471,0.545098039215686",Color/Palettes/Process/PANTONE/PANTONE+/PantonePlusColorBridgeCoated.xml,2026-02-11 17:29:00
PANTONE 287 CP,695,1700,true,100.0,81.0,0.0,23.0,"1.0,0.81,0.0,0.23","0.2839,0.529019607843137,0.335764705882353",32,66,133,#204285,"0.125490196078431,0.258823529411765,0.52156862745098","0.188235294117647,0.266666666666667,0.509803921568627",Color/Palettes/Process/PANTONE/PANTONE+/PantonePlusColorBridgeCoated.xml,2026-02-11 17:29:00
PANTONE 288 CP,696,1700,true,100.0,79.0,0.0,37.0,"1.0,0.79,0.0,0.37","0.2537,0.525294117647059,0.350549019607843",29,60,119,#1D3C77,"0.113725490196078,0.235294117647059,0.466666666666667","0.172549019607843,0.243137254901961,0.458823529411765",Color/Palettes/Process/PANTONE/PANTONE+/PantonePlusColorBridgeCoated.xml,2026-02-11 17:29:00
PANTONE 289 CP,697,1700,true,100.0,66.0,0.0,76.0,"1.0,0.66,0.0,0.76","0.1838,0.505450980392157,0.397843137254902",19,46,83,#132E53,"0.0745098039215686,0.180392156862745,0.325490196078431","0.137254901960784,0.196078431372549,0.325490196078431",Color/Palettes/Process/PANTONE/PANTONE+/PantonePlusColorBridgeCoated.xml,2026-02-11 17:29:00
PANTONE 7681 CP,698,1700,true,42.0,24.0,0.0,0.0,"0.42,0.24,0.0,0.0","0.6885,0.502588235294118,0.424039215686275",152,170,203,#98AACB,"0.596078431372549,0.666666666666667,0.796078431372549","0.611764705882353,0.658823529411765,0.788235294117647",Color/Palettes/Process/PANTONE/PANTONE+/PantonePlusColorBridgeCoated.xml,2026-02-11 17:29:00
PANTONE 7682 CP,699,1700,true,62.0,38.0,0.0,0.0,"0.62,0.38,0.0,0.0","0.5708,0.500235294117647,0.395921568627451",113,139,184,#718BB8,"0.443137254901961,0.545098039215686,0.72156862745098","0.470588235294118,0.541176470588235,0.705882352941177",Color/Palettes/Process/PANTONE/PANTONE+/PantonePlusColorBridgeCoated.xml,2026-02-11 17:29:00
PANTONE 7683 CP,700,1700,true,79.0,53.0,0.0,0.0,"0.79,0.53,0.0,0.0","0.4824,0.50556862745098,0.364470588235294",83,117,173,#5375AD,"0.325490196078431,0.458823529411765,0.67843137254902","0.372549019607843,0.454901960784314,0.666666666666667",Color/Palettes/Process/PANTONE/PANTONE+/PantonePlusColorBridgeCoated.xml,2026-02-11 17:29:00
PANTONE 7684 CP,701,1700,true,85.0,62.0,0.0,0.0,"0.85,0.62,0.0,0.0","0.4126,0.525137254901961,0.360745098039216",76,97,156,#4C619C,"0.298039215686275,0.380392156862745,0.611764705882353","0.325490196078431,0.380392156862745,0.6",Color/Palettes/Process/PANTONE/PANTONE+/PantonePlusColorBridgeCoated.xml,2026-02-11 17:29:00
PANTONE 7685 CP,702,1700,true,90.0,66.0,0.0,0.0,"0.9,0.66,0.0,0.0","0.3832,0.522627450980392,0.354313725490196",64,90,151,#405A97,"0.250980392156863,0.352941176470588,0.592156862745098","0.290196078431373,0.352941176470588,0.580392156862745",Color/Palettes/Process/PANTONE/PANTONE+/PantonePlusColorBridgeCoated.xml,2026-02-11 17:29:00
PANTONE 7686 CP,703,1700,true,97.0,70.0,0.0,2.0,"0.97,0.7,0.0,0.02","0.3652,0.51321568627451,0.348862745098039",50,87,149,#325795,"0.196078431372549,0.341176470588235,0.584313725490196","0.258823529411765,0.345098039215686,0.572549019607843",Color/Palettes/Process/PANTONE/PANTONE+/PantonePlusColorBridgeCoated.xml,2026-02-11 17:29:00
PANTONE 7687 CP,704,1700,true,100.0,80.0,0.0,4.0,"1.0,0.8,0.0,0.04","0.3083,0.532745098039216,0.337333333333333",43,71,139,#2B478B,"0.168627450980392,0.27843137254902,0.545098039215686","0.219607843137255,0.286274509803922,0.533333333333333",Color/Palettes/Process/PANTONE/PANTONE+/PantonePlusColorBridgeCoated.xml,2026-02-11 17:29:00
PANTONE 545 CP,705,1700,true,20.0,3.0,0.0,0.0,"0.2,0.03,0.0,0.0","0.8649,0.484156862745098,0.468901960784314",201,220,232,#C9DCE8,"0.788235294117647,0.862745098039216,0.909803921568627","0.803921568627451,0.858823529411765,0.901960784313726",Color/Palettes/Process/PANTONE/PANTONE+/PantonePlusColorBridgeCoated.xml,2026-02-11 17:29:00
PANTONE 544 CP,706,1700,true,24.0,4.0,0.0,0.0,"0.24,0.04,0.0,0.0","0.8424,0.482313725490196,0.456549019607843",191,214,231,#BFD6E7,"0.749019607843137,0.83921568627451,0.905882352941176","0.772549019607843,0.835294117647059,0.901960784313726",Color/Palettes/Process/PANTONE/PANTONE+/PantonePlusColorBridgeCoated.xml,2026-02-11 17:29:00
PANTONE 543 CP,707,1700,true,35.0,7.0,0.0,0.0,"0.35,0.07,0.0,0.0","0.791,0.475960784313726,0.436823529411765",169,201,226,#A9C9E2,"0.662745098039216,0.788235294117647,0.886274509803922","0.698039215686274,0.784313725490196,0.87843137254902",Color/Palettes/Process/PANTONE/PANTONE+/PantonePlusColorBridgeCoated.xml,2026-02-11 17:29:00
PANTONE 542 CP,708,1700,true,51.0,16.0,0.0,0.0,"0.51,0.16,0.0,0.0","0.6977,0.475882352941176,0.410941176470588",137,176,212,#89B0D4,"0.537254901960784,0.690196078431373,0.831372549019608","0.580392156862745,0.686274509803922,0.819607843137255",Color/Palettes/Process/PANTONE/PANTONE+/PantonePlusColorBridgeCoated.xml,2026-02-11 17:29:00
PANTONE 541 CP,709,1700,true,100.0,61.0,0.0,43.0,"1.0,0.61,0.0,0.43","0.266,0.496588235294118,0.360980392156863",6,66,118,#064276,"0.0235294117647059,0.258823529411765,0.462745098039216","0.156862745098039,0.266666666666667,0.454901960784314",Color/Palettes/Process/PANTONE/PANTONE+/PantonePlusColorBridgeCoated.xml,2026-02-11 17:29:00
PANTONE 540 CP,710,1700,true,100.0,53.0,0.0,65.0,"1.0,0.53,0.0,0.65","0.2322,0.485686274509804,0.385411764705882",2,59,100,#023B64,"0.00784313725490196,0.231372549019608,0.392156862745098","0.137254901960784,0.243137254901961,0.384313725490196",Color/Palettes/Process/PANTONE/PANTONE+/PantonePlusColorBridgeCoated.xml,2026-02-11 17:29:00
PANTONE 539 CP,711,1700,true,100.0,43.0,0.0,83.0,"1.0,0.43,0.0,0.83","0.1803,0.472352941176471,0.433411764705882",8,48,69,#083045,"0.0313725490196078,0.188235294117647,0.270588235294118","0.125490196078431,0.203921568627451,0.274509803921569",Color/Palettes/Process/PANTONE/PANTONE+/PantonePlusColorBridgeCoated.xml,2026-02-11 17:29:00
PANTONE 290 CP,712,1700,true,25.0,1.0,0.0,0.0,"0.25,0.01,0.0,0.0","0.8552,0.468078431372549,0.450862745098039",186,220,237,#BADCED,"0.729411764705882,0.862745098039216,0.929411764705882","0.764705882352941,0.858823529411765,0.925490196078431",Color/Palettes/Process/PANTONE/PANTONE+/PantonePlusColorBridgeCoated.xml,2026-02-11 17:29:00
PANTONE 291 CP,713,1700,true,38.0,4.0,0.0,0.0,"0.38,0.04,0.0,0.0","0.7965,0.458,0.425921568627451",158,205,232,#9ECDE8,"0.619607843137255,0.803921568627451,0.909803921568627","0.674509803921569,0.8,0.905882352941176",Color/Palettes/Process/PANTONE/PANTONE+/PantonePlusColorBridgeCoated.xml,2026-02-11 17:29:00
PANTONE 292 CP,714,1700,true,55.0,13.0,0.0,0.0,"0.55,0.13,0.0,0.0","0.704,0.452705882352941,0.392823529411765",119,181,221,#77B5DD,"0.466666666666667,0.709803921568627,0.866666666666667","0.545098039215686,0.705882352941177,0.858823529411765",Color/Palettes/Process/PANTONE/PANTONE+/PantonePlusColorBridgeCoated.xml,2026-02-11 17:29:00
PANTONE 293 CP,715,1700,true,100.0,76.0,0.0,9.0,"1.0,0.76,0.0,0.09","0.3303,0.513607843137255,0.321843137254902",19,79,151,#134F97,"0.0745098039215686,0.309803921568627,0.592156862745098","0.192156862745098,0.313725490196078,0.576470588235294",Color/Palettes/Process/PANTONE/PANTONE+/PantonePlusColorBridgeCoated.xml,2026-02-11 17:29:00
PANTONE 294 CP,716,1700,true,100.0,74.0,0.0,45.0,"1.0,0.74,0.0,0.45","0.2578,0.505254901960784,0.357803921568628",14,63,117,#0E3F75,"0.0549019607843137,0.247058823529412,0.458823529411765","0.156862745098039,0.254901960784314,0.450980392156863",Color/Palettes/Process/PANTONE/PANTONE+/PantonePlusColorBridgeCoated.xml,2026-02-11 17:29:00
PANTONE 295 CP,717,1700,true,100.0,63.0,0.0,67.0,"1.0,0.63,0.0,0.67","0.2262,0.489450980392157,0.384980392156863",5,57,98,#053962,"0.0196078431372549,0.223529411764706,0.384313725490196","0.137254901960784,0.235294117647059,0.380392156862745",Color/Palettes/Process/PANTONE/PANTONE+/PantonePlusColorBridgeCoated.xml,2026-02-11 17:29:00
PANTONE 296 CP,718,1700,true,100.0,46.0,0.0,89.0,"1.0,0.46,0.0,0.89","0.1696,0.474313725490196,0.442156862745098",12,46,63,#0C2E3F,"0.0470588235294118,0.180392156862745,0.247058823529412","0.125490196078431,0.192156862745098,0.254901960784314",Color/Palettes/Process/PANTONE/PANTONE+/PantonePlusColorBridgeCoated.xml,2026-02-11 17:29:00
PANTONE 2905 CP,719,1700,true,43.0,3.0,0.0,0.0,"0.43,0.03,0.0,0.0","0.7889,0.445921568627451,0.417529411764706",146,205,234,#92CDEA,"0.572549019607843,0.803921568627451,0.917647058823529","0.643137254901961,0.8,0.909803921568627",Color/Palettes/Process/PANTONE/PANTONE+/PantonePlusColorBridgeCoated.xml,2026-02-11 17:29:00
PANTONE 2915 CP,720,1700,true,58.0,8.0,0.0,0.0,"0.58,0.08,0.0,0.0","0.7114,0.440470588235294,0.389058823529412",111,185,225,#6FB9E1,"0.435294117647059,0.725490196078431,0.882352941176471","0.533333333333333,0.72156862745098,0.874509803921569",Color/Palettes/Process/PANTONE/PANTONE+/PantonePlusColorBridgeCoated.xml,2026-02-11 17:29:00
PANTONE 2925 CP,721,1700,true,75.0,18.0,0.0,0.0,"0.75,0.18,0.0,0.0","0.6161,0.43556862745098,0.357098039215686",60,161,213,#3CA1D5,"0.235294117647059,0.631372549019608,0.835294117647059","0.4,0.623529411764706,0.823529411764706",Color/Palettes/Process/PANTONE/PANTONE+/PantonePlusColorBridgeCoated.xml,2026-02-11 17:29:00
PANTONE 2935 CP,722,1700,true,100.0,63.0,0.0,2.0,"1.0,0.63,0.0,0.02","0.3805,0.476235294117647,0.306666666666667",0,96,171,#0060AB,"0.0,0.376470588235294,0.670588235294118","0.149019607843137,0.380392156862745,0.654901960784314",Color/Palettes/Process/PANTONE/PANTONE+/PantonePlusColorBridgeCoated.xml,2026-02-11 17:29:00
PANTONE 2945 CP,723,1700,true,100.0,64.0,0.0,16.0,"1.0,0.64,0.0,0.16","0.3358,0.481607843137255,0.322862745098039",0,85,152,#005598,"0.0,0.333333333333333,0.596078431372549","0.141176470588235,0.333333333333333,0.580392156862745",Color/Palettes/Process/PANTONE/PANTONE+/PantonePlusColorBridgeCoated.xml,2026-02-11 17:29:00
PANTONE 2955 CP,724,1700,true,100.0,52.0,0.0,58.0,"1.0,0.52,0.0,0.58","0.2586,0.467294117647059,0.371490196078431",0,67,112,#004370,"0.0,0.262745098039216,0.43921568627451","0.113725490196078,0.270588235294118,0.431372549019608",Color/Palettes/Process/PANTONE/PANTONE+/PantonePlusColorBridgeCoated.xml,2026-02-11 17:29:00
PANTONE 2965 CP,725,1700,true,100.0,40.0,0.0,82.0,"1.0,0.4,0.0,0.82","0.1936,0.468470588235294,0.415647058823529",0,52,79,#00344F,"0.0,0.203921568627451,0.309803921568627","0.113725490196078,0.215686274509804,0.309803921568627",Color/Palettes/Process/PANTONE/PANTONE+/PantonePlusColorBridgeCoated.xml,2026-02-11 17:29:00
PANTONE 297 CP,726,1700,true,52.0,0.0,0.0,0.0,"0.52,0.0,0.0,0.0","0.772,0.426627450980392,0.410627450980392",126,203,232,#7ECBE8,"0.494117647058824,0.796078431372549,0.909803921568627","0.596078431372549,0.792156862745098,0.901960784313726",Color/Palettes/Process/PANTONE/PANTONE+/PantonePlusColorBridgeCoated.xml,2026-02-11 17:29:00
PANTONE 298 CP,727,1700,true,65.0,3.0,0.0,0.0,"0.65,0.03,0.0,0.0","0.7162,0.419294117647059,0.383137254901961",92,189,229,#5CBDE5,"0.36078431372549,0.741176470588235,0.898039215686275","0.505882352941176,0.737254901960784,0.890196078431372",Color/Palettes/Process/PANTONE/PANTONE+/PantonePlusColorBridgeCoated.xml,2026-02-11 17:29:00
PANTONE 299 CP,728,1700,true,79.0,7.0,0.0,0.0,"0.79,0.07,0.0,0.0","0.6417,0.410274509803922,0.353882352941176",23,171,221,#17ABDD,"0.0901960784313725,0.670588235294118,0.866666666666667","0.384313725490196,0.662745098039216,0.858823529411765",Color/Palettes/Process/PANTONE/PANTONE+/PantonePlusColorBridgeCoated.xml,2026-02-11 17:29:00
PANTONE 300 CP,729,1700,true,100.0,56.0,0.0,3.0,"1.0,0.56,0.0,0.03","0.4198,0.459960784313725,0.312627450980392",0,108,179,#006CB3,"0.0,0.423529411764706,0.701960784313725","0.172549019607843,0.423529411764706,0.686274509803922",Color/Palettes/Process/PANTONE/PANTONE+/PantonePlusColorBridgeCoated.xml,2026-02-11 17:29:00
PANTONE 301 CP,730,1700,true,100.0,51.0,0.0,34.0,"1.0,0.51,0.0,0.34","0.3218,0.467176470588235,0.352901960784314",0,83,135,#005387,"0.0,0.325490196078431,0.529411764705882","0.149019607843137,0.325490196078431,0.52156862745098",Color/Palettes/Process/PANTONE/PANTONE+/PantonePlusColorBridgeCoated.xml,2026-02-11 17:29:00
PANTONE 302 CP,731,1700,true,100.0,32.0,0.0,68.0,"1.0,0.32,0.0,0.68","0.262,0.450588235294118,0.400196078431373",0,70,101,#004665,"0.0,0.274509803921569,0.396078431372549","0.129411764705882,0.27843137254902,0.392156862745098",Color/Palettes/Process/PANTONE/PANTONE+/PantonePlusColorBridgeCoated.xml,2026-02-11 17:29:00
PANTONE 303 CP,732,1700,true,100.0,33.0,6.0,84.0,"1.0,0.33,0.06,0.84","0.1974,0.45921568627451,0.441686274509804",4,53,70,#043546,"0.0156862745098039,0.207843137254902,0.274509803921569","0.129411764705882,0.219607843137255,0.27843137254902",Color/Palettes/Process/PANTONE/PANTONE+/PantonePlusColorBridgeCoated.xml,2026-02-11 17:29:00
PANTONE 7688 CP,733,1700,true,69.0,23.0,0.0,0.0,"0.69,0.23,0.0,0.0","0.6144,0.462862745098039,0.381607843137255",97,156,202,#619CCA,"0.380392156862745,0.611764705882353,0.792156862745098","0.458823529411765,0.607843137254902,0.780392156862745",Color/Palettes/Process/PANTONE/PANTONE+/PantonePlusColorBridgeCoated.xml,2026-02-11 17:29:00
PANTONE 7689 CP,734,1700,true,76.0,26.0,0.0,0.0,"0.76,0.26,0.0,0.0","0.5764,0.454862745098039,0.375960784313725",77,147,193,#4D93C1,"0.301960784313725,0.576470588235294,0.756862745098039","0.403921568627451,0.572549019607843,0.745098039215686",Color/Palettes/Process/PANTONE/PANTONE+/PantonePlusColorBridgeCoated.xml,2026-02-11 17:29:00
PANTONE 7690 CP,735,1700,true,89.0,34.0,2.0,9.0,"0.89,0.34,0.02,0.09","0.4709,0.446627450980392,0.370862745098039",29,121,167,#1D79A7,"0.113725490196078,0.474509803921569,0.654901960784314","0.286274509803922,0.470588235294118,0.643137254901961",Color/Palettes/Process/PANTONE/PANTONE+/PantonePlusColorBridgeCoated.xml,2026-02-11 17:29:00
PANTONE 7691 CP,736,1700,true,100.0,44.0,0.0,15.0,"1.0,0.44,0.0,0.15","0.3962,0.454627450980392,0.355882352941176",0,102,154,#00669A,"0.0,0.4,0.603921568627451","0.207843137254902,0.4,0.588235294117647",Color/Palettes/Process/PANTONE/PANTONE+/PantonePlusColorBridgeCoated.xml,2026-02-11 17:29:00
PANTONE 7692 CP,737,1700,true,98.0,51.0,1.0,25.0,"0.98,0.51,0.01,0.25","0.3565,0.469450980392157,0.369686274509804",12,90,137,#0C5A89,"0.0470588235294118,0.352941176470588,0.537254901960784","0.207843137254902,0.356862745098039,0.529411764705882",Color/Palettes/Process/PANTONE/PANTONE+/PantonePlusColorBridgeCoated.xml,2026-02-11 17:29:00
PANTONE 7693 CP,738,1700,true,100.0,55.0,0.0,37.0,"1.0,0.55,0.0,0.37","0.3217,0.479843137254902,0.381960784313725",26,81,123,#1A517B,"0.101960784313725,0.317647058823529,0.482352941176471","0.203921568627451,0.317647058823529,0.474509803921569",Color/Palettes/Process/PANTONE/PANTONE+/PantonePlusColorBridgeCoated.xml,2026-02-11 17:29:00
PANTONE 7694 CP,739,1700,true,100.0,56.0,0.0,47.0,"1.0,0.56,0.0,0.47","0.2951,0.484705882352941,0.392392156862745",30,74,113,#1E4A71,"0.117647058823529,0.290196078431373,0.443137254901961","0.2,0.294117647058824,0.435294117647059",Color/Palettes/Process/PANTONE/PANTONE+/PantonePlusColorBridgeCoated.xml,2026-02-11 17:29:00
PANTONE 2975 CP,740,1700,true,37.0,0.0,0.0,0.0,"0.37,0.0,0.0,0.0","0.8201,0.445764705882353,0.437647058823529",160,214,233,#A0D6E9,"0.627450980392157,0.83921568627451,0.913725490196078","0.690196078431373,0.835294117647059,0.909803921568627",Color/Palettes/Process/PANTONE/PANTONE+/PantonePlusColorBridgeCoated.xml,2026-02-11 17:29:00
PANTONE 2985 CP,741,1700,true,58.0,0.0,0.0,0.0,"0.58,0.0,0.0,0.0","0.753,0.421294117647059,0.395843137254902",111,199,234,#6FC7EA,"0.435294117647059,0.780392156862745,0.917647058823529","0.556862745098039,0.776470588235294,0.909803921568627",Color/Palettes/Process/PANTONE/PANTONE+/PantonePlusColorBridgeCoated.xml,2026-02-11 17:29:00
PANTONE 2995 CP,742,1700,true,79.0,3.0,0.0,0.0,"0.79,0.03,0.0,0.0","0.6614,0.398901960784314,0.35556862745098",0,177,226,#00B1E2,"0.0,0.694117647058824,0.886274509803922","0.388235294117647,0.690196078431373,0.874509803921569",Color/Palettes/Process/PANTONE/PANTONE+/PantonePlusColorBridgeCoated.xml,2026-02-11 17:29:00
PANTONE 3005 CP,743,1700,true,100.0,35.0,0.0,2.0,"1.0,0.35,0.0,0.02","0.4709,0.41956862745098,0.313882352941176",0,125,192,#007DC0,"0.0,0.490196078431373,0.752941176470588","0.133333333333333,0.486274509803922,0.737254901960784",Color/Palettes/Process/PANTONE/PANTONE+/PantonePlusColorBridgeCoated.xml,2026-02-11 17:29:00
PANTONE 3015 CP,744,1700,true,100.0,32.0,0.0,25.0,"1.0,0.32,0.0,0.25","0.3919,0.425176470588235,0.343019607843137",0,104,158,#00689E,"0.0,0.407843137254902,0.619607843137255","0.113725490196078,0.407843137254902,0.603921568627451",Color/Palettes/Process/PANTONE/PANTONE+/PantonePlusColorBridgeCoated.xml,2026-02-11 17:29:00
PANTONE 3025 CP,745,1700,true,100.0,19.0,0.0,56.0,"1.0,0.19,0.0,0.56","0.3245,0.411019607843137,0.395137254901961",0,88,118,#005876,"0.0,0.345098039215686,0.462745098039216","0.105882352941176,0.349019607843137,0.454901960784314",Color/Palettes/Process/PANTONE/PANTONE+/PantonePlusColorBridgeCoated.xml,2026-02-11 17:29:00
PANTONE 3035 CP,746,1700,true,100.0,19.0,10.0,72.0,"1.0,0.19,0.1,0.72","0.2534,0.422823529411765,0.426470588235294",0,70,88,#004658,"0.0,0.274509803921569,0.345098039215686","0.105882352941176,0.27843137254902,0.345098039215686",Color/Palettes/Process/PANTONE/PANTONE+/PantonePlusColorBridgeCoated.xml,2026-02-11 17:29:00
PANTONE 7695 CP,747,1700,true,52.0,17.0,10.0,2.0,"0.52,0.17,0.1,0.02","0.6664,0.464823529411765,0.456745098039216",134,169,182,#86A9B6,"0.525490196078431,0.662745098039216,0.713725490196078","0.56078431372549,0.654901960784314,0.705882352941177",Color/Palettes/Process/PANTONE/PANTONE+/PantonePlusColorBridgeCoated.xml,2026-02-11 17:29:00
PANTONE 7696 CP,748,1700,true,61.0,20.0,14.0,5.0,"0.61,0.2,0.14,0.05","0.6091,0.451098039215686,0.448549019607843",109,155,170,#6D9BAA,"0.427450980392157,0.607843137254902,0.666666666666667","0.482352941176471,0.603921568627451,0.658823529411765",Color/Palettes/Process/PANTONE/PANTONE+/PantonePlusColorBridgeCoated.xml,2026-02-11 17:29:00
PANTONE 7697 CP,749,1700,true,69.0,27.0,15.0,9.0,"0.69,0.27,0.15,0.09","0.5491,0.451137254901961,0.441647058823529",91,140,157,#5B8C9D,"0.356862745098039,0.549019607843137,0.615686274509804","0.423529411764706,0.545098039215686,0.607843137254902",Color/Palettes/Process/PANTONE/PANTONE+/PantonePlusColorBridgeCoated.xml,2026-02-11 17:29:00
PANTONE 7698 CP,750,1700,true,74.0,35.0,18.0,18.0,"0.74,0.35,0.18,0.18","0.4762,0.456588235294118,0.443254901960784",76,120,137,#4C7889,"0.298039215686275,0.470588235294118,0.537254901960784","0.36078431372549,0.470588235294118,0.529411764705882",Color/Palettes/Process/PANTONE/PANTONE+/PantonePlusColorBridgeCoated.xml,2026-02-11 17:29:00
PANTONE 7699 CP,751,1700,true,79.0,39.0,19.0,26.0,"0.79,0.39,0.19,0.26","0.4286,0.458392156862745,0.443450980392157",66,108,125,#426C7D,"0.258823529411765,0.423529411764706,0.490196078431373","0.32156862745098,0.423529411764706,0.482352941176471",Color/Palettes/Process/PANTONE/PANTONE+/PantonePlusColorBridgeCoated.xml,2026-02-11 17:29:00
PANTONE 7700 CP,752,1700,true,88.0,42.0,11.0,30.0,"0.88,0.42,0.11,0.3","0.391,0.451450980392157,0.414823529411765",39,100,127,#27647F,"0.152941176470588,0.392156862745098,0.498039215686275","0.258823529411765,0.392156862745098,0.490196078431373",Color/Palettes/Process/PANTONE/PANTONE+/PantonePlusColorBridgeCoated.xml,2026-02-11 17:29:00
PANTONE 7701 CP,753,1700,true,96.0,30.0,8.0,43.0,"0.96,0.3,0.08,0.43","0.3626,0.42643137254902,0.410196078431373",0,96,122,#00607A,"0.0,0.376470588235294,0.47843137254902","0.196078431372549,0.376470588235294,0.470588235294118",Color/Palettes/Process/PANTONE/PANTONE+/PantonePlusColorBridgeCoated.xml,2026-02-11 17:29:00
PANTONE 7457 CP,754,1700,true,25.0,0.0,0.0,0.0,"0.25,0.0,0.0,0.0","0.8704,0.463764705882353,0.470352941176471",192,225,232,#C0E1E8,"0.752941176470588,0.882352941176471,0.909803921568627","0.788235294117647,0.87843137254902,0.905882352941176",Color/Palettes/Process/PANTONE/PANTONE+/PantonePlusColorBridgeCoated.xml,2026-02-11 17:29:00
PANTONE 7458 CP,755,1700,true,55.0,9.0,7.0,0.0,"0.55,0.09,0.07,0.0","0.6937,0.443686274509804,0.447294117647059",127,179,193,#7FB3C1,"0.498039215686275,0.701960784313725,0.756862745098039","0.56078431372549,0.698039215686274,0.749019607843137",Color/Palettes/Process/PANTONE/PANTONE+/PantonePlusColorBridgeCoated.xml,2026-02-11 17:29:00
PANTONE 7459 CP,756,1700,true,70.0,17.0,10.0,4.0,"0.7,0.17,0.1,0.04","0.6041,0.433450980392157,0.434509803921569",92,157,174,#5C9DAE,"0.36078431372549,0.615686274509804,0.682352941176471","0.447058823529412,0.607843137254902,0.674509803921569",Color/Palettes/Process/PANTONE/PANTONE+/PantonePlusColorBridgeCoated.xml,2026-02-11 17:29:00
PANTONE 7460 CP,757,1700,true,100.0,3.0,0.0,13.0,"1.0,0.03,0.0,0.13","0.5165,0.353882352941176,0.34956862745098",0,143,188,#008FBC,"0.0,0.56078431372549,0.737254901960784","0.0627450980392157,0.556862745098039,0.725490196078431",Color/Palettes/Process/PANTONE/PANTONE+/PantonePlusColorBridgeCoated.xml,2026-02-11 17:29:00
PANTONE 7461 CP,758,1700,true,93.0,32.0,0.0,0.0,"0.93,0.32,0.0,0.0","0.4985,0.432666666666667,0.342745098039216",0,130,187,#0082BB,"0.0,0.509803921568627,0.733333333333333","0.258823529411765,0.505882352941176,0.717647058823529",Color/Palettes/Process/PANTONE/PANTONE+/PantonePlusColorBridgeCoated.xml,2026-02-11 17:29:00
PANTONE 7462 CP,759,1700,true,100.0,56.0,0.0,16.0,"1.0,0.56,0.0,0.16","0.3571,0.466745098039216,0.347019607843137",0,91,147,#005B93,"0.0,0.356862745098039,0.576470588235294","0.176470588235294,0.356862745098039,0.564705882352941",Color/Palettes/Process/PANTONE/PANTONE+/PantonePlusColorBridgeCoated.xml,2026-02-11 17:29:00
PANTONE 7463 CP,760,1700,true,100.0,53.0,0.0,72.0,"1.0,0.53,0.0,0.72","0.2102,0.483098039215686,0.399294117647059",4,54,89,#043659,"0.0156862745098039,0.211764705882353,0.349019607843137","0.129411764705882,0.223529411764706,0.345098039215686",Color/Palettes/Process/PANTONE/PANTONE+/PantonePlusColorBridgeCoated.xml,2026-02-11 17:29:00
PANTONE 304 CP,761,1700,true,35.0,0.0,2.0,0.0,"0.35,0.0,0.02,0.0","0.8227,0.444352941176471,0.451843137254902",164,214,227,#A4D6E3,"0.643137254901961,0.83921568627451,0.890196078431372","0.701960784313725,0.835294117647059,0.886274509803922",Color/Palettes/Process/PANTONE/PANTONE+/PantonePlusColorBridgeCoated.xml,2026-02-11 17:29:00
PANTONE 305 CP,762,1700,true,55.0,0.0,1.0,0.0,"0.55,0.0,0.01,0.0","0.7561,0.417372549019608,0.415058823529412",116,200,225,#74C8E1,"0.454901960784314,0.784313725490196,0.882352941176471","0.568627450980392,0.780392156862745,0.874509803921569",Color/Palettes/Process/PANTONE/PANTONE+/PantonePlusColorBridgeCoated.xml,2026-02-11 17:29:00
PANTONE 306 CP,763,1700,true,76.0,0.0,0.0,0.0,"0.76,0.0,0.0,0.0","0.676,0.38556862745098,0.37443137254902",3,183,221,#03B7DD,"0.0117647058823529,0.717647058823529,0.866666666666667","0.403921568627451,0.709803921568627,0.858823529411765",Color/Palettes/Process/PANTONE/PANTONE+/PantonePlusColorBridgeCoated.xml,2026-02-11 17:29:00
PANTONE Process Blue CP,764,1700,true,100.0,15.0,0.0,6.0,"1.0,0.15,0.0,0.06","0.5126,0.384196078431373,0.326078431372549",0,140,198,#008CC6,"0.0,0.549019607843137,0.776470588235294","0.113725490196078,0.545098039215686,0.76078431372549",Color/Palettes/Process/PANTONE/PANTONE+/PantonePlusColorBridgeCoated.xml,2026-02-11 17:29:00
PANTONE 307 CP,765,1700,true,100.0,20.0,0.0,25.0,"1.0,0.2,0.0,0.25","0.4203,0.403019607843137,0.352549019607843",0,114,161,#0072A1,"0.0,0.447058823529412,0.631372549019608","0.109803921568627,0.443137254901961,0.619607843137255",Color/Palettes/Process/PANTONE/PANTONE+/PantonePlusColorBridgeCoated.xml,2026-02-11 17:29:00
PANTONE 308 CP,766,1700,true,100.0,10.0,0.0,52.0,"1.0,0.1,0.0,0.52","0.352,0.400235294117647,0.393607843137255",0,96,126,#00607E,"0.0,0.376470588235294,0.494117647058824","0.109803921568627,0.376470588235294,0.486274509803922",Color/Palettes/Process/PANTONE/PANTONE+/PantonePlusColorBridgeCoated.xml,2026-02-11 17:29:00
PANTONE 309 CP,767,1700,true,100.0,8.0,20.0,76.0,"1.0,0.08,0.2,0.76","0.2404,0.421647058823529,0.442666666666667",0,67,79,#00434F,"0.0,0.262745098039216,0.309803921568627","0.113725490196078,0.270588235294118,0.309803921568627",Color/Palettes/Process/PANTONE/PANTONE+/PantonePlusColorBridgeCoated.xml,2026-02-11 17:29:00
PANTONE 635 CP,768,1700,true,32.0,0.0,1.0,0.0,"0.32,0.0,0.01,0.0","0.834,0.449647058823529,0.454980392156863",171,217,229,#ABD9E5,"0.670588235294118,0.850980392156863,0.898039215686275","0.72156862745098,0.847058823529412,0.894117647058824",Color/Palettes/Process/PANTONE/PANTONE+/PantonePlusColorBridgeCoated.xml,2026-02-11 17:29:00
PANTONE 636 CP,769,1700,true,42.0,0.0,0.0,0.0,"0.42,0.0,0.0,0.0","0.7981,0.435411764705882,0.436196078431373",147,209,227,#93D1E3,"0.576470588235294,0.819607843137255,0.890196078431372","0.650980392156863,0.815686274509804,0.886274509803922",Color/Palettes/Process/PANTONE/PANTONE+/PantonePlusColorBridgeCoated.xml,2026-02-11 17:29:00
PANTONE 637 CP,770,1700,true,60.0,0.0,2.0,0.0,"0.6,0.0,0.02,0.0","0.7349,0.407058823529412,0.412",100,196,221,#64C4DD,"0.392156862745098,0.768627450980392,0.866666666666667","0.529411764705882,0.76078431372549,0.858823529411765",Color/Palettes/Process/PANTONE/PANTONE+/PantonePlusColorBridgeCoated.xml,2026-02-11 17:29:00
PANTONE 638 CP,771,1700,true,77.0,0.0,3.0,0.0,"0.77,0.0,0.03,0.0","0.6647,0.376627450980392,0.381607843137255",0,181,215,#00B5D7,"0.0,0.709803921568627,0.843137254901961","0.384313725490196,0.701960784313725,0.831372549019608",Color/Palettes/Process/PANTONE/PANTONE+/PantonePlusColorBridgeCoated.xml,2026-02-11 17:29:00
PANTONE 639 CP,772,1700,true,97.0,4.0,3.0,2.0,"0.97,0.04,0.03,0.02","0.5666,0.347764705882353,0.346274509803922",0,158,203,#009ECB,"0.0,0.619607843137255,0.796078431372549","0.137254901960784,0.611764705882353,0.784313725490196",Color/Palettes/Process/PANTONE/PANTONE+/PantonePlusColorBridgeCoated.xml,2026-02-11 17:29:00
PANTONE 640 CP,773,1700,true,100.0,8.0,0.0,12.0,"1.0,0.08,0.0,0.12","0.4949,0.365529411764706,0.343647058823529",0,137,185,#0089B9,"0.0,0.537254901960784,0.725490196078431","0.0274509803921569,0.533333333333333,0.709803921568627",Color/Palettes/Process/PANTONE/PANTONE+/PantonePlusColorBridgeCoated.xml,2026-02-11 17:29:00
PANTONE 641 CP,774,1700,true,100.0,22.0,0.0,29.0,"1.0,0.22,0.0,0.29","0.4015,0.408,0.351529411764706",0,108,156,#006C9C,"0.0,0.423529411764706,0.611764705882353","0.0941176470588235,0.423529411764706,0.6",Color/Palettes/Process/PANTONE/PANTONE+/PantonePlusColorBridgeCoated.xml,2026-02-11 17:29:00
PANTONE 7702 CP,775,1700,true,66.0,8.0,7.0,1.0,"0.66,0.08,0.07,0.01","0.6542,0.415333333333333,0.427176470588235",89,172,191,#59ACBF,"0.349019607843137,0.674509803921569,0.749019607843137","0.470588235294118,0.670588235294118,0.741176470588235",Color/Palettes/Process/PANTONE/PANTONE+/PantonePlusColorBridgeCoated.xml,2026-02-11 17:29:00
PANTONE 7703 CP,776,1700,true,78.0,10.0,9.0,3.0,"0.78,0.1,0.09,0.03","0.5924,0.397450980392157,0.409843137254902",39,158,182,#279EB6,"0.152941176470588,0.619607843137255,0.713725490196078","0.368627450980392,0.615686274509804,0.705882352941177",Color/Palettes/Process/PANTONE/PANTONE+/PantonePlusColorBridgeCoated.xml,2026-02-11 17:29:00
PANTONE 7704 CP,777,1700,true,92.0,14.0,8.0,11.0,"0.92,0.14,0.08,0.11","0.4902,0.384588235294118,0.389725490196078",0,133,163,#0085A3,"0.0,0.52156862745098,0.63921568627451","0.223529411764706,0.517647058823529,0.631372549019608",Color/Palettes/Process/PANTONE/PANTONE+/PantonePlusColorBridgeCoated.xml,2026-02-11 17:29:00
PANTONE 7705 CP,778,1700,true,97.0,19.0,7.0,25.0,"0.97,0.19,0.07,0.25","0.4122,0.39878431372549,0.392196078431373",0,111,142,#006F8E,"0.0,0.435294117647059,0.556862745098039","0.172549019607843,0.435294117647059,0.545098039215686",Color/Palettes/Process/PANTONE/PANTONE+/PantonePlusColorBridgeCoated.xml,2026-02-11 17:29:00
PANTONE 7706 CP,779,1700,true,96.0,22.0,8.0,29.0,"0.96,0.22,0.08,0.29","0.3924,0.412588235294118,0.403411764705882",0,105,132,#006984,"0.0,0.411764705882353,0.517647058823529","0.192156862745098,0.411764705882353,0.509803921568627",Color/Palettes/Process/PANTONE/PANTONE+/PantonePlusColorBridgeCoated.xml,2026-02-11 17:29:00
PANTONE 7707 CP,780,1700,true,95.0,23.0,11.0,38.0,"0.95,0.23,0.11,0.38","0.3716,0.418705882352941,0.416862745098039",0,99,121,#006379,"0.0,0.388235294117647,0.474509803921569","0.196078431372549,0.388235294117647,0.470588235294118",Color/Palettes/Process/PANTONE/PANTONE+/PantonePlusColorBridgeCoated.xml,2026-02-11 17:29:00
PANTONE 7708 CP,781,1700,true,98.0,21.0,11.0,49.0,"0.98,0.21,0.11,0.49","0.3376,0.416470588235294,0.422901960784314",0,91,110,#005B6E,"0.0,0.356862745098039,0.431372549019608","0.168627450980392,0.356862745098039,0.427450980392157",Color/Palettes/Process/PANTONE/PANTONE+/PantonePlusColorBridgeCoated.xml,2026-02-11 17:29:00
PANTONE 628 CP,782,1700,true,25.0,0.0,4.0,0.0,"0.25,0.0,0.04,0.0","0.8577,0.456588235294118,0.482392156862745",187,222,223,#BBDEDF,"0.733333333333333,0.870588235294118,0.874509803921569","0.772549019607843,0.866666666666667,0.870588235294118",Color/Palettes/Process/PANTONE/PANTONE+/PantonePlusColorBridgeCoated.xml,2026-02-11 17:29:00
PANTONE 629 CP,783,1700,true,36.0,0.0,5.0,0.0,"0.36,0.0,0.05,0.0","0.8157,0.43956862745098,0.466",162,213,218,#A2D5DA,"0.635294117647059,0.835294117647059,0.854901960784314","0.694117647058824,0.831372549019608,0.850980392156863",Color/Palettes/Process/PANTONE/PANTONE+/PantonePlusColorBridgeCoated.xml,2026-02-11 17:29:00
PANTONE 630 CP,784,1700,true,50.0,0.0,8.0,0.0,"0.5,0.0,0.08,0.0","0.769,0.418,0.454392156862745",133,203,210,#85CBD2,"0.52156862745098,0.796078431372549,0.823529411764706","0.611764705882353,0.792156862745098,0.819607843137255",Color/Palettes/Process/PANTONE/PANTONE+/PantonePlusColorBridgeCoated.xml,2026-02-11 17:29:00
PANTONE 631 CP,785,1700,true,67.0,2.0,11.0,0.0,"0.67,0.02,0.11,0.0","0.698,0.398235294117647,0.435921568627451",91,186,199,#5BBAC7,"0.356862745098039,0.729411764705882,0.780392156862745","0.498039215686275,0.725490196078431,0.772549019607843",Color/Palettes/Process/PANTONE/PANTONE+/PantonePlusColorBridgeCoated.xml,2026-02-11 17:29:00
PANTONE 632 CP,786,1700,true,87.0,8.0,14.0,7.0,"0.87,0.08,0.14,0.07","0.5649,0.374509803921569,0.411803921568627",0,153,173,#0099AD,"0.0,0.6,0.67843137254902","0.309803921568627,0.596078431372549,0.670588235294118",Color/Palettes/Process/PANTONE/PANTONE+/PantonePlusColorBridgeCoated.xml,2026-02-11 17:29:00
PANTONE 633 CP,787,1700,true,100.0,5.0,9.0,30.0,"1.0,0.05,0.09,0.3","0.4355,0.368274509803922,0.391058823529412",0,120,148,#007894,"0.0,0.470588235294118,0.580392156862745","0.125490196078431,0.466666666666667,0.572549019607843",Color/Palettes/Process/PANTONE/PANTONE+/PantonePlusColorBridgeCoated.xml,2026-02-11 17:29:00
PANTONE 634 CP,788,1700,true,100.0,6.0,1.0,48.0,"1.0,0.06,0.01,0.48","0.3719,0.393686274509804,0.395529411764706",0,102,130,#006682,"0.0,0.4,0.509803921568627","0.12156862745098,0.396078431372549,0.501960784313725",Color/Palettes/Process/PANTONE/PANTONE+/PantonePlusColorBridgeCoated.xml,2026-02-11 17:29:00
PANTONE 310 CP,789,1700,true,50.0,0.0,4.0,0.0,"0.5,0.0,0.04,0.0","0.7774,0.425333333333333,0.443058823529412",137,205,218,#89CDDA,"0.537254901960784,0.803921568627451,0.854901960784314","0.623529411764706,0.796078431372549,0.850980392156863",Color/Palettes/Process/PANTONE/PANTONE+/PantonePlusColorBridgeCoated.xml,2026-02-11 17:29:00
PANTONE 311 CP,790,1700,true,65.0,0.0,6.0,0.0,"0.65,0.0,0.06,0.0","0.7143,0.39721568627451,0.428901960784314",92,191,207,#5CBFCF,"0.36078431372549,0.749019607843137,0.811764705882353","0.509803921568627,0.745098039215686,0.803921568627451",Color/Palettes/Process/PANTONE/PANTONE+/PantonePlusColorBridgeCoated.xml,2026-02-11 17:29:00
PANTONE 312 CP,791,1700,true,92.0,0.0,12.0,0.0,"0.92,0.0,0.12,0.0","0.5997,0.335647058823529,0.38956862745098",0,167,192,#00A7C0,"0.0,0.654901960784314,0.752941176470588","0.243137254901961,0.650980392156863,0.745098039215686",Color/Palettes/Process/PANTONE/PANTONE+/PantonePlusColorBridgeCoated.xml,2026-02-11 17:29:00
PANTONE 313 CP,792,1700,true,100.0,0.0,11.0,6.0,"1.0,0.0,0.11,0.06","0.537,0.318862745098039,0.374352941176471",0,152,182,#0098B6,"0.0,0.596078431372549,0.713725490196078","0.0,0.588235294117647,0.701960784313725",Color/Palettes/Process/PANTONE/PANTONE+/PantonePlusColorBridgeCoated.xml,2026-02-11 17:29:00
PANTONE 314 CP,793,1700,true,100.0,0.0,13.0,22.0,"1.0,0.0,0.13,0.22","0.4749,0.333058823529412,0.392666666666667",0,134,157,#00869D,"0.0,0.525490196078431,0.615686274509804","0.0352941176470588,0.52156862745098,0.607843137254902",Color/Palettes/Process/PANTONE/PANTONE+/PantonePlusColorBridgeCoated.xml,2026-02-11 17:29:00
PANTONE 315 CP,794,1700,true,100.0,0.0,17.0,44.0,"1.0,0.0,0.17,0.44","0.3925,0.356352941176471,0.422941176470588",0,110,123,#006E7B,"0.0,0.431372549019608,0.482352941176471","0.101960784313725,0.427450980392157,0.47843137254902",Color/Palettes/Process/PANTONE/PANTONE+/PantonePlusColorBridgeCoated.xml,2026-02-11 17:29:00
PANTONE 316 CP,795,1700,true,100.0,10.0,29.0,68.0,"1.0,0.1,0.29,0.68","0.2712,0.411725490196078,0.464274509803922",0,75,77,#004B4D,"0.0,0.294117647058824,0.301960784313725","0.145098039215686,0.298039215686275,0.305882352941176",Color/Palettes/Process/PANTONE/PANTONE+/PantonePlusColorBridgeCoated.xml,2026-02-11 17:29:00
PANTONE 3105 CP,796,1700,true,49.0,0.0,7.0,0.0,"0.49,0.0,0.07,0.0","0.773,0.421921568627451,0.452470588235294",136,204,212,#88CCD4,"0.533333333333333,0.8,0.831372549019608","0.619607843137255,0.792156862745098,0.827450980392157",Color/Palettes/Process/PANTONE/PANTONE+/PantonePlusColorBridgeCoated.xml,2026-02-11 17:29:00
PANTONE 3115 CP,797,1700,true,70.0,0.0,13.0,0.0,"0.7,0.0,0.13,0.0","0.6945,0.384666666666667,0.434745098039216",77,187,198,#4DBBC6,"0.301960784313725,0.733333333333333,0.776470588235294","0.474509803921569,0.729411764705882,0.772549019607843",Color/Palettes/Process/PANTONE/PANTONE+/PantonePlusColorBridgeCoated.xml,2026-02-11 17:29:00
PANTONE 3125 CP,798,1700,true,89.0,0.0,19.0,0.0,"0.89,0.0,0.19,0.0","0.6137,0.338941176470588,0.407960784313726",0,170,188,#00AABC,"0.0,0.666666666666667,0.737254901960784","0.294117647058824,0.662745098039216,0.729411764705882",Color/Palettes/Process/PANTONE/PANTONE+/PantonePlusColorBridgeCoated.xml,2026-02-11 17:29:00
PANTONE 3135 CP,799,1700,true,100.0,0.0,22.0,10.0,"1.0,0.0,0.22,0.1","0.5275,0.314705882352941,0.397647058823529",0,149,169,#0095A9,"0.0,0.584313725490196,0.662745098039216","0.0941176470588235,0.580392156862745,0.654901960784314",Color/Palettes/Process/PANTONE/PANTONE+/PantonePlusColorBridgeCoated.xml,2026-02-11 17:29:00
PANTONE 3145 CP,800,1700,true,100.0,0.0,24.0,30.0,"1.0,0.0,0.24,0.3","0.4452,0.333882352941176,0.419176470588235",0,125,138,#007D8A,"0.0,0.490196078431373,0.541176470588235","0.0941176470588235,0.486274509803922,0.533333333333333",Color/Palettes/Process/PANTONE/PANTONE+/PantonePlusColorBridgeCoated.xml,2026-02-11 17:29:00
PANTONE 3155 CP,801,1700,true,100.0,0.0,25.0,47.0,"1.0,0.0,0.25,0.47","0.3807,0.355921568627451,0.432392156862745",0,107,116,#006B74,"0.0,0.419607843137255,0.454901960784314","0.105882352941176,0.415686274509804,0.450980392156863",Color/Palettes/Process/PANTONE/PANTONE+/PantonePlusColorBridgeCoated.xml,2026-02-11 17:29:00
PANTONE 3165 CP,802,1700,true,100.0,0.0,29.0,64.0,"1.0,0.0,0.29,0.64","0.3091,0.386823529411765,0.443764705882353",0,86,94,#00565E,"0.0,0.337254901960784,0.368627450980392","0.117647058823529,0.341176470588235,0.368627450980392",Color/Palettes/Process/PANTONE/PANTONE+/PantonePlusColorBridgeCoated.xml,2026-02-11 17:29:00
PANTONE 7709 CP,803,1700,true,60.0,6.0,17.0,1.0,"0.6,0.06,0.17,0.01","0.6845,0.417294117647059,0.45521568627451",109,180,187,#6DB4BB,"0.427450980392157,0.705882352941177,0.733333333333333","0.52156862745098,0.698039215686274,0.725490196078431",Color/Palettes/Process/PANTONE/PANTONE+/PantonePlusColorBridgeCoated.xml,2026-02-11 17:29:00
PANTONE 7710 CP,804,1700,true,77.0,2.0,21.0,1.0,"0.77,0.02,0.21,0.01","0.6407,0.369490196078431,0.435529411764706",35,174,183,#23AEB7,"0.137254901960784,0.682352941176471,0.717647058823529","0.4,0.67843137254902,0.709803921568627",Color/Palettes/Process/PANTONE/PANTONE+/PantonePlusColorBridgeCoated.xml,2026-02-11 17:29:00
PANTONE 7711 CP,805,1700,true,93.0,2.0,25.0,4.0,"0.93,0.02,0.25,0.04","0.5638,0.335058823529412,0.412235294117647",0,157,172,#009DAC,"0.0,0.615686274509804,0.674509803921569","0.235294117647059,0.611764705882353,0.666666666666667",Color/Palettes/Process/PANTONE/PANTONE+/PantonePlusColorBridgeCoated.xml,2026-02-11 17:29:00
PANTONE 7712 CP,806,1700,true,99.0,2.0,21.0,17.0,"0.99,0.02,0.21,0.17","0.4863,0.347843137254902,0.401529411764706",0,135,157,#00879D,"0.0,0.529411764705882,0.615686274509804","0.156862745098039,0.525490196078431,0.603921568627451",Color/Palettes/Process/PANTONE/PANTONE+/PantonePlusColorBridgeCoated.xml,2026-02-11 17:29:00
PANTONE 7713 CP,807,1700,true,100.0,0.0,29.0,24.0,"1.0,0.0,0.29,0.24","0.456,0.337372549019608,0.415960784313725",0,128,142,#00808E,"0.0,0.501960784313725,0.556862745098039","0.117647058823529,0.498039215686275,0.552941176470588",Color/Palettes/Process/PANTONE/PANTONE+/PantonePlusColorBridgeCoated.xml,2026-02-11 17:29:00
PANTONE 7714 CP,808,1700,true,100.0,0.0,32.0,30.0,"1.0,0.0,0.32,0.3","0.4321,0.353725490196078,0.428705882352941",0,120,131,#007883,"0.0,0.470588235294118,0.513725490196078","0.156862745098039,0.466666666666667,0.505882352941176",Color/Palettes/Process/PANTONE/PANTONE+/PantonePlusColorBridgeCoated.xml,2026-02-11 17:29:00
PANTONE 7715 CP,809,1700,true,98.0,6.0,33.0,47.0,"0.98,0.06,0.33,0.47","0.369,0.386117647058824,0.443843137254902",0,101,109,#00656D,"0.0,0.396078431372549,0.427450980392157","0.172549019607843,0.396078431372549,0.423529411764706",Color/Palettes/Process/PANTONE/PANTONE+/PantonePlusColorBridgeCoated.xml,2026-02-11 17:29:00
PANTONE 317 CP,810,1700,true,26.0,0.0,6.0,0.0,"0.26,0.0,0.06,0.0","0.8565,0.457333333333333,0.493333333333333",189,221,217,#BDDDD9,"0.741176470588235,0.866666666666667,0.850980392156863","0.776470588235294,0.866666666666667,0.847058823529412",Color/Palettes/Process/PANTONE/PANTONE+/PantonePlusColorBridgeCoated.xml,2026-02-11 17:29:00
PANTONE 318 CP,811,1700,true,39.0,0.0,9.0,0.0,"0.39,0.0,0.09,0.0","0.8077,0.438196078431373,0.486235294117647",164,211,206,#A4D3CE,"0.643137254901961,0.827450980392157,0.807843137254902","0.694117647058824,0.823529411764706,0.803921568627451",Color/Palettes/Process/PANTONE/PANTONE+/PantonePlusColorBridgeCoated.xml,2026-02-11 17:29:00
PANTONE 319 CP,812,1700,true,60.0,0.0,16.0,0.0,"0.6,0.0,0.16,0.0","0.7224,0.401058823529412,0.463921568627451",111,192,193,#6FC0C1,"0.435294117647059,0.752941176470588,0.756862745098039","0.545098039215686,0.749019607843137,0.749019607843137",Color/Palettes/Process/PANTONE/PANTONE+/PantonePlusColorBridgeCoated.xml,2026-02-11 17:29:00
PANTONE 320 CP,813,1700,true,100.0,0.0,36.0,1.0,"1.0,0.0,0.36,0.01","0.5286,0.276196078431373,0.433372549019608",0,152,153,#009899,"0.0,0.596078431372549,0.6","0.0,0.592156862745098,0.596078431372549",Color/Palettes/Process/PANTONE/PANTONE+/PantonePlusColorBridgeCoated.xml,2026-02-11 17:29:00
PANTONE 321 CP,814,1700,true,100.0,0.0,37.0,10.0,"1.0,0.0,0.37,0.1","0.4964,0.285372549019608,0.437490196078431",0,143,143,#008F8F,"0.0,0.56078431372549,0.56078431372549","0.0,0.556862745098039,0.556862745098039",Color/Palettes/Process/PANTONE/PANTONE+/PantonePlusColorBridgeCoated.xml,2026-02-11 17:29:00
PANTONE 322 CP,815,1700,true,100.0,0.0,39.0,33.0,"1.0,0.0,0.39,0.33","0.4104,0.315137254901961,0.447098039215686",0,117,117,#007575,"0.0,0.458823529411765,0.458823529411765","0.0,0.458823529411765,0.454901960784314",Color/Palettes/Process/PANTONE/PANTONE+/PantonePlusColorBridgeCoated.xml,2026-02-11 17:29:00
PANTONE 323 CP,816,1700,true,100.0,0.0,41.0,51.0,"1.0,0.0,0.41,0.51","0.335,0.345803921568627,0.452666666666667",0,96,97,#006061,"0.0,0.376470588235294,0.380392156862745","0.0470588235294118,0.376470588235294,0.380392156862745",Color/Palettes/Process/PANTONE/PANTONE+/PantonePlusColorBridgeCoated.xml,2026-02-11 17:29:00
PANTONE 7464 CP,817,1700,true,36.0,0.0,15.0,0.0,"0.36,0.0,0.15,0.0","0.7999,0.431529411764706,0.497254901960784",160,209,199,#A0D1C7,"0.627450980392157,0.819607843137255,0.780392156862745","0.686274509803922,0.815686274509804,0.776470588235294",Color/Palettes/Process/PANTONE/PANTONE+/PantonePlusColorBridgeCoated.xml,2026-02-11 17:29:00
PANTONE 7465 CP,818,1700,true,65.0,0.0,38.0,0.0,"0.65,0.0,0.38,0.0","0.691,0.375294117647059,0.507058823529412",96,186,164,#60BAA4,"0.376470588235294,0.729411764705882,0.643137254901961","0.505882352941176,0.725490196078431,0.63921568627451",Color/Palettes/Process/PANTONE/PANTONE+/PantonePlusColorBridgeCoated.xml,2026-02-11 17:29:00
PANTONE 7466 CP,819,1700,true,91.0,0.0,30.0,0.0,"0.91,0.0,0.3,0.0","0.5983,0.325450980392157,0.432627450980392",0,167,172,#00A7AC,"0.0,0.654901960784314,0.674509803921569","0.282352941176471,0.650980392156863,0.670588235294118",Color/Palettes/Process/PANTONE/PANTONE+/PantonePlusColorBridgeCoated.xml,2026-02-11 17:29:00
PANTONE 7467 CP,820,1700,true,100.0,0.0,34.0,0.0,"1.0,0.0,0.34,0.0","0.5458,0.286196078431373,0.421372549019608",0,156,163,#009CA3,"0.0,0.611764705882353,0.63921568627451","0.0745098039215686,0.607843137254902,0.631372549019608",Color/Palettes/Process/PANTONE/PANTONE+/PantonePlusColorBridgeCoated.xml,2026-02-11 17:29:00
PANTONE 7468 CP,821,1700,true,92.0,23.0,9.0,21.0,"0.92,0.23,0.09,0.21","0.4375,0.414901960784314,0.395098039215686",0,116,147,#007493,"0.0,0.454901960784314,0.576470588235294","0.231372549019608,0.450980392156863,0.568627450980392",Color/Palettes/Process/PANTONE/PANTONE+/PantonePlusColorBridgeCoated.xml,2026-02-11 17:29:00
PANTONE 7469 CP,822,1700,true,100.0,23.0,2.0,37.0,"1.0,0.23,0.02,0.37","0.3664,0.413529411764706,0.38356862745098",0,99,134,#006386,"0.0,0.388235294117647,0.525490196078431","0.137254901960784,0.388235294117647,0.513725490196078",Color/Palettes/Process/PANTONE/PANTONE+/PantonePlusColorBridgeCoated.xml,2026-02-11 17:29:00
PANTONE 7470 CP,823,1700,true,97.0,19.0,14.0,48.0,"0.97,0.19,0.14,0.48","0.3492,0.411058823529412,0.417372549019608",0,94,115,#005E73,"0.0,0.368627450980392,0.450980392156863","0.164705882352941,0.368627450980392,0.447058823529412",Color/Palettes/Process/PANTONE/PANTONE+/PantonePlusColorBridgeCoated.xml,2026-02-11 17:29:00
PANTONE 7471 CP,824,1700,true,41.0,0.0,18.0,0.0,"0.41,0.0,0.18,0.0","0.7869,0.424705882352941,0.509803921568627",155,207,189,#9BCFBD,"0.607843137254902,0.811764705882353,0.741176470588235","0.666666666666667,0.803921568627451,0.737254901960784",Color/Palettes/Process/PANTONE/PANTONE+/PantonePlusColorBridgeCoated.xml,2026-02-11 17:29:00
PANTONE 7472 CP,825,1700,true,61.0,0.0,28.0,0.0,"0.61,0.0,0.28,0.0","0.7007,0.38321568627451,0.495058823529412",101,188,172,#65BCAC,"0.396078431372549,0.737254901960784,0.674509803921569","0.517647058823529,0.733333333333333,0.670588235294118",Color/Palettes/Process/PANTONE/PANTONE+/PantonePlusColorBridgeCoated.xml,2026-02-11 17:29:00
PANTONE 7473 CP,826,1700,true,76.0,6.0,44.0,8.0,"0.76,0.06,0.44,0.08","0.5705,0.371803921568627,0.501294117647059",55,154,135,#379A87,"0.215686274509804,0.603921568627451,0.529411764705882","0.380392156862745,0.6,0.525490196078431",Color/Palettes/Process/PANTONE/PANTONE+/PantonePlusColorBridgeCoated.xml,2026-02-11 17:29:00
PANTONE 7474 CP,827,1700,true,95.0,6.0,30.0,28.0,"0.95,0.06,0.3,0.28","0.4241,0.360352941176471,0.438980392156863",0,117,125,#00757D,"0.0,0.458823529411765,0.490196078431373","0.172549019607843,0.458823529411765,0.482352941176471",Color/Palettes/Process/PANTONE/PANTONE+/PantonePlusColorBridgeCoated.xml,2026-02-11 17:29:00
PANTONE 7475 CP,828,1700,true,70.0,25.0,36.0,21.0,"0.7,0.25,0.36,0.21","0.4669,0.438745098039216,0.483803921568627",74,120,117,#4A7875,"0.290196078431373,0.470588235294118,0.458823529411765","0.352941176470588,0.466666666666667,0.454901960784314",Color/Palettes/Process/PANTONE/PANTONE+/PantonePlusColorBridgeCoated.xml,2026-02-11 17:29:00
PANTONE 7476 CP,829,1700,true,89.0,25.0,38.0,54.0,"0.89,0.25,0.38,0.54","0.3081,0.424980392156863,0.475137254901961",18,82,82,#125252,"0.0705882352941176,0.32156862745098,0.32156862745098","0.2,0.325490196078431,0.325490196078431",Color/Palettes/Process/PANTONE/PANTONE+/PantonePlusColorBridgeCoated.xml,2026-02-11 17:29:00
PANTONE 7477 CP,830,1700,true,85.0,39.0,29.0,52.0,"0.85,0.39,0.29,0.52","0.2917,0.451137254901961,0.464352941176471",33,76,83,#214C53,"0.129411764705882,0.298039215686275,0.325490196078431","0.207843137254902,0.301960784313725,0.325490196078431",Color/Palettes/Process/PANTONE/PANTONE+/PantonePlusColorBridgeCoated.xml,2026-02-11 17:29:00
PANTONE 5523 CP,831,1700,true,27.0,5.0,8.0,0.0,"0.27,0.05,0.08,0.0","0.8154,0.468392156862745,0.495843137254902",184,208,204,#B8D0CC,"0.72156862745098,0.815686274509804,0.8","0.745098039215686,0.811764705882353,0.796078431372549",Color/Palettes/Process/PANTONE/PANTONE+/PantonePlusColorBridgeCoated.xml,2026-02-11 17:29:00
PANTONE 5513 CP,832,1700,true,32.0,7.0,10.0,0.0,"0.32,0.07,0.1,0.0","0.783,0.464156862745098,0.488078431372549",171,200,199,#ABC8C7,"0.670588235294118,0.784313725490196,0.780392156862745","0.701960784313725,0.780392156862745,0.776470588235294",Color/Palettes/Process/PANTONE/PANTONE+/PantonePlusColorBridgeCoated.xml,2026-02-11 17:29:00
PANTONE 5503 CP,833,1700,true,42.0,11.0,16.0,0.0,"0.42,0.11,0.16,0.0","0.7204,0.459176470588235,0.480666666666667",150,184,185,#96B8B9,"0.588235294117647,0.72156862745098,0.725490196078431","0.623529411764706,0.713725490196078,0.72156862745098",Color/Palettes/Process/PANTONE/PANTONE+/PantonePlusColorBridgeCoated.xml,2026-02-11 17:29:00
PANTONE 5493 CP,834,1700,true,51.0,15.0,20.0,3.0,"0.51,0.15,0.2,0.03","0.6526,0.458509803921569,0.477333333333333",131,166,168,#83A6A8,"0.513725490196078,0.650980392156863,0.658823529411765","0.552941176470588,0.643137254901961,0.654901960784314",Color/Palettes/Process/PANTONE/PANTONE+/PantonePlusColorBridgeCoated.xml,2026-02-11 17:29:00
PANTONE 5483 CP,835,1700,true,68.0,23.0,28.0,14.0,"0.68,0.23,0.28,0.14","0.5152,0.444313725490196,0.464901960784314",85,132,138,#55848A,"0.333333333333333,0.517647058823529,0.541176470588235","0.396078431372549,0.513725490196078,0.533333333333333",Color/Palettes/Process/PANTONE/PANTONE+/PantonePlusColorBridgeCoated.xml,2026-02-11 17:29:00
PANTONE 5473 CP,836,1700,true,86.0,24.0,33.0,43.0,"0.86,0.24,0.33,0.43","0.3831,0.428392156862745,0.46043137254902",37,100,106,#25646A,"0.145098039215686,0.392156862745098,0.415686274509804","0.254901960784314,0.392156862745098,0.411764705882353",Color/Palettes/Process/PANTONE/PANTONE+/PantonePlusColorBridgeCoated.xml,2026-02-11 17:29:00
PANTONE 5463 CP,837,1700,true,99.0,31.0,34.0,90.0,"0.99,0.31,0.34,0.9","0.168,0.453960784313725,0.467725490196078",6,47,53,#062F35,"0.0235294117647059,0.184313725490196,0.207843137254902","0.12156862745098,0.2,0.219607843137255",Color/Palettes/Process/PANTONE/PANTONE+/PantonePlusColorBridgeCoated.xml,2026-02-11 17:29:00
PANTONE 7716 CP,838,1700,true,82.0,5.0,39.0,9.0,"0.82,0.05,0.39,0.09","0.5771,0.365882352941176,0.483882352941176",40,157,144,#289D90,"0.156862745098039,0.615686274509804,0.564705882352941","0.368627450980392,0.607843137254902,0.56078431372549",Color/Palettes/Process/PANTONE/PANTONE+/PantonePlusColorBridgeCoated.xml,2026-02-11 17:29:00
PANTONE 7717 CP,839,1700,true,93.0,4.0,46.0,18.0,"0.93,0.04,0.46,0.18","0.5049,0.34356862745098,0.478",0,140,128,#008C80,"0.0,0.549019607843137,0.501960784313725","0.262745098039216,0.541176470588235,0.498039215686275",Color/Palettes/Process/PANTONE/PANTONE+/PantonePlusColorBridgeCoated.xml,2026-02-11 17:29:00
PANTONE 7718 CP,840,1700,true,100.0,0.0,44.0,30.0,"1.0,0.0,0.44,0.3","0.451,0.334627450980392,0.463764705882353",0,126,120,#007E78,"0.0,0.494117647058824,0.470588235294118","0.184313725490196,0.490196078431373,0.470588235294118",Color/Palettes/Process/PANTONE/PANTONE+/PantonePlusColorBridgeCoated.xml,2026-02-11 17:29:00
PANTONE 7719 CP,841,1700,true,96.0,4.0,46.0,38.0,"0.96,0.04,0.46,0.38","0.4228,0.359647058823529,0.475098039215686",0,117,109,#00756D,"0.0,0.458823529411765,0.427450980392157","0.211764705882353,0.454901960784314,0.427450980392157",Color/Palettes/Process/PANTONE/PANTONE+/PantonePlusColorBridgeCoated.xml,2026-02-11 17:29:00
PANTONE 7720 CP,842,1700,true,95.0,6.0,50.0,46.0,"0.95,0.06,0.5,0.46","0.3903,0.377019607843137,0.487686274509804",0,107,96,#006B60,"0.0,0.419607843137255,0.376470588235294","0.215686274509804,0.415686274509804,0.376470588235294",Color/Palettes/Process/PANTONE/PANTONE+/PantonePlusColorBridgeCoated.xml,2026-02-11 17:29:00
PANTONE 7721 CP,843,1700,true,94.0,12.0,43.0,49.0,"0.94,0.12,0.43,0.49","0.3695,0.395333333333333,0.480274509803922",0,100,94,#00645E,"0.0,0.392156862745098,0.368627450980392","0.215686274509804,0.392156862745098,0.372549019607843",Color/Palettes/Process/PANTONE/PANTONE+/PantonePlusColorBridgeCoated.xml,2026-02-11 17:29:00
PANTONE 7722 CP,844,1700,true,94.0,16.0,43.0,59.0,"0.94,0.16,0.43,0.59","0.3082,0.415137254901961,0.487254901960784",13,83,77,#0D534D,"0.0509803921568627,0.325490196078431,0.301960784313725","0.196078431372549,0.329411764705882,0.305882352941176",Color/Palettes/Process/PANTONE/PANTONE+/PantonePlusColorBridgeCoated.xml,2026-02-11 17:29:00
PANTONE 324 CP,845,1700,true,34.0,0.0,10.0,0.0,"0.34,0.0,0.1,0.0","0.8133,0.437843137254902,0.488901960784314",166,212,207,#A6D4CF,"0.650980392156863,0.831372549019608,0.811764705882353","0.701960784313725,0.827450980392157,0.807843137254902",Color/Palettes/Process/PANTONE/PANTONE+/PantonePlusColorBridgeCoated.xml,2026-02-11 17:29:00
PANTONE 325 CP,846,1700,true,54.0,0.0,20.0,0.0,"0.54,0.0,0.2,0.0","0.737,0.401254901960784,0.482274509803922",120,196,188,#78C4BC,"0.470588235294118,0.768627450980392,0.737254901960784","0.572549019607843,0.764705882352941,0.733333333333333",Color/Palettes/Process/PANTONE/PANTONE+/PantonePlusColorBridgeCoated.xml,2026-02-11 17:29:00
PANTONE 326 CP,847,1700,true,81.0,0.0,38.0,0.0,"0.81,0.0,0.38,0.0","0.6295,0.342,0.46678431372549",0,174,165,#00AEA5,"0.0,0.682352941176471,0.647058823529412","0.372549019607843,0.674509803921569,0.643137254901961",Color/Palettes/Process/PANTONE/PANTONE+/PantonePlusColorBridgeCoated.xml,2026-02-11 17:29:00
PANTONE 327 CP,848,1700,true,100.0,0.0,59.0,13.0,"1.0,0.0,0.59,0.13","0.4991,0.28356862745098,0.479333333333333",0,143,125,#008F7D,"0.0,0.56078431372549,0.490196078431373","0.145098039215686,0.556862745098039,0.490196078431373",Color/Palettes/Process/PANTONE/PANTONE+/PantonePlusColorBridgeCoated.xml,2026-02-11 17:29:00
PANTONE 328 CP,849,1700,true,100.0,0.0,56.0,30.0,"1.0,0.0,0.56,0.3","0.4297,0.315294117647059,0.47921568627451",0,122,108,#007A6C,"0.0,0.47843137254902,0.423529411764706","0.141176470588235,0.474509803921569,0.423529411764706",Color/Palettes/Process/PANTONE/PANTONE+/PantonePlusColorBridgeCoated.xml,2026-02-11 17:29:00
PANTONE 329 CP,850,1700,true,100.0,0.0,55.0,42.0,"1.0,0.0,0.55,0.42","0.3946,0.330549019607843,0.480941176470588",0,112,99,#007063,"0.0,0.43921568627451,0.388235294117647","0.141176470588235,0.435294117647059,0.392156862745098",Color/Palettes/Process/PANTONE/PANTONE+/PantonePlusColorBridgeCoated.xml,2026-02-11 17:29:00
PANTONE 330 CP,851,1700,true,93.0,14.0,53.0,57.0,"0.93,0.14,0.53,0.57","0.3199,0.406823529411765,0.485882352941176",1,87,80,#015750,"0.00392156862745098,0.341176470588235,0.313725490196078","0.192156862745098,0.341176470588235,0.317647058823529",Color/Palettes/Process/PANTONE/PANTONE+/PantonePlusColorBridgeCoated.xml,2026-02-11 17:29:00
PANTONE 3242 CP,852,1700,true,44.0,0.0,17.0,0.0,"0.44,0.0,0.17,0.0","0.7682,0.418078431372549,0.491843137254902",142,202,192,#8ECAC0,"0.556862745098039,0.792156862745098,0.752941176470588","0.631372549019608,0.788235294117647,0.749019607843137",Color/Palettes/Process/PANTONE/PANTONE+/PantonePlusColorBridgeCoated.xml,2026-02-11 17:29:00
PANTONE 3252 CP,853,1700,true,59.0,0.0,26.0,0.0,"0.59,0.0,0.26,0.0","0.7235,0.392117647058824,0.485647058823529",111,193,183,#6FC1B7,"0.435294117647059,0.756862745098039,0.717647058823529","0.549019607843137,0.752941176470588,0.713725490196078",Color/Palettes/Process/PANTONE/PANTONE+/PantonePlusColorBridgeCoated.xml,2026-02-11 17:29:00
PANTONE 3262 CP,854,1700,true,81.0,0.0,40.0,0.0,"0.81,0.0,0.4,0.0","0.6414,0.342352941176471,0.483764705882353",25,177,161,#19B1A1,"0.0980392156862745,0.694117647058824,0.631372549019608","0.396078431372549,0.686274509803922,0.627450980392157",Color/Palettes/Process/PANTONE/PANTONE+/PantonePlusColorBridgeCoated.xml,2026-02-11 17:29:00
PANTONE 3272 CP,855,1700,true,100.0,0.0,51.0,0.0,"1.0,0.0,0.51,0.0","0.5633,0.278313725490196,0.468",0,161,147,#00A193,"0.0,0.631372549019608,0.576470588235294","0.192156862745098,0.627450980392157,0.572549019607843",Color/Palettes/Process/PANTONE/PANTONE+/PantonePlusColorBridgeCoated.xml,2026-02-11 17:29:00
PANTONE 3282 CP,856,1700,true,100.0,0.0,54.0,15.0,"1.0,0.0,0.54,0.15","0.4993,0.287686274509804,0.475764705882353",0,143,127,#008F7F,"0.0,0.56078431372549,0.498039215686275","0.149019607843137,0.556862745098039,0.498039215686275",Color/Palettes/Process/PANTONE/PANTONE+/PantonePlusColorBridgeCoated.xml,2026-02-11 17:29:00
PANTONE 3292 CP,857,1700,true,100.0,0.0,56.0,56.0,"1.0,0.0,0.56,0.56","0.3564,0.342627450980392,0.483725490196078",0,101,89,#006559,"0.0,0.396078431372549,0.349019607843137","0.129411764705882,0.396078431372549,0.352941176470588",Color/Palettes/Process/PANTONE/PANTONE+/PantonePlusColorBridgeCoated.xml,2026-02-11 17:29:00
PANTONE 3302 CP,858,1700,true,95.0,12.0,56.0,64.0,"0.95,0.12,0.56,0.64","0.3151,0.403137254901961,0.494156862745098",0,86,76,#00564C,"0.0,0.337254901960784,0.298039215686275","0.192156862745098,0.337254901960784,0.301960784313725",Color/Palettes/Process/PANTONE/PANTONE+/PantonePlusColorBridgeCoated.xml,2026-02-11 17:29:00
PANTONE 3245 CP,859,1700,true,40.0,0.0,19.0,0.0,"0.4,0.0,0.19,0.0","0.7915,0.425490196078431,0.501960784313725",155,208,194,#9BD0C2,"0.607843137254902,0.815686274509804,0.76078431372549","0.670588235294118,0.811764705882353,0.756862745098039",Color/Palettes/Process/PANTONE/PANTONE+/PantonePlusColorBridgeCoated.xml,2026-02-11 17:29:00
PANTONE 3255 CP,860,1700,true,58.0,0.0,30.0,0.0,"0.58,0.0,0.3,0.0","0.7333,0.395058823529412,0.507490196078431",122,196,175,#7AC4AF,"0.47843137254902,0.768627450980392,0.686274509803922","0.572549019607843,0.76078431372549,0.686274509803922",Color/Palettes/Process/PANTONE/PANTONE+/PantonePlusColorBridgeCoated.xml,2026-02-11 17:29:00
PANTONE 3265 CP,861,1700,true,75.0,0.0,43.0,0.0,"0.75,0.0,0.43,0.0","0.663,0.355137254901961,0.505450980392157",68,181,157,#44B59D,"0.266666666666667,0.709803921568627,0.615686274509804","0.450980392156863,0.701960784313725,0.611764705882353",Color/Palettes/Process/PANTONE/PANTONE+/PantonePlusColorBridgeCoated.xml,2026-02-11 17:29:00
PANTONE 3275 CP,862,1700,true,93.0,0.0,57.0,0.0,"0.93,0.0,0.57,0.0","0.5842,0.291372549019608,0.503098039215686",0,166,136,#00A688,"0.0,0.650980392156863,0.533333333333333","0.27843137254902,0.643137254901961,0.533333333333333",Color/Palettes/Process/PANTONE/PANTONE+/PantonePlusColorBridgeCoated.xml,2026-02-11 17:29:00
PANTONE 3285 CP,863,1700,true,100.0,0.0,57.0,1.0,"1.0,0.0,0.57,0.01","0.5643,0.28121568627451,0.489294117647059",0,161,137,#00A189,"0.0,0.631372549019608,0.537254901960784","0.227450980392157,0.627450980392157,0.537254901960784",Color/Palettes/Process/PANTONE/PANTONE+/PantonePlusColorBridgeCoated.xml,2026-02-11 17:29:00
PANTONE 3295 CP,864,1700,true,100.0,0.0,61.0,28.0,"1.0,0.0,0.61,0.28","0.4415,0.299607843137255,0.493607843137255",0,126,105,#007E69,"0.0,0.494117647058824,0.411764705882353","0.137254901960784,0.490196078431373,0.415686274509804",Color/Palettes/Process/PANTONE/PANTONE+/PantonePlusColorBridgeCoated.xml,2026-02-11 17:29:00
PANTONE 3305 CP,865,1700,true,93.0,13.0,61.0,62.0,"0.93,0.13,0.61,0.62","0.3136,0.403372549019608,0.504117647058824",7,85,71,#075547,"0.0274509803921569,0.333333333333333,0.27843137254902","0.196078431372549,0.337254901960784,0.286274509803922",Color/Palettes/Process/PANTONE/PANTONE+/PantonePlusColorBridgeCoated.xml,2026-02-11 17:29:00
PANTONE 3248 CP,866,1700,true,52.0,0.0,32.0,0.0,"0.52,0.0,0.32,0.0","0.7495,0.402666666666667,0.523607843137255",135,199,172,#87C7AC,"0.529411764705882,0.780392156862745,0.674509803921569","0.607843137254902,0.776470588235294,0.674509803921569",Color/Palettes/Process/PANTONE/PANTONE+/PantonePlusColorBridgeCoated.xml,2026-02-11 17:29:00
PANTONE 3258 CP,867,1700,true,62.0,0.0,35.0,0.0,"0.62,0.0,0.35,0.0","0.715,0.38556862745098,0.515490196078431",112,192,166,#70C0A6,"0.43921568627451,0.752941176470588,0.650980392156863","0.549019607843137,0.745098039215686,0.650980392156863",Color/Palettes/Process/PANTONE/PANTONE+/PantonePlusColorBridgeCoated.xml,2026-02-11 17:29:00
PANTONE 3268 CP,868,1700,true,86.0,0.0,55.0,0.0,"0.86,0.0,0.55,0.0","0.6114,0.31756862745098,0.517254901960784",0,170,137,#00AA89,"0.0,0.666666666666667,0.537254901960784","0.356862745098039,0.662745098039216,0.541176470588235",Color/Palettes/Process/PANTONE/PANTONE+/PantonePlusColorBridgeCoated.xml,2026-02-11 17:29:00
PANTONE 3278 CP,869,1700,true,100.0,0.0,65.0,0.0,"1.0,0.0,0.65,0.0","0.5606,0.269843137254902,0.519137254901961",0,161,123,#00A17B,"0.0,0.631372549019608,0.482352941176471","0.231372549019608,0.623529411764706,0.486274509803922",Color/Palettes/Process/PANTONE/PANTONE+/PantonePlusColorBridgeCoated.xml,2026-02-11 17:29:00
PANTONE 3288 CP,870,1700,true,100.0,0.0,67.0,17.0,"1.0,0.0,0.67,0.17","0.4807,0.285764705882353,0.514392156862745",0,138,105,#008A69,"0.0,0.541176470588235,0.411764705882353","0.176470588235294,0.533333333333333,0.415686274509804",Color/Palettes/Process/PANTONE/PANTONE+/PantonePlusColorBridgeCoated.xml,2026-02-11 17:29:00
PANTONE 3298 CP,871,1700,true,100.0,0.0,67.0,40.0,"1.0,0.0,0.67,0.4","0.4101,0.332941176470588,0.525725490196078",0,115,84,#007354,"0.0,0.450980392156863,0.329411764705882","0.2,0.447058823529412,0.337254901960784",Color/Palettes/Process/PANTONE/PANTONE+/PantonePlusColorBridgeCoated.xml,2026-02-11 17:29:00
PANTONE 3308 CP,872,1700,true,92.0,14.0,67.0,70.0,"0.92,0.14,0.67,0.7","0.2755,0.411294117647059,0.524941176470588",17,75,54,#114B36,"0.0666666666666667,0.294117647058824,0.211764705882353","0.184313725490196,0.298039215686275,0.227450980392157",Color/Palettes/Process/PANTONE/PANTONE+/PantonePlusColorBridgeCoated.xml,2026-02-11 17:29:00
PANTONE 566 CP,873,1700,true,25.0,0.0,14.0,0.0,"0.25,0.0,0.14,0.0","0.8423,0.446980392156863,0.513254901960784",184,219,203,#B8DBCB,"0.72156862745098,0.858823529411765,0.796078431372549","0.756862745098039,0.854901960784314,0.796078431372549",Color/Palettes/Process/PANTONE/PANTONE+/PantonePlusColorBridgeCoated.xml,2026-02-11 17:29:00
PANTONE 565 CP,874,1700,true,35.0,0.0,19.0,0.0,"0.35,0.0,0.19,0.0","0.7987,0.427647058823529,0.514117647058823",161,209,190,#A1D1BE,"0.631372549019608,0.819607843137255,0.745098039215686","0.686274509803922,0.815686274509804,0.745098039215686",Color/Palettes/Process/PANTONE/PANTONE+/PantonePlusColorBridgeCoated.xml,2026-02-11 17:29:00
PANTONE 564 CP,875,1700,true,47.0,0.0,25.0,0.0,"0.47,0.0,0.25,0.0","0.7562,0.408078431372549,0.506549019607843",136,200,182,#88C8B6,"0.533333333333333,0.784313725490196,0.713725490196078","0.611764705882353,0.780392156862745,0.709803921568627",Color/Palettes/Process/PANTONE/PANTONE+/PantonePlusColorBridgeCoated.xml,2026-02-11 17:29:00
PANTONE 563 CP,876,1700,true,58.0,0.0,31.0,0.0,"0.58,0.0,0.31,0.0","0.7144,0.385764705882353,0.50756862745098",110,191,170,#6EBFAA,"0.431372549019608,0.749019607843137,0.666666666666667","0.545098039215686,0.745098039215686,0.662745098039216",Color/Palettes/Process/PANTONE/PANTONE+/PantonePlusColorBridgeCoated.xml,2026-02-11 17:29:00
PANTONE 562 CP,877,1700,true,92.0,7.0,55.0,35.0,"0.92,0.07,0.55,0.35","0.4136,0.358901960784314,0.499960784313725",0,114,96,#007260,"0.0,0.447058823529412,0.376470588235294","0.219607843137255,0.447058823529412,0.380392156862745",Color/Palettes/Process/PANTONE/PANTONE+/PantonePlusColorBridgeCoated.xml,2026-02-11 17:29:00
PANTONE 561 CP,878,1700,true,91.0,13.0,60.0,53.0,"0.91,0.13,0.6,0.53","0.3367,0.382705882352941,0.507490196078431",0,93,75,#005D4B,"0.0,0.364705882352941,0.294117647058824","0.192156862745098,0.364705882352941,0.301960784313725",Color/Palettes/Process/PANTONE/PANTONE+/PantonePlusColorBridgeCoated.xml,2026-02-11 17:29:00
PANTONE 560 CP,879,1700,true,86.0,30.0,65.0,75.0,"0.86,0.3,0.65,0.75","0.2332,0.429607843137255,0.508117647058823",17,64,52,#114034,"0.0666666666666667,0.250980392156863,0.203921568627451","0.164705882352941,0.258823529411765,0.215686274509804",Color/Palettes/Process/PANTONE/PANTONE+/PantonePlusColorBridgeCoated.xml,2026-02-11 17:29:00
PANTONE 573 CP,880,1700,true,24.0,0.0,11.0,0.0,"0.24,0.0,0.11,0.0","0.8509,0.451294117647059,0.509411764705882",188,221,208,#BCDDD0,"0.737254901960784,0.866666666666667,0.815686274509804","0.768627450980392,0.862745098039216,0.811764705882353",Color/Palettes/Process/PANTONE/PANTONE+/PantonePlusColorBridgeCoated.xml,2026-02-11 17:29:00
PANTONE 572 CP,881,1700,true,30.0,0.0,15.0,0.0,"0.3,0.0,0.15,0.0","0.8237,0.439137254901961,0.508666666666667",173,215,200,#ADD7C8,"0.67843137254902,0.843137254901961,0.784313725490196","0.725490196078431,0.83921568627451,0.780392156862745",Color/Palettes/Process/PANTONE/PANTONE+/PantonePlusColorBridgeCoated.xml,2026-02-11 17:29:00
PANTONE 571 CP,882,1700,true,36.0,0.0,18.0,0.0,"0.36,0.0,0.18,0.0","0.8063,0.430549019607843,0.509098039215686",164,211,195,#A4D3C3,"0.643137254901961,0.827450980392157,0.764705882352941","0.694117647058824,0.823529411764706,0.76078431372549",Color/Palettes/Process/PANTONE/PANTONE+/PantonePlusColorBridgeCoated.xml,2026-02-11 17:29:00
PANTONE 570 CP,883,1700,true,54.0,0.0,30.0,0.0,"0.54,0.0,0.3,0.0","0.7426,0.398235294117647,0.512823529411765",128,198,175,#80C6AF,"0.501960784313725,0.776470588235294,0.686274509803922","0.592156862745098,0.768627450980392,0.686274509803922",Color/Palettes/Process/PANTONE/PANTONE+/PantonePlusColorBridgeCoated.xml,2026-02-11 17:29:00
PANTONE 569 CP,884,1700,true,96.0,1.0,59.0,20.0,"0.96,0.01,0.59,0.2","0.4845,0.320352941176471,0.511058823529412",0,136,108,#00886C,"0.0,0.533333333333333,0.423529411764706","0.235294117647059,0.529411764705882,0.427450980392157",Color/Palettes/Process/PANTONE/PANTONE+/PantonePlusColorBridgeCoated.xml,2026-02-11 17:29:00
PANTONE 568 CP,885,1700,true,90.0,8.0,59.0,38.0,"0.9,0.08,0.59,0.38","0.4269,0.361137254901961,0.512196078431373",0,117,94,#00755E,"0.0,0.458823529411765,0.368627450980392","0.243137254901961,0.458823529411765,0.372549019607843",Color/Palettes/Process/PANTONE/PANTONE+/PantonePlusColorBridgeCoated.xml,2026-02-11 17:29:00
PANTONE 567 CP,886,1700,true,88.0,24.0,66.0,74.0,"0.88,0.24,0.66,0.74","0.2731,0.422117647058824,0.508470588235294",21,74,60,#154A3C,"0.0823529411764706,0.290196078431373,0.235294117647059","0.184313725490196,0.294117647058824,0.247058823529412",Color/Palettes/Process/PANTONE/PANTONE+/PantonePlusColorBridgeCoated.xml,2026-02-11 17:29:00
PANTONE 559 CP,887,1700,true,31.0,4.0,22.0,0.0,"0.31,0.04,0.22,0.0","0.7927,0.452745098039216,0.524666666666667",175,204,184,#AFCCB8,"0.686274509803922,0.8,0.72156862745098","0.713725490196078,0.796078431372549,0.72156862745098",Color/Palettes/Process/PANTONE/PANTONE+/PantonePlusColorBridgeCoated.xml,2026-02-11 17:29:00
PANTONE 558 CP,888,1700,true,40.0,7.0,29.0,0.0,"0.4,0.07,0.29,0.0","0.7526,0.444313725490196,0.527882352941176",160,194,172,#A0C2AC,"0.627450980392157,0.76078431372549,0.674509803921569","0.662745098039216,0.756862745098039,0.670588235294118",Color/Palettes/Process/PANTONE/PANTONE+/PantonePlusColorBridgeCoated.xml,2026-02-11 17:29:00
PANTONE 557 CP,889,1700,true,48.0,10.0,36.0,3.0,"0.48,0.1,0.36,0.03","0.6884,0.438117647058824,0.532627450980392",140,177,152,#8CB198,"0.549019607843137,0.694117647058824,0.596078431372549","0.592156862745098,0.690196078431373,0.596078431372549",Color/Palettes/Process/PANTONE/PANTONE+/PantonePlusColorBridgeCoated.xml,2026-02-11 17:29:00
PANTONE 556 CP,890,1700,true,56.0,12.0,44.0,7.0,"0.56,0.12,0.44,0.07","0.6394,0.421607843137255,0.534705882352941",119,166,138,#77A68A,"0.466666666666667,0.650980392156863,0.541176470588235","0.52156862745098,0.647058823529412,0.541176470588235",Color/Palettes/Process/PANTONE/PANTONE+/PantonePlusColorBridgeCoated.xml,2026-02-11 17:29:00
PANTONE 555 CP,891,1700,true,77.0,12.0,68.0,35.0,"0.77,0.12,0.68,0.35","0.4545,0.387372549019608,0.542941176470588",51,122,88,#337A58,"0.2,0.47843137254902,0.345098039215686","0.313725490196078,0.474509803921569,0.352941176470588",Color/Palettes/Process/PANTONE/PANTONE+/PantonePlusColorBridgeCoated.xml,2026-02-11 17:29:00
PANTONE 554 CP,892,1700,true,80.0,16.0,72.0,51.0,"0.8,0.16,0.72,0.51","0.3827,0.401058823529412,0.536549019607843",41,102,74,#29664A,"0.16078431372549,0.4,0.290196078431373","0.262745098039216,0.4,0.298039215686275",Color/Palettes/Process/PANTONE/PANTONE+/PantonePlusColorBridgeCoated.xml,2026-02-11 17:29:00
PANTONE 553 CP,893,1700,true,77.0,28.0,74.0,67.0,"0.77,0.28,0.74,0.67","0.3051,0.431607843137255,0.530235294117647",41,80,59,#29503B,"0.16078431372549,0.313725490196078,0.231372549019608","0.227450980392157,0.317647058823529,0.243137254901961",Color/Palettes/Process/PANTONE/PANTONE+/PantonePlusColorBridgeCoated.xml,2026-02-11 17:29:00
PANTONE 5595 CP,894,1700,true,23.0,6.0,18.0,0.0,"0.23,0.06,0.18,0.0","0.8023,0.468941176470588,0.527803921568627",186,204,186,#BACCBA,"0.729411764705882,0.8,0.729411764705882","0.745098039215686,0.796078431372549,0.725490196078431",Color/Palettes/Process/PANTONE/PANTONE+/PantonePlusColorBridgeCoated.xml,2026-02-11 17:29:00
PANTONE 5585 CP,895,1700,true,34.0,11.0,25.0,0.0,"0.34,0.11,0.25,0.0","0.7427,0.458235294117647,0.519843137254902",163,190,173,#A3BEAD,"0.63921568627451,0.745098039215686,0.67843137254902","0.666666666666667,0.737254901960784,0.674509803921569",Color/Palettes/Process/PANTONE/PANTONE+/PantonePlusColorBridgeCoated.xml,2026-02-11 17:29:00
PANTONE 5575 CP,896,1700,true,43.0,16.0,30.0,3.0,"0.43,0.16,0.3,0.03","0.6782,0.455019607843137,0.512627450980392",143,173,159,#8FAD9F,"0.56078431372549,0.67843137254902,0.623529411764706","0.592156862745098,0.670588235294118,0.619607843137255",Color/Palettes/Process/PANTONE/PANTONE+/PantonePlusColorBridgeCoated.xml,2026-02-11 17:29:00
PANTONE 5565 CP,897,1700,true,50.0,19.0,36.0,7.0,"0.5,0.19,0.36,0.07","0.6188,0.451882352941177,0.512470588235294",125,157,143,#7D9D8F,"0.490196078431373,0.615686274509804,0.56078431372549","0.525490196078431,0.611764705882353,0.56078431372549",Color/Palettes/Process/PANTONE/PANTONE+/PantonePlusColorBridgeCoated.xml,2026-02-11 17:29:00
PANTONE 5555 CP,898,1700,true,62.0,24.0,47.0,21.0,"0.62,0.24,0.47,0.21","0.4983,0.441294117647059,0.50843137254902",88,127,114,#587F72,"0.345098039215686,0.498039215686275,0.447058823529412","0.396078431372549,0.494117647058824,0.447058823529412",Color/Palettes/Process/PANTONE/PANTONE+/PantonePlusColorBridgeCoated.xml,2026-02-11 17:29:00
PANTONE 5545 CP,899,1700,true,70.0,27.0,54.0,35.0,"0.7,0.27,0.54,0.35","0.4172,0.43478431372549,0.507372549019608",65,108,95,#416C5F,"0.254901960784314,0.423529411764706,0.372549019607843","0.317647058823529,0.419607843137255,0.372549019607843",Color/Palettes/Process/PANTONE/PANTONE+/PantonePlusColorBridgeCoated.xml,2026-02-11 17:29:00
PANTONE 5535 CP,900,1700,true,87.0,31.0,69.0,86.0,"0.87,0.31,0.69,0.86","0.1886,0.446156862745098,0.507490196078431",19,52,43,#13342B,"0.0745098039215686,0.203921568627451,0.168627450980392","0.145098039215686,0.215686274509804,0.184313725490196",Color/Palettes/Process/PANTONE/PANTONE+/PantonePlusColorBridgeCoated.xml,2026-02-11 17:29:00
PANTONE 5665 CP,901,1700,true,24.0,11.0,19.0,0.0,"0.24,0.11,0.19,0.0","0.7841,0.479686274509804,0.52678431372549",186,198,181,#BAC6B5,"0.729411764705882,0.776470588235294,0.709803921568627","0.737254901960784,0.768627450980392,0.705882352941177",Color/Palettes/Process/PANTONE/PANTONE+/PantonePlusColorBridgeCoated.xml,2026-02-11 17:29:00
PANTONE 5655 CP,902,1700,true,29.0,13.0,23.0,0.0,"0.29,0.13,0.23,0.0","0.7563,0.475725490196078,0.528705882352941",177,191,173,#B1BFAD,"0.694117647058824,0.749019607843137,0.67843137254902","0.701960784313725,0.741176470588235,0.674509803921569",Color/Palettes/Process/PANTONE/PANTONE+/PantonePlusColorBridgeCoated.xml,2026-02-11 17:29:00
PANTONE 5645 CP,903,1700,true,35.0,17.0,28.0,2.0,"0.35,0.17,0.28,0.02","0.7161,0.473921568627451,0.527254901960784",165,180,163,#A5B4A3,"0.647058823529412,0.705882352941177,0.63921568627451","0.658823529411765,0.701960784313725,0.635294117647059",Color/Palettes/Process/PANTONE/PANTONE+/PantonePlusColorBridgeCoated.xml,2026-02-11 17:29:00
PANTONE 5635 CP,904,1700,true,40.0,20.0,33.0,5.0,"0.4,0.2,0.33,0.05","0.6621,0.472666666666667,0.529960784313725",150,166,147,#96A693,"0.588235294117647,0.650980392156863,0.576470588235294","0.6,0.643137254901961,0.572549019607843",Color/Palettes/Process/PANTONE/PANTONE+/PantonePlusColorBridgeCoated.xml,2026-02-11 17:29:00
PANTONE 5625 CP,905,1700,true,52.0,27.0,45.0,17.0,"0.52,0.27,0.45,0.17","0.5415,0.462745098039216,0.53443137254902",115,135,114,#738772,"0.450980392156863,0.529411764705882,0.447058823529412","0.470588235294118,0.525490196078431,0.447058823529412",Color/Palettes/Process/PANTONE/PANTONE+/PantonePlusColorBridgeCoated.xml,2026-02-11 17:29:00
PANTONE 5615 CP,906,1700,true,57.0,30.0,53.0,27.0,"0.57,0.3,0.53,0.27","0.4749,0.454627450980392,0.535647058823529",94,119,97,#5E7761,"0.368627450980392,0.466666666666667,0.380392156862745","0.4,0.466666666666667,0.384313725490196",Color/Palettes/Process/PANTONE/PANTONE+/PantonePlusColorBridgeCoated.xml,2026-02-11 17:29:00
PANTONE 5605 CP,907,1700,true,78.0,35.0,74.0,78.0,"0.78,0.35,0.74,0.78","0.2395,0.447333333333333,0.524627450980392",35,63,47,#233F2F,"0.137254901960784,0.247058823529412,0.184313725490196","0.192156862745098,0.258823529411765,0.2",Color/Palettes/Process/PANTONE/PANTONE+/PantonePlusColorBridgeCoated.xml,2026-02-11 17:29:00
PANTONE 5527 CP,908,1700,true,24.0,10.0,13.0,0.0,"0.24,0.1,0.13,0.0","0.7925,0.481490196078431,0.510588235294118",187,200,191,#BBC8BF,"0.733333333333333,0.784313725490196,0.749019607843137","0.741176470588235,0.780392156862745,0.745098039215686",Color/Palettes/Process/PANTONE/PANTONE+/PantonePlusColorBridgeCoated.xml,2026-02-11 17:29:00
PANTONE 5517 CP,909,1700,true,29.0,13.0,16.0,0.0,"0.29,0.13,0.16,0.0","0.7569,0.478470588235294,0.517764705882353",176,191,178,#B0BFB2,"0.690196078431373,0.749019607843137,0.698039215686274","0.701960784313725,0.741176470588235,0.694117647058824",Color/Palettes/Process/PANTONE/PANTONE+/PantonePlusColorBridgeCoated.xml,2026-02-11 17:29:00
PANTONE 5507 CP,910,1700,true,38.0,18.0,22.0,1.0,"0.38,0.18,0.22,0.01","0.6934,0.477411764705882,0.515607843137255",158,174,162,#9EAEA2,"0.619607843137255,0.682352941176471,0.635294117647059","0.631372549019608,0.674509803921569,0.631372549019608",Color/Palettes/Process/PANTONE/PANTONE+/PantonePlusColorBridgeCoated.xml,2026-02-11 17:29:00
PANTONE 5497 CP,911,1700,true,48.0,24.0,29.0,7.0,"0.48,0.24,0.29,0.07","0.614,0.469882352941176,0.511725490196078",133,154,143,#859A8F,"0.52156862745098,0.603921568627451,0.56078431372549","0.541176470588235,0.596078431372549,0.556862745098039",Color/Palettes/Process/PANTONE/PANTONE+/PantonePlusColorBridgeCoated.xml,2026-02-11 17:29:00
PANTONE 5487 CP,912,1700,true,61.0,32.0,39.0,21.0,"0.61,0.32,0.39,0.21","0.492,0.45956862745098,0.51678431372549",98,123,109,#627B6D,"0.384313725490196,0.482352941176471,0.427450980392157","0.415686274509804,0.47843137254902,0.427450980392157",Color/Palettes/Process/PANTONE/PANTONE+/PantonePlusColorBridgeCoated.xml,2026-02-11 17:29:00
PANTONE 5477 CP,913,1700,true,71.0,36.0,48.0,39.0,"0.71,0.36,0.48,0.39","0.3975,0.454078431372549,0.522823529411765",74,100,84,#4A6454,"0.290196078431373,0.392156862745098,0.329411764705882","0.325490196078431,0.392156862745098,0.333333333333333",Color/Palettes/Process/PANTONE/PANTONE+/PantonePlusColorBridgeCoated.xml,2026-02-11 17:29:00
PANTONE 5467 CP,914,1700,true,88.0,37.0,59.0,80.0,"0.88,0.37,0.59,0.8","0.2174,0.447647058823529,0.520196078431373",29,58,44,#1D3A2C,"0.113725490196078,0.227450980392157,0.172549019607843","0.172549019607843,0.23921568627451,0.192156862745098",Color/Palettes/Process/PANTONE/PANTONE+/PantonePlusColorBridgeCoated.xml,2026-02-11 17:29:00
PANTONE 621 CP,915,1700,true,13.0,0.0,9.0,0.0,"0.13,0.0,0.09,0.0","0.8857,0.473294117647059,0.524235294117647",211,227,210,#D3E3D2,"0.827450980392157,0.890196078431372,0.823529411764706","0.843137254901961,0.886274509803922,0.823529411764706",Color/Palettes/Process/PANTONE/PANTONE+/PantonePlusColorBridgeCoated.xml,2026-02-11 17:29:00
PANTONE 622 CP,916,1700,true,27.0,5.0,18.0,0.0,"0.27,0.05,0.18,0.0","0.8043,0.462196078431373,0.523843137254902",183,206,188,#B7CEBC,"0.717647058823529,0.807843137254902,0.737254901960784","0.737254901960784,0.803921568627451,0.733333333333333",Color/Palettes/Process/PANTONE/PANTONE+/PantonePlusColorBridgeCoated.xml,2026-02-11 17:29:00
PANTONE 623 CP,917,1700,true,40.0,10.0,27.0,1.0,"0.4,0.1,0.27,0.01","0.7242,0.454,0.521921568627451",156,185,167,#9CB9A7,"0.611764705882353,0.725490196078431,0.654901960784314","0.643137254901961,0.72156862745098,0.650980392156863",Color/Palettes/Process/PANTONE/PANTONE+/PantonePlusColorBridgeCoated.xml,2026-02-11 17:29:00
PANTONE 624 CP,918,1700,true,53.0,16.0,38.0,7.0,"0.53,0.16,0.38,0.07","0.6199,0.443450980392157,0.525294117647059",124,159,138,#7C9F8A,"0.486274509803922,0.623529411764706,0.541176470588235","0.525490196078431,0.615686274509804,0.537254901960784",Color/Palettes/Process/PANTONE/PANTONE+/PantonePlusColorBridgeCoated.xml,2026-02-11 17:29:00
PANTONE 625 CP,919,1700,true,66.0,21.0,49.0,22.0,"0.66,0.21,0.49,0.22","0.4985,0.428078431372549,0.515686274509804",83,129,111,#53816F,"0.325490196078431,0.505882352941176,0.435294117647059","0.388235294117647,0.501960784313725,0.435294117647059",Color/Palettes/Process/PANTONE/PANTONE+/PantonePlusColorBridgeCoated.xml,2026-02-11 17:29:00
PANTONE 626 CP,920,1700,true,80.0,21.0,60.0,48.0,"0.8,0.21,0.6,0.48","0.3737,0.421764705882353,0.512666666666667",48,98,82,#306252,"0.188235294117647,0.384313725490196,0.32156862745098","0.270588235294118,0.384313725490196,0.325490196078431",Color/Palettes/Process/PANTONE/PANTONE+/PantonePlusColorBridgeCoated.xml,2026-02-11 17:29:00
PANTONE 627 CP,921,1700,true,89.0,28.0,66.0,83.0,"0.89,0.28,0.66,0.83","0.2127,0.44278431372549,0.499882352941176",20,58,51,#143A33,"0.0784313725490196,0.227450980392157,0.2","0.156862745098039,0.235294117647059,0.211764705882353",Color/Palettes/Process/PANTONE/PANTONE+/PantonePlusColorBridgeCoated.xml,2026-02-11 17:29:00
PANTONE 331 CP,922,1700,true,27.0,0.0,15.0,0.0,"0.27,0.0,0.15,0.0","0.8385,0.442862745098039,0.515411764705882",181,218,201,#B5DAC9,"0.709803921568627,0.854901960784314,0.788235294117647","0.749019607843137,0.850980392156863,0.784313725490196",Color/Palettes/Process/PANTONE/PANTONE+/PantonePlusColorBridgeCoated.xml,2026-02-11 17:29:00
PANTONE 332 CP,923,1700,true,35.0,0.0,21.0,0.0,"0.35,0.0,0.21,0.0","0.8087,0.428745098039216,0.514313725490196",164,212,193,#A4D4C1,"0.643137254901961,0.831372549019608,0.756862745098039","0.698039215686274,0.827450980392157,0.756862745098039",Color/Palettes/Process/PANTONE/PANTONE+/PantonePlusColorBridgeCoated.xml,2026-02-11 17:29:00
PANTONE 333 CP,924,1700,true,54.0,0.0,34.0,0.0,"0.54,0.0,0.34,0.0","0.7514,0.397882352941177,0.51956862745098",132,200,174,#84C8AE,"0.517647058823529,0.784313725490196,0.682352941176471","0.603921568627451,0.780392156862745,0.682352941176471",Color/Palettes/Process/PANTONE/PANTONE+/PantonePlusColorBridgeCoated.xml,2026-02-11 17:29:00
PANTONE Green CP,925,1700,true,96.0,0.0,68.0,0.0,"0.96,0.0,0.68,0.0","0.5765,0.273058823529412,0.53121568627451",0,165,121,#00A579,"0.0,0.647058823529412,0.474509803921569","0.266666666666667,0.63921568627451,0.482352941176471",Color/Palettes/Process/PANTONE/PANTONE+/PantonePlusColorBridgeCoated.xml,2026-02-11 17:29:00
PANTONE 334 CP,926,1700,true,100.0,0.0,68.0,1.0,"1.0,0.0,0.68,0.01","0.5621,0.26156862745098,0.520941176470588",0,162,122,#00A27A,"0.0,0.635294117647059,0.47843137254902","0.219607843137255,0.627450980392157,0.482352941176471",Color/Palettes/Process/PANTONE/PANTONE+/PantonePlusColorBridgeCoated.xml,2026-02-11 17:29:00
PANTONE 335 CP,927,1700,true,100.0,0.0,67.0,23.0,"1.0,0.0,0.67,0.23","0.4788,0.314235294117647,0.523647058823529",0,135,101,#008765,"0.0,0.529411764705882,0.396078431372549","0.231372549019608,0.525490196078431,0.4",Color/Palettes/Process/PANTONE/PANTONE+/PantonePlusColorBridgeCoated.xml,2026-02-11 17:29:00
PANTONE 336 CP,928,1700,true,99.0,1.0,67.0,45.0,"0.99,0.01,0.67,0.45","0.4005,0.356823529411765,0.529686274509804",0,111,80,#006F50,"0.0,0.435294117647059,0.313725490196078","0.227450980392157,0.431372549019608,0.325490196078431",Color/Palettes/Process/PANTONE/PANTONE+/PantonePlusColorBridgeCoated.xml,2026-02-11 17:29:00
PANTONE 337 CP,929,1700,true,40.0,0.0,29.0,0.0,"0.4,0.0,0.29,0.0","0.7844,0.419529411764706,0.524901960784314",155,206,181,#9BCEB5,"0.607843137254902,0.807843137254902,0.709803921568627","0.666666666666667,0.803921568627451,0.709803921568627",Color/Palettes/Process/PANTONE/PANTONE+/PantonePlusColorBridgeCoated.xml,2026-02-11 17:29:00
PANTONE 338 CP,930,1700,true,52.0,0.0,36.0,0.0,"0.52,0.0,0.36,0.0","0.7484,0.400392156862745,0.521254901960784",133,199,173,#85C7AD,"0.52156862745098,0.780392156862745,0.67843137254902","0.603921568627451,0.776470588235294,0.674509803921569",Color/Palettes/Process/PANTONE/PANTONE+/PantonePlusColorBridgeCoated.xml,2026-02-11 17:29:00
PANTONE 339 CP,931,1700,true,79.0,0.0,60.0,0.0,"0.79,0.0,0.6,0.0","0.6328,0.330156862745098,0.529882352941176",36,175,137,#24AF89,"0.141176470588235,0.686274509803922,0.537254901960784","0.403921568627451,0.682352941176471,0.541176470588235",Color/Palettes/Process/PANTONE/PANTONE+/PantonePlusColorBridgeCoated.xml,2026-02-11 17:29:00
PANTONE 340 CP,932,1700,true,100.0,0.0,81.0,0.0,"1.0,0.0,0.81,0.0","0.5489,0.259294117647059,0.533176470588235",0,158,113,#009E71,"0.0,0.619607843137255,0.443137254901961","0.211764705882353,0.615686274509804,0.450980392156863",Color/Palettes/Process/PANTONE/PANTONE+/PantonePlusColorBridgeCoated.xml,2026-02-11 17:29:00
PANTONE 341 CP,933,1700,true,95.0,1.0,75.0,26.0,"0.95,0.01,0.75,0.26","0.462,0.32078431372549,0.530862745098039",0,130,94,#00825E,"0.0,0.509803921568627,0.368627450980392","0.231372549019608,0.505882352941176,0.376470588235294",Color/Palettes/Process/PANTONE/PANTONE+/PantonePlusColorBridgeCoated.xml,2026-02-11 17:29:00
PANTONE 342 CP,934,1700,true,93.0,4.0,75.0,43.0,"0.93,0.04,0.75,0.43","0.3972,0.351647058823529,0.528313725490196",0,110,80,#006E50,"0.0,0.431372549019608,0.313725490196078","0.215686274509804,0.431372549019608,0.32156862745098",Color/Palettes/Process/PANTONE/PANTONE+/PantonePlusColorBridgeCoated.xml,2026-02-11 17:29:00
PANTONE 343 CP,935,1700,true,87.0,13.0,72.0,56.0,"0.87,0.13,0.72,0.56","0.3325,0.393803921568627,0.523529411764706",12,90,67,#0C5A43,"0.0470588235294118,0.352941176470588,0.262745098039216","0.207843137254902,0.356862745098039,0.274509803921569",Color/Palettes/Process/PANTONE/PANTONE+/PantonePlusColorBridgeCoated.xml,2026-02-11 17:29:00
PANTONE 7723 CP,936,1700,true,67.0,4.0,51.0,5.0,"0.67,0.04,0.51,0.05","0.6223,0.373764705882353,0.531529411764706",82,168,134,#52A886,"0.32156862745098,0.658823529411765,0.525490196078431","0.447058823529412,0.650980392156863,0.529411764705882",Color/Palettes/Process/PANTONE/PANTONE+/PantonePlusColorBridgeCoated.xml,2026-02-11 17:29:00
PANTONE 7724 CP,937,1700,true,81.0,3.0,64.0,10.0,"0.81,0.03,0.64,0.1","0.5615,0.338,0.535254901960784",20,155,116,#149B74,"0.0784313725490196,0.607843137254902,0.454901960784314","0.349019607843137,0.6,0.462745098039216",Color/Palettes/Process/PANTONE/PANTONE+/PantonePlusColorBridgeCoated.xml,2026-02-11 17:29:00
PANTONE 7725 CP,938,1700,true,97.0,0.0,80.0,15.0,"0.97,0.0,0.8,0.15","0.5005,0.296705882352941,0.538862745098039",0,142,99,#008E63,"0.0,0.556862745098039,0.388235294117647","0.235294117647059,0.552941176470588,0.396078431372549",Color/Palettes/Process/PANTONE/PANTONE+/PantonePlusColorBridgeCoated.xml,2026-02-11 17:29:00
PANTONE 7726 CP,939,1700,true,100.0,0.0,84.0,25.0,"1.0,0.0,0.84,0.25","0.4568,0.298901960784314,0.543333333333333",0,130,87,#008257,"0.0,0.509803921568627,0.341176470588235","0.2,0.505882352941176,0.349019607843137",Color/Palettes/Process/PANTONE/PANTONE+/PantonePlusColorBridgeCoated.xml,2026-02-11 17:29:00
PANTONE 7727 CP,940,1700,true,99.0,0.0,83.0,37.0,"0.99,0.0,0.83,0.37","0.4133,0.328156862745098,0.544117647058823",0,116,76,#00744C,"0.0,0.454901960784314,0.298039215686275","0.207843137254902,0.454901960784314,0.313725490196078",Color/Palettes/Process/PANTONE/PANTONE+/PantonePlusColorBridgeCoated.xml,2026-02-11 17:29:00
PANTONE 7728 CP,941,1700,true,94.0,3.0,78.0,44.0,"0.94,0.03,0.78,0.44","0.387,0.350588235294118,0.545921568627451",0,108,70,#006C46,"0.0,0.423529411764706,0.274509803921569","0.215686274509804,0.419607843137255,0.286274509803922",Color/Palettes/Process/PANTONE/PANTONE+/PantonePlusColorBridgeCoated.xml,2026-02-11 17:29:00
PANTONE 7729 CP,942,1700,true,95.0,6.0,67.0,57.0,"0.95,0.06,0.67,0.57","0.3211,0.381333333333333,0.516509803921569",0,89,68,#005944,"0.0,0.349019607843137,0.266666666666667","0.180392156862745,0.349019607843137,0.274509803921569",Color/Palettes/Process/PANTONE/PANTONE+/PantonePlusColorBridgeCoated.xml,2026-02-11 17:29:00
PANTONE 3375 CP,943,1700,true,41.0,0.0,31.0,0.0,"0.41,0.0,0.31,0.0","0.7905,0.41878431372549,0.543411764705882",159,208,174,#9FD0AE,"0.623529411764706,0.815686274509804,0.682352941176471","0.682352941176471,0.811764705882353,0.682352941176471",Color/Palettes/Process/PANTONE/PANTONE+/PantonePlusColorBridgeCoated.xml,2026-02-11 17:29:00
PANTONE 3385 CP,944,1700,true,55.0,0.0,45.0,0.0,"0.55,0.0,0.45,0.0","0.7458,0.392666666666667,0.555686274509804",134,199,156,#86C79C,"0.525490196078431,0.780392156862745,0.611764705882353","0.607843137254902,0.772549019607843,0.611764705882353",Color/Palettes/Process/PANTONE/PANTONE+/PantonePlusColorBridgeCoated.xml,2026-02-11 17:29:00
PANTONE 3395 CP,945,1700,true,77.0,0.0,67.0,0.0,"0.77,0.0,0.67,0.0","0.6536,0.336156862745098,0.573176470588235",71,180,122,#47B47A,"0.27843137254902,0.705882352941177,0.47843137254902","0.450980392156863,0.698039215686274,0.486274509803922",Color/Palettes/Process/PANTONE/PANTONE+/PantonePlusColorBridgeCoated.xml,2026-02-11 17:29:00
PANTONE 3405 CP,946,1700,true,92.0,0.0,85.0,0.0,"0.92,0.0,0.85,0.0","0.5809,0.275686274509804,0.587294117647059",0,165,96,#00A560,"0.0,0.647058823529412,0.376470588235294","0.309803921568627,0.643137254901961,0.392156862745098",Color/Palettes/Process/PANTONE/PANTONE+/PantonePlusColorBridgeCoated.xml,2026-02-11 17:29:00
PANTONE 3415 CP,947,1700,true,100.0,0.0,85.0,29.0,"1.0,0.0,0.85,0.29","0.4545,0.316823529411765,0.556196078431373",0,128,81,#008051,"0.0,0.501960784313725,0.317647058823529","0.235294117647059,0.498039215686275,0.329411764705882",Color/Palettes/Process/PANTONE/PANTONE+/PantonePlusColorBridgeCoated.xml,2026-02-11 17:29:00
PANTONE 3425 CP,948,1700,true,96.0,2.0,80.0,47.0,"0.96,0.02,0.8,0.47","0.3968,0.35878431372549,0.542627450980392",0,109,74,#006D4A,"0.0,0.427450980392157,0.290196078431373","0.231372549019608,0.427450980392157,0.301960784313725",Color/Palettes/Process/PANTONE/PANTONE+/PantonePlusColorBridgeCoated.xml,2026-02-11 17:29:00
PANTONE 3435 CP,949,1700,true,87.0,15.0,77.0,69.0,"0.87,0.15,0.77,0.69","0.2943,0.422274509803922,0.534470588235294",34,78,55,#224E37,"0.133333333333333,0.305882352941176,0.215686274509804","0.215686274509804,0.309803921568627,0.231372549019608",Color/Palettes/Process/PANTONE/PANTONE+/PantonePlusColorBridgeCoated.xml,2026-02-11 17:29:00
PANTONE 344 CP,950,1700,true,35.0,0.0,35.0,0.0,"0.35,0.0,0.35,0.0","0.7973,0.423450980392157,0.557764705882353",166,209,169,#A6D1A9,"0.650980392156863,0.819607843137255,0.662745098039216","0.698039215686274,0.815686274509804,0.662745098039216",Color/Palettes/Process/PANTONE/PANTONE+/PantonePlusColorBridgeCoated.xml,2026-02-11 17:29:00
PANTONE 345 CP,951,1700,true,40.0,0.0,38.0,0.0,"0.4,0.0,0.38,0.0","0.7759,0.413098039215686,0.560039215686275",155,205,162,#9BCDA2,"0.607843137254902,0.803921568627451,0.635294117647059","0.666666666666667,0.796078431372549,0.635294117647059",Color/Palettes/Process/PANTONE/PANTONE+/PantonePlusColorBridgeCoated.xml,2026-02-11 17:29:00
PANTONE 346 CP,952,1700,true,52.0,0.0,50.0,0.0,"0.52,0.0,0.5,0.0","0.7315,0.388980392156863,0.570980392156863",131,195,144,#83C390,"0.513725490196078,0.764705882352941,0.564705882352941","0.592156862745098,0.76078431372549,0.572549019607843",Color/Palettes/Process/PANTONE/PANTONE+/PantonePlusColorBridgeCoated.xml,2026-02-11 17:29:00
PANTONE 347 CP,953,1700,true,92.0,0.0,97.0,0.0,"0.92,0.0,0.97,0.0","0.5441,0.260941176470588,0.602235294117647",0,156,79,#009C4F,"0.0,0.611764705882353,0.309803921568627","0.262745098039216,0.607843137254902,0.333333333333333",Color/Palettes/Process/PANTONE/PANTONE+/PantonePlusColorBridgeCoated.xml,2026-02-11 17:29:00
PANTONE 348 CP,954,1700,true,93.0,0.0,98.0,17.0,"0.93,0.0,0.98,0.17","0.4796,0.293921568627451,0.594392156862745",0,136,68,#008844,"0.0,0.533333333333333,0.266666666666667","0.247058823529412,0.529411764705882,0.290196078431373",Color/Palettes/Process/PANTONE/PANTONE+/PantonePlusColorBridgeCoated.xml,2026-02-11 17:29:00
PANTONE 349 CP,955,1700,true,85.0,3.0,91.0,44.0,"0.85,0.03,0.91,0.44","0.4088,0.359176470588235,0.580117647058824",18,112,60,#12703C,"0.0705882352941176,0.43921568627451,0.235294117647059","0.258823529411765,0.43921568627451,0.254901960784314",Color/Palettes/Process/PANTONE/PANTONE+/PantonePlusColorBridgeCoated.xml,2026-02-11 17:29:00
PANTONE 350 CP,956,1700,true,74.0,18.0,81.0,62.0,"0.74,0.18,0.81,0.62","0.3247,0.425803921568627,0.554156862745098",47,85,53,#2F5535,"0.184313725490196,0.333333333333333,0.207843137254902","0.247058823529412,0.337254901960784,0.227450980392157",Color/Palettes/Process/PANTONE/PANTONE+/PantonePlusColorBridgeCoated.xml,2026-02-11 17:29:00
PANTONE 351 CP,957,1700,true,32.0,0.0,33.0,0.0,"0.32,0.0,0.33,0.0","0.814,0.429333333333333,0.559137254901961",174,213,173,#AED5AD,"0.682352941176471,0.835294117647059,0.67843137254902","0.725490196078431,0.831372549019608,0.67843137254902",Color/Palettes/Process/PANTONE/PANTONE+/PantonePlusColorBridgeCoated.xml,2026-02-11 17:29:00
PANTONE 352 CP,958,1700,true,37.0,0.0,38.0,0.0,"0.37,0.0,0.38,0.0","0.7952,0.419176470588235,0.560235294117647",164,209,167,#A4D1A7,"0.643137254901961,0.819607843137255,0.654901960784314","0.694117647058824,0.815686274509804,0.658823529411765",Color/Palettes/Process/PANTONE/PANTONE+/PantonePlusColorBridgeCoated.xml,2026-02-11 17:29:00
PANTONE 353 CP,959,1700,true,42.0,0.0,44.0,0.0,"0.42,0.0,0.44,0.0","0.7811,0.411490196078431,0.566078431372549",157,206,160,#9DCEA0,"0.615686274509804,0.807843137254902,0.627450980392157","0.670588235294118,0.803921568627451,0.631372549019608",Color/Palettes/Process/PANTONE/PANTONE+/PantonePlusColorBridgeCoated.xml,2026-02-11 17:29:00
PANTONE 354 CP,960,1700,true,85.0,0.0,98.0,0.0,"0.85,0.0,0.98,0.0","0.5958,0.287058823529412,0.655098039215686",0,168,65,#00A841,"0.0,0.658823529411765,0.254901960784314","0.368627450980392,0.650980392156863,0.294117647058824",Color/Palettes/Process/PANTONE/PANTONE+/PantonePlusColorBridgeCoated.xml,2026-02-11 17:29:00
PANTONE 355 CP,961,1700,true,93.0,0.0,100.0,0.0,"0.93,0.0,1.0,0.0","0.5664,0.261490196078431,0.654274509803922",0,162,57,#00A239,"0.0,0.635294117647059,0.223529411764706","0.305882352941176,0.627450980392157,0.266666666666667",Color/Palettes/Process/PANTONE/PANTONE+/PantonePlusColorBridgeCoated.xml,2026-02-11 17:29:00
PANTONE 356 CP,962,1700,true,91.0,0.0,100.0,26.0,"0.91,0.0,1.0,0.26","0.4722,0.319960784313725,0.620313725490196",0,132,54,#008436,"0.0,0.517647058823529,0.211764705882353","0.282352941176471,0.513725490196078,0.243137254901961",Color/Palettes/Process/PANTONE/PANTONE+/PantonePlusColorBridgeCoated.xml,2026-02-11 17:29:00
PANTONE 357 CP,963,1700,true,80.0,9.0,88.0,60.0,"0.8,0.09,0.88,0.6","0.3412,0.404627450980392,0.574745098039216",41,91,48,#295B30,"0.16078431372549,0.356862745098039,0.188235294117647","0.247058823529412,0.36078431372549,0.211764705882353",Color/Palettes/Process/PANTONE/PANTONE+/PantonePlusColorBridgeCoated.xml,2026-02-11 17:29:00
PANTONE 7478 CP,964,1700,true,33.0,0.0,29.0,0.0,"0.33,0.0,0.29,0.0","0.8144,0.429058823529412,0.55",173,213,178,#ADD5B2,"0.67843137254902,0.835294117647059,0.698039215686274","0.72156862745098,0.831372549019608,0.698039215686274",Color/Palettes/Process/PANTONE/PANTONE+/PantonePlusColorBridgeCoated.xml,2026-02-11 17:29:00
PANTONE 7479 CP,965,1700,true,64.0,0.0,71.0,0.0,"0.64,0.0,0.71,0.0","0.6974,0.361803921568627,0.60356862745098",111,189,119,#6FBD77,"0.435294117647059,0.741176470588235,0.466666666666667","0.541176470588235,0.733333333333333,0.47843137254902",Color/Palettes/Process/PANTONE/PANTONE+/PantonePlusColorBridgeCoated.xml,2026-02-11 17:29:00
PANTONE 7480 CP,966,1700,true,78.0,0.0,80.0,0.0,"0.78,0.0,0.8,0.0","0.6389,0.322823529411765,0.59756862745098",61,177,106,#3DB16A,"0.23921568627451,0.694117647058824,0.415686274509804","0.431372549019608,0.686274509803922,0.431372549019608",Color/Palettes/Process/PANTONE/PANTONE+/PantonePlusColorBridgeCoated.xml,2026-02-11 17:29:00
PANTONE 7481 CP,967,1700,true,81.0,0.0,93.0,0.0,"0.81,0.0,0.93,0.0","0.6026,0.297372549019608,0.623647058823529",15,169,84,#0FA954,"0.0588235294117647,0.662745098039216,0.329411764705882","0.376470588235294,0.658823529411765,0.352941176470588",Color/Palettes/Process/PANTONE/PANTONE+/PantonePlusColorBridgeCoated.xml,2026-02-11 17:29:00
PANTONE 7482 CP,968,1700,true,91.0,0.0,93.0,0.0,"0.91,0.0,0.93,0.0","0.5663,0.271254901960784,0.606039215686275",0,161,83,#00A153,"0.0,0.631372549019608,0.325490196078431","0.301960784313725,0.627450980392157,0.349019607843137",Color/Palettes/Process/PANTONE/PANTONE+/PantonePlusColorBridgeCoated.xml,2026-02-11 17:29:00
PANTONE 7483 CP,969,1700,true,78.0,11.0,84.0,54.0,"0.78,0.11,0.84,0.54","0.3758,0.399764705882353,0.56643137254902",45,100,59,#2D643B,"0.176470588235294,0.392156862745098,0.231372549019608","0.266666666666667,0.392156862745098,0.250980392156863",Color/Palettes/Process/PANTONE/PANTONE+/PantonePlusColorBridgeCoated.xml,2026-02-11 17:29:00
PANTONE 7484 CP,970,1700,true,92.0,8.0,75.0,58.0,"0.92,0.08,0.75,0.58","0.3479,0.382235294117647,0.54278431372549",11,95,63,#0B5F3F,"0.0431372549019608,0.372549019607843,0.247058823529412","0.219607843137255,0.372549019607843,0.258823529411765",Color/Palettes/Process/PANTONE/PANTONE+/PantonePlusColorBridgeCoated.xml,2026-02-11 17:29:00
PANTONE 7730 CP,971,1700,true,68.0,6.0,68.0,15.0,"0.68,0.06,0.68,0.15","0.5525,0.373176470588235,0.588274509803921",76,148,90,#4C945A,"0.298039215686275,0.580392156862745,0.352941176470588","0.403921568627451,0.576470588235294,0.368627450980392",Color/Palettes/Process/PANTONE/PANTONE+/PantonePlusColorBridgeCoated.xml,2026-02-11 17:29:00
PANTONE 7731 CP,972,1700,true,78.0,3.0,84.0,22.0,"0.78,0.03,0.84,0.22","0.5049,0.347254901960784,0.593921568627451",43,138,76,#2B8A4C,"0.168627450980392,0.541176470588235,0.298039215686275","0.333333333333333,0.537254901960784,0.317647058823529",Color/Palettes/Process/PANTONE/PANTONE+/PantonePlusColorBridgeCoated.xml,2026-02-11 17:29:00
PANTONE 7732 CP,973,1700,true,88.0,1.0,91.0,30.0,"0.88,0.01,0.91,0.3","0.4509,0.330470588235294,0.57878431372549",0,126,70,#007E46,"0.0,0.494117647058824,0.274509803921569","0.258823529411765,0.490196078431373,0.290196078431373",Color/Palettes/Process/PANTONE/PANTONE+/PantonePlusColorBridgeCoated.xml,2026-02-11 17:29:00
PANTONE 7733 CP,974,1700,true,87.0,3.0,84.0,39.0,"0.87,0.03,0.84,0.39","0.4169,0.350039215686274,0.562392156862745",0,115,70,#007346,"0.0,0.450980392156863,0.274509803921569","0.247058823529412,0.450980392156863,0.290196078431373",Color/Palettes/Process/PANTONE/PANTONE+/PantonePlusColorBridgeCoated.xml,2026-02-11 17:29:00
PANTONE 7734 CP,975,1700,true,78.0,13.0,77.0,50.0,"0.78,0.13,0.77,0.5","0.3735,0.396470588235294,0.557921568627451",40,100,62,#28643E,"0.156862745098039,0.392156862745098,0.243137254901961","0.258823529411765,0.392156862745098,0.258823529411765",Color/Palettes/Process/PANTONE/PANTONE+/PantonePlusColorBridgeCoated.xml,2026-02-11 17:29:00
PANTONE 7735 CP,976,1700,true,70.0,23.0,75.0,55.0,"0.7,0.23,0.75,0.55","0.3406,0.430509803921569,0.555294117647059",54,89,56,#365938,"0.211764705882353,0.349019607843137,0.219607843137255","0.266666666666667,0.349019607843137,0.23921568627451",Color/Palettes/Process/PANTONE/PANTONE+/PantonePlusColorBridgeCoated.xml,2026-02-11 17:29:00
PANTONE 7736 CP,977,1700,true,71.0,30.0,67.0,52.0,"0.71,0.3,0.67,0.52","0.3359,0.438313725490196,0.54721568627451",55,87,59,#37573B,"0.215686274509804,0.341176470588235,0.231372549019608","0.266666666666667,0.341176470588235,0.247058823529412",Color/Palettes/Process/PANTONE/PANTONE+/PantonePlusColorBridgeCoated.xml,2026-02-11 17:29:00
PANTONE 7737 CP,978,1700,true,58.0,1.0,93.0,10.0,"0.58,0.01,0.93,0.1","0.6123,0.367058823529412,0.673803921568627",101,164,61,#65A43D,"0.396078431372549,0.643137254901961,0.23921568627451","0.482352941176471,0.63921568627451,0.27843137254902",Color/Palettes/Process/PANTONE/PANTONE+/PantonePlusColorBridgeCoated.xml,2026-02-11 17:29:00
PANTONE 7738 CP,979,1700,true,70.0,0.0,93.0,5.0,"0.7,0.0,0.93,0.05","0.5952,0.33,0.647019607843137",67,164,71,#43A447,"0.262745098039216,0.643137254901961,0.27843137254902","0.415686274509804,0.635294117647059,0.305882352941176",Color/Palettes/Process/PANTONE/PANTONE+/PantonePlusColorBridgeCoated.xml,2026-02-11 17:29:00
PANTONE 7739 CP,980,1700,true,76.0,1.0,93.0,7.0,"0.76,0.01,0.93,0.07","0.5636,0.323019607843137,0.628274509803922",45,156,72,#2D9C48,"0.176470588235294,0.611764705882353,0.282352941176471","0.372549019607843,0.607843137254902,0.309803921568627",Color/Palettes/Process/PANTONE/PANTONE+/PantonePlusColorBridgeCoated.xml,2026-02-11 17:29:00
PANTONE 7740 CP,981,1700,true,73.0,1.0,91.0,17.0,"0.73,0.01,0.91,0.17","0.5331,0.343019607843137,0.628941176470588",56,146,65,#389241,"0.219607843137255,0.572549019607843,0.254901960784314","0.368627450980392,0.568627450980392,0.282352941176471",Color/Palettes/Process/PANTONE/PANTONE+/PantonePlusColorBridgeCoated.xml,2026-02-11 17:29:00
PANTONE 7741 CP,982,1700,true,69.0,3.0,89.0,26.0,"0.69,0.03,0.89,0.26","0.5085,0.366588235294118,0.625647058823529",67,137,61,#43893D,"0.262745098039216,0.537254901960784,0.23921568627451","0.368627450980392,0.533333333333333,0.270588235294118",Color/Palettes/Process/PANTONE/PANTONE+/PantonePlusColorBridgeCoated.xml,2026-02-11 17:29:00
PANTONE 7742 CP,983,1700,true,63.0,8.0,85.0,38.0,"0.63,0.08,0.85,0.38","0.4584,0.39643137254902,0.609725490196078",71,121,58,#47793A,"0.27843137254902,0.474509803921569,0.227450980392157","0.349019607843137,0.470588235294118,0.254901960784314",Color/Palettes/Process/PANTONE/PANTONE+/PantonePlusColorBridgeCoated.xml,2026-02-11 17:29:00
PANTONE 7743 CP,984,1700,true,65.0,14.0,80.0,45.0,"0.65,0.14,0.8,0.45","0.4105,0.414901960784314,0.585647058823529",66,107,59,#426B3B,"0.258823529411765,0.419607843137255,0.231372549019608","0.317647058823529,0.419607843137255,0.250980392156863",Color/Palettes/Process/PANTONE/PANTONE+/PantonePlusColorBridgeCoated.xml,2026-02-11 17:29:00
PANTONE 358 CP,985,1700,true,32.0,0.0,51.0,0.0,"0.32,0.0,0.51,0.0","0.7982,0.418,0.631529411764706",174,209,133,#AED185,"0.682352941176471,0.819607843137255,0.52156862745098","0.72156862745098,0.815686274509804,0.533333333333333",Color/Palettes/Process/PANTONE/PANTONE+/PantonePlusColorBridgeCoated.xml,2026-02-11 17:29:00
PANTONE 359 CP,986,1700,true,38.0,0.0,58.0,0.0,"0.38,0.0,0.58,0.0","0.7731,0.405019607843137,0.635019607843137",161,204,124,#A1CC7C,"0.631372549019608,0.8,0.486274509803922","0.67843137254902,0.796078431372549,0.501960784313725",Color/Palettes/Process/PANTONE/PANTONE+/PantonePlusColorBridgeCoated.xml,2026-02-11 17:29:00
PANTONE 360 CP,987,1700,true,59.0,0.0,90.0,0.0,"0.59,0.0,0.9,0.0","0.6934,0.359960784313725,0.660862745098039",117,187,89,#75BB59,"0.458823529411765,0.733333333333333,0.349019607843137","0.552941176470588,0.729411764705882,0.376470588235294",Color/Palettes/Process/PANTONE/PANTONE+/PantonePlusColorBridgeCoated.xml,2026-02-11 17:29:00
PANTONE 361 CP,988,1700,true,68.0,0.0,100.0,0.0,"0.68,0.0,1.0,0.0","0.6372,0.326823529411765,0.686352941176471",83,175,59,#53AF3B,"0.325490196078431,0.686274509803922,0.231372549019608","0.462745098039216,0.682352941176471,0.274509803921569",Color/Palettes/Process/PANTONE/PANTONE+/PantonePlusColorBridgeCoated.xml,2026-02-11 17:29:00
PANTONE 362 CP,989,1700,true,66.0,0.0,100.0,9.0,"0.66,0.0,1.0,0.09","0.6064,0.342549019607843,0.661764705882353",82,165,66,#52A542,"0.32156862745098,0.647058823529412,0.258823529411765","0.447058823529412,0.643137254901961,0.294117647058824",Color/Palettes/Process/PANTONE/PANTONE+/PantonePlusColorBridgeCoated.xml,2026-02-11 17:29:00
PANTONE 363 CP,990,1700,true,64.0,0.0,100.0,24.0,"0.64,0.0,1.0,0.24","0.5433,0.364823529411765,0.64756862745098",78,146,58,#4E923A,"0.305882352941176,0.572549019607843,0.227450980392157","0.403921568627451,0.568627450980392,0.262745098039216",Color/Palettes/Process/PANTONE/PANTONE+/PantonePlusColorBridgeCoated.xml,2026-02-11 17:29:00
PANTONE 364 CP,991,1700,true,59.0,0.0,100.0,43.0,"0.59,0.0,1.0,0.43","0.4662,0.394823529411765,0.634470588235294",75,123,47,#4B7B2F,"0.294117647058824,0.482352941176471,0.184313725490196","0.36078431372549,0.47843137254902,0.219607843137255",Color/Palettes/Process/PANTONE/PANTONE+/PantonePlusColorBridgeCoated.xml,2026-02-11 17:29:00
PANTONE 7485 CP,992,1700,true,16.0,0.0,25.0,0.0,"0.16,0.0,0.25,0.0","0.874,0.455803921568627,0.572627450980392",206,226,183,#CEE2B7,"0.807843137254902,0.886274509803922,0.717647058823529","0.827450980392157,0.882352941176471,0.72156862745098",Color/Palettes/Process/PANTONE/PANTONE+/PantonePlusColorBridgeCoated.xml,2026-02-11 17:29:00
PANTONE 7486 CP,993,1700,true,25.0,0.0,50.0,0.0,"0.25,0.0,0.5,0.0","0.8273,0.431882352941176,0.634705882352941",189,216,139,#BDD88B,"0.741176470588235,0.847058823529412,0.545098039215686","0.768627450980392,0.843137254901961,0.556862745098039",Color/Palettes/Process/PANTONE/PANTONE+/PantonePlusColorBridgeCoated.xml,2026-02-11 17:29:00
PANTONE 7487 CP,994,1700,true,44.0,0.0,74.0,0.0,"0.44,0.0,0.74,0.0","0.7512,0.393254901960784,0.65878431372549",151,199,106,#97C76A,"0.592156862745098,0.780392156862745,0.415686274509804","0.647058823529412,0.776470588235294,0.435294117647059",Color/Palettes/Process/PANTONE/PANTONE+/PantonePlusColorBridgeCoated.xml,2026-02-11 17:29:00
PANTONE 7488 CP,995,1700,true,51.0,0.0,86.0,0.0,"0.51,0.0,0.86,0.0","0.7268,0.378470588235294,0.675843137254902",139,194,90,#8BC25A,"0.545098039215686,0.76078431372549,0.352941176470588","0.611764705882353,0.756862745098039,0.380392156862745",Color/Palettes/Process/PANTONE/PANTONE+/PantonePlusColorBridgeCoated.xml,2026-02-11 17:29:00
PANTONE 7489 CP,996,1700,true,55.0,2.0,80.0,7.0,"0.55,0.02,0.8,0.07","0.6638,0.381529411764706,0.639254901960784",119,177,93,#77B15D,"0.466666666666667,0.694117647058824,0.364705882352941","0.541176470588235,0.686274509803922,0.388235294117647",Color/Palettes/Process/PANTONE/PANTONE+/PantonePlusColorBridgeCoated.xml,2026-02-11 17:29:00
PANTONE 7490 CP,997,1700,true,51.0,6.0,79.0,18.0,"0.51,0.06,0.79,0.18","0.5865,0.411450980392157,0.633176470588235",114,153,78,#72994E,"0.447058823529412,0.6,0.305882352941176","0.494117647058824,0.592156862745098,0.325490196078431",Color/Palettes/Process/PANTONE/PANTONE+/PantonePlusColorBridgeCoated.xml,2026-02-11 17:29:00
PANTONE 7491 CP,998,1700,true,38.0,13.0,83.0,31.0,"0.38,0.13,0.83,0.31","0.52,0.450823529411765,0.636",115,131,61,#73833D,"0.450980392156863,0.513725490196078,0.23921568627451","0.466666666666667,0.505882352941176,0.266666666666667",Color/Palettes/Process/PANTONE/PANTONE+/PantonePlusColorBridgeCoated.xml,2026-02-11 17:29:00
PANTONE 365 CP,999,1700,true,23.0,0.0,56.0,0.0,"0.23,0.0,0.56,0.0","0.828,0.434745098039216,0.672745098039216",195,215,120,#C3D778,"0.764705882352941,0.843137254901961,0.470588235294118","0.784313725490196,0.83921568627451,0.490196078431373",Color/Palettes/Process/PANTONE/PANTONE+/PantonePlusColorBridgeCoated.xml,2026-02-11 17:29:00
PANTONE 366 CP,1000,1700,true,29.0,0.0,64.0,0.0,"0.29,0.0,0.64,0.0","0.8099,0.426588235294118,0.679607843137255",187,211,111,#BBD36F,"0.733333333333333,0.827450980392157,0.435294117647059","0.756862745098039,0.823529411764706,0.458823529411765",Color/Palettes/Process/PANTONE/PANTONE+/PantonePlusColorBridgeCoated.xml,2026-02-11 17:29:00
PANTONE 367 CP,1001,1700,true,37.0,0.0,77.0,0.0,"0.37,0.0,0.77,0.0","0.7692,0.40756862745098,0.700352941176471",168,202,89,#A8CA59,"0.658823529411765,0.792156862745098,0.349019607843137","0.694117647058824,0.788235294117647,0.380392156862745",Color/Palettes/Process/PANTONE/PANTONE+/PantonePlusColorBridgeCoated.xml,2026-02-11 17:29:00
PANTONE 368 CP,1002,1700,true,54.0,0.0,100.0,0.0,"0.54,0.0,1.0,0.0","0.6885,0.367803921568627,0.744",129,185,32,#81B920,"0.505882352941176,0.725490196078431,0.125490196078431","0.572549019607843,0.717647058823529,0.215686274509804",Color/Palettes/Process/PANTONE/PANTONE+/PantonePlusColorBridgeCoated.xml,2026-02-11 17:29:00
PANTONE 369 CP,1003,1700,true,58.0,0.0,100.0,4.0,"0.58,0.0,1.0,0.04","0.6356,0.354,0.724196078431373",105,172,32,#69AC20,"0.411764705882353,0.674509803921569,0.125490196078431","0.501960784313725,0.666666666666667,0.203921568627451",Color/Palettes/Process/PANTONE/PANTONE+/PantonePlusColorBridgeCoated.xml,2026-02-11 17:29:00
PANTONE 370 CP,1004,1700,true,49.0,0.0,100.0,30.0,"0.49,0.0,1.0,0.3","0.5551,0.399098039215686,0.704352941176471",106,145,26,#6A911A,"0.415686274509804,0.568627450980392,0.101960784313725","0.462745098039216,0.564705882352941,0.172549019607843",Color/Palettes/Process/PANTONE/PANTONE+/PantonePlusColorBridgeCoated.xml,2026-02-11 17:29:00
PANTONE 371 CP,1005,1700,true,40.0,10.0,98.0,59.0,"0.4,0.1,0.98,0.59","0.4115,0.449490196078431,0.634313725490196",88,103,36,#586724,"0.345098039215686,0.403921568627451,0.141176470588235","0.364705882352941,0.403921568627451,0.180392156862745",Color/Palettes/Process/PANTONE/PANTONE+/PantonePlusColorBridgeCoated.xml,2026-02-11 17:29:00
PANTONE 372 CP,1006,1700,true,15.0,0.0,53.0,0.0,"0.15,0.0,0.53,0.0","0.8737,0.451921568627451,0.648509803921569",214,226,145,#D6E291,"0.83921568627451,0.886274509803922,0.568627450980392","0.847058823529412,0.882352941176471,0.580392156862745",Color/Palettes/Process/PANTONE/PANTONE+/PantonePlusColorBridgeCoated.xml,2026-02-11 17:29:00
PANTONE 373 CP,1007,1700,true,18.0,0.0,60.0,0.0,"0.18,0.0,0.6,0.0","0.8596,0.446117647058824,0.659294117647059",208,222,136,#D0DE88,"0.815686274509804,0.870588235294118,0.533333333333333","0.827450980392157,0.870588235294118,0.545098039215686",Color/Palettes/Process/PANTONE/PANTONE+/PantonePlusColorBridgeCoated.xml,2026-02-11 17:29:00
PANTONE 374 CP,1008,1700,true,23.0,0.0,69.0,0.0,"0.23,0.0,0.69,0.0","0.8368,0.436274509803922,0.66843137254902",198,217,125,#C6D97D,"0.776470588235294,0.850980392156863,0.490196078431373","0.792156862745098,0.847058823529412,0.505882352941176",Color/Palettes/Process/PANTONE/PANTONE+/PantonePlusColorBridgeCoated.xml,2026-02-11 17:29:00
PANTONE 375 CP,1009,1700,true,40.0,0.0,98.0,0.0,"0.4,0.0,0.98,0.0","0.7545,0.39678431372549,0.728941176470588",161,200,66,#A1C842,"0.631372549019608,0.784313725490196,0.258823529411765","0.670588235294118,0.776470588235294,0.309803921568627",Color/Palettes/Process/PANTONE/PANTONE+/PantonePlusColorBridgeCoated.xml,2026-02-11 17:29:00
PANTONE 376 CP,1010,1700,true,48.0,0.0,100.0,1.0,"0.48,0.0,1.0,0.01","0.7163,0.376862745098039,0.74043137254902",141,191,46,#8DBF2E,"0.552941176470588,0.749019607843137,0.180392156862745","0.611764705882353,0.745098039215686,0.250980392156863",Color/Palettes/Process/PANTONE/PANTONE+/PantonePlusColorBridgeCoated.xml,2026-02-11 17:29:00
PANTONE 377 CP,1011,1700,true,41.0,0.0,100.0,22.0,"0.41,0.0,1.0,0.22","0.6283,0.401450980392157,0.72278431372549",128,164,34,#80A422,"0.501960784313725,0.643137254901961,0.133333333333333","0.541176470588235,0.63921568627451,0.203921568627451",Color/Palettes/Process/PANTONE/PANTONE+/PantonePlusColorBridgeCoated.xml,2026-02-11 17:29:00
PANTONE 378 CP,1012,1700,true,32.0,9.0,100.0,60.0,"0.32,0.09,1.0,0.6","0.4296,0.45721568627451,0.639686274509804",96,107,38,#606B26,"0.376470588235294,0.419607843137255,0.149019607843137","0.388235294117647,0.419607843137255,0.184313725490196",Color/Palettes/Process/PANTONE/PANTONE+/PantonePlusColorBridgeCoated.xml,2026-02-11 17:29:00
PANTONE 580 CP,1013,1700,true,21.0,0.0,38.0,0.0,"0.21,0.0,0.38,0.0","0.8401,0.448549019607843,0.619137254901961",199,217,151,#C7D997,"0.780392156862745,0.850980392156863,0.592156862745098","0.796078431372549,0.847058823529412,0.6",Color/Palettes/Process/PANTONE/PANTONE+/PantonePlusColorBridgeCoated.xml,2026-02-11 17:29:00
PANTONE 579 CP,1014,1700,true,25.0,1.0,42.0,0.0,"0.25,0.01,0.42,0.0","0.8219,0.444274509803922,0.615803921568628",192,213,148,#C0D594,"0.752941176470588,0.835294117647059,0.580392156862745","0.768627450980392,0.827450980392157,0.588235294117647",Color/Palettes/Process/PANTONE/PANTONE+/PantonePlusColorBridgeCoated.xml,2026-02-11 17:29:00
PANTONE 578 CP,1015,1700,true,28.0,1.0,44.0,0.0,"0.28,0.01,0.44,0.0","0.8139,0.440078431372549,0.621529411764706",188,211,143,#BCD38F,"0.737254901960784,0.827450980392157,0.56078431372549","0.756862745098039,0.823529411764706,0.568627450980392",Color/Palettes/Process/PANTONE/PANTONE+/PantonePlusColorBridgeCoated.xml,2026-02-11 17:29:00
PANTONE 577 CP,1016,1700,true,34.0,3.0,55.0,1.0,"0.34,0.03,0.55,0.01","0.7657,0.432823529411765,0.638588235294118",173,198,121,#ADC679,"0.67843137254902,0.776470588235294,0.474509803921569","0.701960784313725,0.772549019607843,0.490196078431373",Color/Palettes/Process/PANTONE/PANTONE+/PantonePlusColorBridgeCoated.xml,2026-02-11 17:29:00
PANTONE 576 CP,1017,1700,true,48.0,6.0,79.0,17.0,"0.48,0.06,0.79,0.17","0.6219,0.42,0.653764705882353",129,161,76,#81A14C,"0.505882352941176,0.631372549019608,0.298039215686275","0.541176470588235,0.623529411764706,0.325490196078431",Color/Palettes/Process/PANTONE/PANTONE+/PantonePlusColorBridgeCoated.xml,2026-02-11 17:29:00
PANTONE 575 CP,1018,1700,true,47.0,9.0,86.0,35.0,"0.47,0.09,0.86,0.35","0.528,0.433647058823529,0.650039215686274",111,135,55,#6F8737,"0.435294117647059,0.529411764705882,0.215686274509804","0.462745098039216,0.52156862745098,0.250980392156863",Color/Palettes/Process/PANTONE/PANTONE+/PantonePlusColorBridgeCoated.xml,2026-02-11 17:29:00
PANTONE 574 CP,1019,1700,true,49.0,22.0,85.0,58.0,"0.49,0.22,0.85,0.58","0.3958,0.463960784313726,0.614313725490196",88,98,43,#58622B,"0.345098039215686,0.384313725490196,0.168627450980392","0.356862745098039,0.384313725490196,0.196078431372549",Color/Palettes/Process/PANTONE/PANTONE+/PantonePlusColorBridgeCoated.xml,2026-02-11 17:29:00
PANTONE 5807 CP,1020,1700,true,16.0,6.0,31.0,0.0,"0.16,0.06,0.31,0.0","0.8326,0.48278431372549,0.588901960784314",209,210,165,#D1D2A5,"0.819607843137255,0.823529411764706,0.647058823529412","0.815686274509804,0.819607843137255,0.647058823529412",Color/Palettes/Process/PANTONE/PANTONE+/PantonePlusColorBridgeCoated.xml,2026-02-11 17:29:00
PANTONE 5797 CP,1021,1700,true,20.0,9.0,39.0,0.0,"0.2,0.09,0.39,0.0","0.7968,0.481921568627451,0.595921568627451",200,200,151,#C8C897,"0.784313725490196,0.784313725490196,0.592156862745098","0.776470588235294,0.780392156862745,0.596078431372549",Color/Palettes/Process/PANTONE/PANTONE+/PantonePlusColorBridgeCoated.xml,2026-02-11 17:29:00
PANTONE 5787 CP,1022,1700,true,24.0,12.0,46.0,3.0,"0.24,0.12,0.46,0.03","0.7446,0.481686274509804,0.603843137254902",186,186,134,#BABA86,"0.729411764705882,0.729411764705882,0.525490196078431","0.72156862745098,0.72156862745098,0.529411764705882",Color/Palettes/Process/PANTONE/PANTONE+/PantonePlusColorBridgeCoated.xml,2026-02-11 17:29:00
PANTONE 5777 CP,1023,1700,true,30.0,16.0,60.0,11.0,"0.3,0.16,0.6,0.11","0.6568,0.476666666666667,0.622313725490196",161,163,102,#A1A366,"0.631372549019608,0.63921568627451,0.4","0.627450980392157,0.631372549019608,0.411764705882353",Color/Palettes/Process/PANTONE/PANTONE+/PantonePlusColorBridgeCoated.xml,2026-02-11 17:29:00
PANTONE 5767 CP,1024,1700,true,33.0,18.0,75.0,25.0,"0.33,0.18,0.75,0.25","0.5715,0.477411764705882,0.641411764705882",140,140,72,#8C8C48,"0.549019607843137,0.549019607843137,0.282352941176471","0.545098039215686,0.545098039215686,0.301960784313725",Color/Palettes/Process/PANTONE/PANTONE+/PantonePlusColorBridgeCoated.xml,2026-02-11 17:29:00
PANTONE 5757 CP,1025,1700,true,32.0,17.0,89.0,46.0,"0.32,0.17,0.89,0.46","0.4869,0.471098039215686,0.648039215686275",116,119,48,#747730,"0.454901960784314,0.466666666666667,0.188235294117647","0.454901960784314,0.466666666666667,0.219607843137255",Color/Palettes/Process/PANTONE/PANTONE+/PantonePlusColorBridgeCoated.xml,2026-02-11 17:29:00
PANTONE 5747 CP,1026,1700,true,39.0,19.0,96.0,76.0,"0.39,0.19,0.96,0.76","0.3103,0.474980392156863,0.595607843137255",71,76,33,#474C21,"0.27843137254902,0.298039215686275,0.129411764705882","0.290196078431373,0.301960784313725,0.16078431372549",Color/Palettes/Process/PANTONE/PANTONE+/PantonePlusColorBridgeCoated.xml,2026-02-11 17:29:00
PANTONE 5875 CP,1027,1700,true,14.0,8.0,37.0,0.0,"0.14,0.08,0.37,0.0","0.8199,0.493294117647059,0.607803921568628",212,205,152,#D4CD98,"0.831372549019608,0.803921568627451,0.596078431372549","0.819607843137255,0.796078431372549,0.6",Color/Palettes/Process/PANTONE/PANTONE+/PantonePlusColorBridgeCoated.xml,2026-02-11 17:29:00
PANTONE 5865 CP,1028,1700,true,17.0,10.0,43.0,1.0,"0.17,0.1,0.43,0.01","0.7898,0.491882352941176,0.614470588235294",204,197,141,#CCC58D,"0.8,0.772549019607843,0.552941176470588","0.788235294117647,0.764705882352941,0.556862745098039",Color/Palettes/Process/PANTONE/PANTONE+/PantonePlusColorBridgeCoated.xml,2026-02-11 17:29:00
PANTONE 5855 CP,1029,1700,true,21.0,14.0,47.0,3.0,"0.21,0.14,0.47,0.03","0.7495,0.491607843137255,0.610980392156863",192,186,132,#C0BA84,"0.752941176470588,0.729411764705882,0.517647058823529","0.741176470588235,0.72156862745098,0.525490196078431",Color/Palettes/Process/PANTONE/PANTONE+/PantonePlusColorBridgeCoated.xml,2026-02-11 17:29:00
PANTONE 5845 CP,1030,1700,true,24.0,18.0,57.0,8.0,"0.24,0.18,0.57,0.08","0.6848,0.490078431372549,0.626039215686274",175,168,108,#AFA86C,"0.686274509803922,0.658823529411765,0.423529411764706","0.670588235294118,0.654901960784314,0.435294117647059",Color/Palettes/Process/PANTONE/PANTONE+/PantonePlusColorBridgeCoated.xml,2026-02-11 17:29:00
PANTONE 5835 CP,1031,1700,true,26.0,20.0,67.0,16.0,"0.26,0.2,0.67,0.16","0.6336,0.491450980392157,0.640509803921569",163,154,88,#A39A58,"0.63921568627451,0.603921568627451,0.345098039215686","0.623529411764706,0.6,0.36078431372549",Color/Palettes/Process/PANTONE/PANTONE+/PantonePlusColorBridgeCoated.xml,2026-02-11 17:29:00
PANTONE 5825 CP,1032,1700,true,26.0,22.0,80.0,32.0,"0.26,0.22,0.8,0.32","0.552,0.487254901960784,0.644980392156863",139,134,66,#8B8642,"0.545098039215686,0.525490196078431,0.258823529411765","0.537254901960784,0.52156862745098,0.282352941176471",Color/Palettes/Process/PANTONE/PANTONE+/PantonePlusColorBridgeCoated.xml,2026-02-11 17:29:00
PANTONE 5815 CP,1033,1700,true,29.0,29.0,91.0,65.0,"0.29,0.29,0.91,0.65","0.3739,0.490627450980392,0.615176470588235",93,89,39,#5D5927,"0.364705882352941,0.349019607843137,0.152941176470588","0.36078431372549,0.352941176470588,0.180392156862745",Color/Palettes/Process/PANTONE/PANTONE+/PantonePlusColorBridgeCoated.xml,2026-02-11 17:29:00
PANTONE 5803 CP,1034,1700,true,21.0,11.0,32.0,0.0,"0.21,0.11,0.32,0.0","0.7953,0.484,0.579725490196078",198,200,159,#C6C89F,"0.776470588235294,0.784313725490196,0.623529411764706","0.772549019607843,0.776470588235294,0.623529411764706",Color/Palettes/Process/PANTONE/PANTONE+/PantonePlusColorBridgeCoated.xml,2026-02-11 17:29:00
PANTONE 5793 CP,1035,1700,true,27.0,14.0,38.0,2.0,"0.27,0.14,0.38,0.02","0.7395,0.476705882352941,0.582156862745098",180,185,143,#B4B98F,"0.705882352941177,0.725490196078431,0.56078431372549","0.705882352941177,0.72156862745098,0.564705882352941",Color/Palettes/Process/PANTONE/PANTONE+/PantonePlusColorBridgeCoated.xml,2026-02-11 17:29:00
PANTONE 5783 CP,1036,1700,true,32.0,18.0,47.0,7.0,"0.32,0.18,0.47,0.07","0.6886,0.475254901960784,0.591294117647059",166,172,125,#A6AC7D,"0.650980392156863,0.674509803921569,0.490196078431373","0.650980392156863,0.666666666666667,0.498039215686275",Color/Palettes/Process/PANTONE/PANTONE+/PantonePlusColorBridgeCoated.xml,2026-02-11 17:29:00
PANTONE 5773 CP,1037,1700,true,38.0,22.0,59.0,18.0,"0.38,0.22,0.59,0.18","0.5976,0.474274509803922,0.604901960784314",143,148,96,#8F9460,"0.56078431372549,0.580392156862745,0.376470588235294","0.56078431372549,0.572549019607843,0.388235294117647",Color/Palettes/Process/PANTONE/PANTONE+/PantonePlusColorBridgeCoated.xml,2026-02-11 17:29:00
PANTONE 5763 CP,1038,1700,true,41.0,23.0,69.0,31.0,"0.41,0.23,0.69,0.31","0.5212,0.47156862745098,0.611333333333333",122,128,74,#7A804A,"0.47843137254902,0.501960784313725,0.290196078431373","0.482352941176471,0.498039215686275,0.305882352941176",Color/Palettes/Process/PANTONE/PANTONE+/PantonePlusColorBridgeCoated.xml,2026-02-11 17:29:00
PANTONE 5753 CP,1039,1700,true,44.0,24.0,80.0,47.0,"0.44,0.24,0.8,0.47","0.4483,0.471490196078431,0.615372549019608",104,110,55,#686E37,"0.407843137254902,0.431372549019608,0.215686274509804","0.415686274509804,0.427450980392157,0.23921568627451",Color/Palettes/Process/PANTONE/PANTONE+/PantonePlusColorBridgeCoated.xml,2026-02-11 17:29:00
PANTONE 5743 CP,1040,1700,true,49.0,26.0,88.0,70.0,"0.49,0.26,0.88,0.7","0.3238,0.46956862745098,0.598196078431373",72,80,35,#485023,"0.282352941176471,0.313725490196078,0.137254901960784","0.298039215686275,0.317647058823529,0.164705882352941",Color/Palettes/Process/PANTONE/PANTONE+/PantonePlusColorBridgeCoated.xml,2026-02-11 17:29:00
PANTONE 7492 CP,1041,1700,true,24.0,3.0,54.0,1.0,"0.24,0.03,0.54,0.01","0.8102,0.452,0.650549019607843",196,208,127,#C4D07F,"0.768627450980392,0.815686274509804,0.498039215686275","0.776470588235294,0.811764705882353,0.513725490196078",Color/Palettes/Process/PANTONE/PANTONE+/PantonePlusColorBridgeCoated.xml,2026-02-11 17:29:00
PANTONE 7493 CP,1042,1700,true,25.0,8.0,43.0,1.0,"0.25,0.08,0.43,0.01","0.7875,0.467058823529412,0.604627450980392",191,200,144,#BFC890,"0.749019607843137,0.784313725490196,0.564705882352941","0.752941176470588,0.776470588235294,0.572549019607843",Color/Palettes/Process/PANTONE/PANTONE+/PantonePlusColorBridgeCoated.xml,2026-02-11 17:29:00
PANTONE 7494 CP,1043,1700,true,38.0,13.0,45.0,5.0,"0.38,0.13,0.45,0.05","0.6993,0.45956862745098,0.581686274509804",161,177,132,#A1B184,"0.631372549019608,0.694117647058824,0.517647058823529","0.643137254901961,0.690196078431373,0.52156862745098",Color/Palettes/Process/PANTONE/PANTONE+/PantonePlusColorBridgeCoated.xml,2026-02-11 17:29:00
PANTONE 7495 CP,1044,1700,true,33.0,10.0,83.0,21.0,"0.33,0.1,0.83,0.21","0.6256,0.454117647058824,0.677490196078431",148,157,66,#949D42,"0.580392156862745,0.615686274509804,0.258823529411765","0.584313725490196,0.611764705882353,0.290196078431373",Color/Palettes/Process/PANTONE/PANTONE+/PantonePlusColorBridgeCoated.xml,2026-02-11 17:29:00
PANTONE 7496 CP,1045,1700,true,35.0,0.0,100.0,37.0,"0.35,0.0,1.0,0.37","0.5725,0.431882352941176,0.712901960784314",126,146,26,#7E921A,"0.494117647058824,0.572549019607843,0.101960784313725","0.513725490196078,0.568627450980392,0.176470588235294",Color/Palettes/Process/PANTONE/PANTONE+/PantonePlusColorBridgeCoated.xml,2026-02-11 17:29:00
PANTONE 7497 CP,1046,1700,true,38.0,36.0,58.0,29.0,"0.38,0.36,0.58,0.29","0.504,0.506823529411765,0.586117647058824",130,119,82,#827752,"0.509803921568627,0.466666666666667,0.32156862745098","0.494117647058824,0.462745098039216,0.333333333333333",Color/Palettes/Process/PANTONE/PANTONE+/PantonePlusColorBridgeCoated.xml,2026-02-11 17:29:00
PANTONE 7498 CP,1047,1700,true,43.0,25.0,81.0,51.0,"0.43,0.25,0.81,0.51","0.4335,0.475647058823529,0.611137254901961",102,106,54,#666A36,"0.4,0.415686274509804,0.211764705882353","0.403921568627451,0.411764705882353,0.235294117647059",Color/Palettes/Process/PANTONE/PANTONE+/PantonePlusColorBridgeCoated.xml,2026-02-11 17:29:00
PANTONE 7744 CP,1048,1700,true,21.0,2.0,97.0,9.0,"0.21,0.02,0.97,0.09","0.7368,0.451764705882353,0.774078431372549",183,187,27,#B7BB1B,"0.717647058823529,0.733333333333333,0.105882352941176","0.717647058823529,0.729411764705882,0.203921568627451",Color/Palettes/Process/PANTONE/PANTONE+/PantonePlusColorBridgeCoated.xml,2026-02-11 17:29:00
PANTONE 7745 CP,1049,1700,true,23.0,5.0,95.0,16.0,"0.23,0.05,0.95,0.16","0.685,0.458509803921569,0.747882352941177",170,172,35,#AAAC23,"0.666666666666667,0.674509803921569,0.137254901960784","0.662745098039216,0.670588235294118,0.211764705882353",Color/Palettes/Process/PANTONE/PANTONE+/PantonePlusColorBridgeCoated.xml,2026-02-11 17:29:00
PANTONE 7746 CP,1050,1700,true,26.0,10.0,90.0,24.0,"0.26,0.1,0.9,0.24","0.6192,0.462078431372549,0.712392156862745",152,154,43,#989A2B,"0.596078431372549,0.603921568627451,0.168627450980392","0.592156862745098,0.6,0.223529411764706",Color/Palettes/Process/PANTONE/PANTONE+/PantonePlusColorBridgeCoated.xml,2026-02-11 17:29:00
PANTONE 7747 CP,1051,1700,true,29.0,12.0,89.0,31.0,"0.29,0.12,0.89,0.31","0.5732,0.463058823529412,0.68921568627451",138,142,46,#8A8E2E,"0.541176470588235,0.556862745098039,0.180392156862745","0.541176470588235,0.552941176470588,0.223529411764706",Color/Palettes/Process/PANTONE/PANTONE+/PantonePlusColorBridgeCoated.xml,2026-02-11 17:29:00
PANTONE 7748 CP,1052,1700,true,31.0,15.0,86.0,37.0,"0.31,0.15,0.86,0.37","0.5306,0.466509803921569,0.659137254901961",126,131,52,#7E8334,"0.494117647058824,0.513725490196078,0.203921568627451","0.498039215686275,0.509803921568627,0.23921568627451",Color/Palettes/Process/PANTONE/PANTONE+/PantonePlusColorBridgeCoated.xml,2026-02-11 17:29:00
PANTONE 7749 CP,1053,1700,true,33.0,21.0,83.0,43.0,"0.33,0.21,0.83,0.43","0.4845,0.476901960784314,0.63",117,118,57,#757639,"0.458823529411765,0.462745098039216,0.223529411764706","0.454901960784314,0.458823529411765,0.247058823529412",Color/Palettes/Process/PANTONE/PANTONE+/PantonePlusColorBridgeCoated.xml,2026-02-11 17:29:00
PANTONE 7750 CP,1054,1700,true,37.0,26.0,81.0,49.0,"0.37,0.26,0.81,0.49","0.4447,0.480196078431373,0.616",107,108,54,#6B6C36,"0.419607843137255,0.423529411764706,0.211764705882353","0.419607843137255,0.419607843137255,0.235294117647059",Color/Palettes/Process/PANTONE/PANTONE+/PantonePlusColorBridgeCoated.xml,2026-02-11 17:29:00
PANTONE 379 CP,1055,1700,true,9.0,0.0,69.0,0.0,"0.09,0.0,0.69,0.0","0.8931,0.461098039215686,0.73078431372549",231,229,106,#E7E56A,"0.905882352941176,0.898039215686275,0.415686274509804","0.898039215686275,0.894117647058824,0.447058823529412",Color/Palettes/Process/PANTONE/PANTONE+/PantonePlusColorBridgeCoated.xml,2026-02-11 17:29:00
PANTONE 380 CP,1056,1700,true,13.0,0.0,83.0,0.0,"0.13,0.0,0.83,0.0","0.8774,0.454039215686275,0.75521568627451",224,226,87,#E0E257,"0.87843137254902,0.886274509803922,0.341176470588235","0.87843137254902,0.882352941176471,0.384313725490196",Color/Palettes/Process/PANTONE/PANTONE+/PantonePlusColorBridgeCoated.xml,2026-02-11 17:29:00
PANTONE 381 CP,1057,1700,true,18.0,0.0,99.0,0.0,"0.18,0.0,0.99,0.0","0.8439,0.440156862745098,0.810627450980392",212,218,27,#D4DA1B,"0.831372549019608,0.854901960784314,0.105882352941176","0.831372549019608,0.850980392156863,0.227450980392157",Color/Palettes/Process/PANTONE/PANTONE+/PantonePlusColorBridgeCoated.xml,2026-02-11 17:29:00
PANTONE 382 CP,1058,1700,true,22.0,0.0,100.0,0.0,"0.22,0.0,1.0,0.0","0.8215,0.431254901960784,0.820745098039216",201,213,0,#C9D500,"0.788235294117647,0.835294117647059,0.0","0.8,0.831372549019608,0.176470588235294",Color/Palettes/Process/PANTONE/PANTONE+/PantonePlusColorBridgeCoated.xml,2026-02-11 17:29:00
PANTONE 383 CP,1059,1700,true,19.0,0.0,100.0,18.0,"0.19,0.0,1.0,0.18","0.7097,0.436235294117647,0.780901960784314",170,182,0,#AAB600,"0.666666666666667,0.713725490196078,0.0","0.674509803921569,0.705882352941177,0.156862745098039",Color/Palettes/Process/PANTONE/PANTONE+/PantonePlusColorBridgeCoated.xml,2026-02-11 17:29:00
PANTONE 384 CP,1060,1700,true,14.0,0.0,100.0,35.0,"0.14,0.0,1.0,0.35","0.6281,0.457058823529412,0.751764705882353",154,157,3,#9A9D03,"0.603921568627451,0.615686274509804,0.0117647058823529","0.603921568627451,0.611764705882353,0.145098039215686",Color/Palettes/Process/PANTONE/PANTONE+/PantonePlusColorBridgeCoated.xml,2026-02-11 17:29:00
PANTONE 385 CP,1061,1700,true,17.0,15.0,96.0,52.0,"0.17,0.15,0.96,0.52","0.4891,0.48443137254902,0.664705882352941",123,118,40,#7B7628,"0.482352941176471,0.462745098039216,0.156862745098039","0.474509803921569,0.458823529411765,0.196078431372549",Color/Palettes/Process/PANTONE/PANTONE+/PantonePlusColorBridgeCoated.xml,2026-02-11 17:29:00
PANTONE 386 CP,1062,1700,true,6.0,0.0,67.0,0.0,"0.06,0.0,0.67,0.0","0.9092,0.467607843137255,0.726745098039216",238,233,113,#EEE971,"0.933333333333333,0.913725490196078,0.443137254901961","0.925490196078431,0.909803921568627,0.474509803921569",Color/Palettes/Process/PANTONE/PANTONE+/PantonePlusColorBridgeCoated.xml,2026-02-11 17:29:00
PANTONE 387 CP,1063,1700,true,10.0,0.0,86.0,0.0,"0.1,0.0,0.86,0.0","0.8891,0.458745098039216,0.765176470588235",231,228,84,#E7E454,"0.905882352941176,0.894117647058824,0.329411764705882","0.898039215686275,0.890196078431372,0.376470588235294",Color/Palettes/Process/PANTONE/PANTONE+/PantonePlusColorBridgeCoated.xml,2026-02-11 17:29:00
PANTONE 388 CP,1064,1700,true,11.0,0.0,91.0,0.0,"0.11,0.0,0.91,0.0","0.8825,0.455803921568627,0.780039215686275",228,227,72,#E4E348,"0.894117647058824,0.890196078431372,0.282352941176471","0.890196078431372,0.886274509803922,0.341176470588235",Color/Palettes/Process/PANTONE/PANTONE+/PantonePlusColorBridgeCoated.xml,2026-02-11 17:29:00
PANTONE 389 CP,1065,1700,true,15.0,0.0,99.0,0.0,"0.15,0.0,0.99,0.0","0.8483,0.442666666666667,0.828117647058824",215,219,0,#D7DB00,"0.843137254901961,0.858823529411765,0.0","0.843137254901961,0.854901960784314,0.188235294117647",Color/Palettes/Process/PANTONE/PANTONE+/PantonePlusColorBridgeCoated.xml,2026-02-11 17:29:00
PANTONE 390 CP,1066,1700,true,20.0,0.0,100.0,8.0,"0.2,0.0,1.0,0.08","0.7749,0.436078431372549,0.807019607843137",189,199,0,#BDC700,"0.741176470588235,0.780392156862745,0.0","0.749019607843137,0.776470588235294,0.16078431372549",Color/Palettes/Process/PANTONE/PANTONE+/PantonePlusColorBridgeCoated.xml,2026-02-11 17:29:00
PANTONE 391 CP,1067,1700,true,10.0,0.0,100.0,35.0,"0.1,0.0,1.0,0.35","0.6396,0.461137254901961,0.761686274509804",160,159,0,#A09F00,"0.627450980392157,0.623529411764706,0.0","0.619607843137255,0.619607843137255,0.133333333333333",Color/Palettes/Process/PANTONE/PANTONE+/PantonePlusColorBridgeCoated.xml,2026-02-11 17:29:00
PANTONE 392 CP,1068,1700,true,9.0,7.0,100.0,49.0,"0.09,0.07,1.0,0.49","0.5379,0.481882352941176,0.717137254901961",138,130,13,#8A820D,"0.541176470588235,0.509803921568627,0.0509803921568627","0.525490196078431,0.505882352941176,0.141176470588235",Color/Palettes/Process/PANTONE/PANTONE+/PantonePlusColorBridgeCoated.xml,2026-02-11 17:29:00
PANTONE 587 CP,1069,1700,true,7.0,0.0,51.0,0.0,"0.07,0.0,0.51,0.0","0.9068,0.466627450980392,0.685450980392157",233,232,135,#E9E887,"0.913725490196078,0.909803921568627,0.529411764705882","0.913725490196078,0.909803921568627,0.549019607843137",Color/Palettes/Process/PANTONE/PANTONE+/PantonePlusColorBridgeCoated.xml,2026-02-11 17:29:00
PANTONE 586 CP,1070,1700,true,9.0,0.0,59.0,0.0,"0.09,0.0,0.59,0.0","0.8949,0.461647058823529,0.719607843137255",231,230,113,#E7E671,"0.905882352941176,0.901960784313726,0.443137254901961","0.901960784313726,0.898039215686275,0.470588235294118",Color/Palettes/Process/PANTONE/PANTONE+/PantonePlusColorBridgeCoated.xml,2026-02-11 17:29:00
PANTONE 585 CP,1071,1700,true,12.0,0.0,64.0,0.0,"0.12,0.0,0.64,0.0","0.8839,0.456901960784314,0.732666666666667",226,227,103,#E2E367,"0.886274509803922,0.890196078431372,0.403921568627451","0.886274509803922,0.886274509803922,0.435294117647059",Color/Palettes/Process/PANTONE/PANTONE+/PantonePlusColorBridgeCoated.xml,2026-02-11 17:29:00
PANTONE 584 CP,1072,1700,true,17.0,0.0,75.0,0.0,"0.17,0.0,0.75,0.0","0.8555,0.44556862745098,0.770392156862745",215,221,70,#D7DD46,"0.843137254901961,0.866666666666667,0.274509803921569","0.847058823529412,0.862745098039216,0.333333333333333",Color/Palettes/Process/PANTONE/PANTONE+/PantonePlusColorBridgeCoated.xml,2026-02-11 17:29:00
PANTONE 583 CP,1073,1700,true,24.0,0.0,99.0,6.0,"0.24,0.0,0.99,0.06","0.759,0.441686274509804,0.797098039215686",187,194,0,#BBC200,"0.733333333333333,0.76078431372549,0.0","0.733333333333333,0.756862745098039,0.168627450980392",Color/Palettes/Process/PANTONE/PANTONE+/PantonePlusColorBridgeCoated.xml,2026-02-11 17:29:00
PANTONE 582 CP,1074,1700,true,16.0,4.0,100.0,37.0,"0.16,0.04,1.0,0.37","0.5909,0.468196078431373,0.739450980392157",148,146,5,#949205,"0.580392156862745,0.572549019607843,0.0196078431372549","0.572549019607843,0.568627450980392,0.141176470588235",Color/Palettes/Process/PANTONE/PANTONE+/PantonePlusColorBridgeCoated.xml,2026-02-11 17:29:00
PANTONE 581 CP,1075,1700,true,22.0,21.0,96.0,60.0,"0.22,0.21,0.96,0.6","0.4231,0.486392156862745,0.664588235294118",107,101,23,#6B6517,"0.419607843137255,0.396078431372549,0.0901960784313725","0.411764705882353,0.396078431372549,0.141176470588235",Color/Palettes/Process/PANTONE/PANTONE+/PantonePlusColorBridgeCoated.xml,2026-02-11 17:29:00
PANTONE 393 CP,1076,1700,true,3.0,0.0,63.0,0.0,"0.03,0.0,0.63,0.0","0.9195,0.472980392156863,0.723764705882353",243,235,118,#F3EB76,"0.952941176470588,0.92156862745098,0.462745098039216","0.941176470588235,0.917647058823529,0.490196078431373",Color/Palettes/Process/PANTONE/PANTONE+/PantonePlusColorBridgeCoated.xml,2026-02-11 17:29:00
PANTONE 394 CP,1077,1700,true,5.0,0.0,84.0,0.0,"0.05,0.0,0.84,0.0","0.9102,0.469450980392157,0.774313725490196",242,232,85,#F2E855,"0.949019607843137,0.909803921568627,0.333333333333333","0.937254901960784,0.909803921568627,0.380392156862745",Color/Palettes/Process/PANTONE/PANTONE+/PantonePlusColorBridgeCoated.xml,2026-02-11 17:29:00
PANTONE 395 CP,1078,1700,true,6.0,0.0,92.0,0.0,"0.06,0.0,0.92,0.0","0.9,0.464980392156863,0.806392156862745",239,230,57,#EFE639,"0.937254901960784,0.901960784313726,0.223529411764706","0.925490196078431,0.898039215686275,0.301960784313725",Color/Palettes/Process/PANTONE/PANTONE+/PantonePlusColorBridgeCoated.xml,2026-02-11 17:29:00
PANTONE 396 CP,1079,1700,true,7.0,0.0,100.0,0.0,"0.07,0.0,1.0,0.0","0.8826,0.459333333333333,0.85756862745098",234,226,0,#EAE200,"0.917647058823529,0.886274509803922,0.0","0.905882352941176,0.882352941176471,0.137254901960784",Color/Palettes/Process/PANTONE/PANTONE+/PantonePlusColorBridgeCoated.xml,2026-02-11 17:29:00
PANTONE 397 CP,1080,1700,true,11.0,0.0,100.0,13.0,"0.11,0.0,1.0,0.13","0.7718,0.453882352941176,0.814509803921569",197,196,0,#C5C400,"0.772549019607843,0.768627450980392,0.0","0.764705882352941,0.764705882352941,0.137254901960784",Color/Palettes/Process/PANTONE/PANTONE+/PantonePlusColorBridgeCoated.xml,2026-02-11 17:29:00
PANTONE 398 CP,1081,1700,true,8.0,0.0,100.0,26.0,"0.08,0.0,1.0,0.26","0.7009,0.463647058823529,0.787058823529412",179,175,0,#B3AF00,"0.701960784313725,0.686274509803922,0.0","0.690196078431373,0.682352941176471,0.133333333333333",Color/Palettes/Process/PANTONE/PANTONE+/PantonePlusColorBridgeCoated.xml,2026-02-11 17:29:00
PANTONE 399 CP,1082,1700,true,2.0,5.0,100.0,36.0,"0.02,0.05,1.0,0.36","0.6317,0.483803921568627,0.759176470588235",166,154,0,#A69A00,"0.650980392156863,0.603921568627451,0.0","0.631372549019608,0.6,0.133333333333333",Color/Palettes/Process/PANTONE/PANTONE+/PantonePlusColorBridgeCoated.xml,2026-02-11 17:29:00
PANTONE 3935 CP,1083,1700,true,2.0,0.0,72.0,0.0,"0.02,0.0,0.72,0.0","0.9196,0.475058823529412,0.767411764705882",247,234,92,#F7EA5C,"0.968627450980392,0.917647058823529,0.36078431372549","0.952941176470588,0.917647058823529,0.403921568627451",Color/Palettes/Process/PANTONE/PANTONE+/PantonePlusColorBridgeCoated.xml,2026-02-11 17:29:00
PANTONE 3945 CP,1084,1700,true,2.0,0.0,98.0,0.0,"0.02,0.0,0.98,0.0","0.9033,0.468823529411765,0.850549019607843",244,230,0,#F4E600,"0.956862745098039,0.901960784313726,0.0","0.937254901960784,0.901960784313726,0.196078431372549",Color/Palettes/Process/PANTONE/PANTONE+/PantonePlusColorBridgeCoated.xml,2026-02-11 17:29:00
PANTONE 3955 CP,1085,1700,true,2.0,0.0,100.0,0.0,"0.02,0.0,1.0,0.0","0.9033,0.470509803921569,0.876313725490196",245,230,0,#F5E600,"0.96078431372549,0.901960784313726,0.0","0.945098039215686,0.898039215686275,0.0862745098039216",Color/Palettes/Process/PANTONE/PANTONE+/PantonePlusColorBridgeCoated.xml,2026-02-11 17:29:00
PANTONE 3965 CP,1086,1700,true,2.0,0.0,100.0,1.0,"0.02,0.0,1.0,0.01","0.9031,0.470666666666667,0.877803921568627",245,230,0,#F5E600,"0.96078431372549,0.901960784313726,0.0","0.945098039215686,0.898039215686275,0.0784313725490196",Color/Palettes/Process/PANTONE/PANTONE+/PantonePlusColorBridgeCoated.xml,2026-02-11 17:29:00
PANTONE 3975 CP,1087,1700,true,3.0,6.0,100.0,23.0,"0.03,0.06,1.0,0.23","0.7184,0.503411764705882,0.805686274509804",200,174,0,#C8AE00,"0.784313725490196,0.682352941176471,0.0","0.752941176470588,0.67843137254902,0.0980392156862745",Color/Palettes/Process/PANTONE/PANTONE+/PantonePlusColorBridgeCoated.xml,2026-02-11 17:29:00
PANTONE 3985 CP,1088,1700,true,2.0,12.0,100.0,41.0,"0.02,0.12,1.0,0.41","0.588,0.502352941176471,0.74521568627451",160,140,0,#A08C00,"0.627450980392157,0.549019607843137,0.0","0.6,0.545098039215686,0.125490196078431",Color/Palettes/Process/PANTONE/PANTONE+/PantonePlusColorBridgeCoated.xml,2026-02-11 17:29:00
PANTONE 3995 CP,1089,1700,true,17.0,25.0,96.0,60.0,"0.17,0.25,0.96,0.6","0.4271,0.499294117647059,0.652901960784314",112,101,32,#706520,"0.43921568627451,0.396078431372549,0.125490196078431","0.423529411764706,0.396078431372549,0.164705882352941",Color/Palettes/Process/PANTONE/PANTONE+/PantonePlusColorBridgeCoated.xml,2026-02-11 17:29:00
PANTONE 600 CP,1090,1700,true,1.0,0.0,44.0,0.0,"0.01,0.0,0.44,0.0","0.9331,0.479686274509804,0.66756862745098",245,238,152,#F5EE98,"0.96078431372549,0.933333333333333,0.596078431372549","0.952941176470588,0.929411764705882,0.607843137254902",Color/Palettes/Process/PANTONE/PANTONE+/PantonePlusColorBridgeCoated.xml,2026-02-11 17:29:00
PANTONE 601 CP,1091,1700,true,2.0,0.0,49.0,0.0,"0.02,0.0,0.49,0.0","0.9313,0.478196078431373,0.683098039215686",246,238,143,#F6EE8F,"0.964705882352941,0.933333333333333,0.56078431372549","0.952941176470588,0.929411764705882,0.576470588235294",Color/Palettes/Process/PANTONE/PANTONE+/PantonePlusColorBridgeCoated.xml,2026-02-11 17:29:00
PANTONE 602 CP,1092,1700,true,2.0,0.0,59.0,0.0,"0.02,0.0,0.59,0.0","0.9267,0.476156862745098,0.714549019607843",246,236,125,#F6EC7D,"0.964705882352941,0.925490196078431,0.490196078431373","0.952941176470588,0.925490196078431,0.513725490196078",Color/Palettes/Process/PANTONE/PANTONE+/PantonePlusColorBridgeCoated.xml,2026-02-11 17:29:00
PANTONE 603 CP,1093,1700,true,4.0,0.0,78.0,0.0,"0.04,0.0,0.78,0.0","0.9124,0.46956862745098,0.760235294117647",242,233,94,#F2E95E,"0.949019607843137,0.913725490196078,0.368627450980392","0.937254901960784,0.909803921568627,0.411764705882353",Color/Palettes/Process/PANTONE/PANTONE+/PantonePlusColorBridgeCoated.xml,2026-02-11 17:29:00
PANTONE 604 CP,1094,1700,true,5.0,0.0,88.0,0.0,"0.05,0.0,0.88,0.0","0.8894,0.47321568627451,0.791176470588235",238,226,66,#EEE242,"0.933333333333333,0.886274509803922,0.258823529411765","0.917647058823529,0.882352941176471,0.325490196078431",Color/Palettes/Process/PANTONE/PANTONE+/PantonePlusColorBridgeCoated.xml,2026-02-11 17:29:00
PANTONE 605 CP,1095,1700,true,4.0,1.0,100.0,4.0,"0.04,0.01,1.0,0.04","0.8352,0.480862745098039,0.832705882352941",227,209,0,#E3D100,"0.890196078431372,0.819607843137255,0.0","0.866666666666667,0.815686274509804,0.164705882352941",Color/Palettes/Process/PANTONE/PANTONE+/PantonePlusColorBridgeCoated.xml,2026-02-11 17:29:00
PANTONE 606 CP,1096,1700,true,0.0,6.0,100.0,13.0,"0.0,0.06,1.0,0.13","0.7795,0.500862745098039,0.82556862745098",218,191,0,#DABF00,"0.854901960784314,0.749019607843137,0.0","0.823529411764706,0.745098039215686,0.113725490196078",Color/Palettes/Process/PANTONE/PANTONE+/PantonePlusColorBridgeCoated.xml,2026-02-11 17:29:00
PANTONE 607 CP,1097,1700,true,4.0,0.0,44.0,0.0,"0.04,0.0,0.44,0.0","0.9136,0.480117647058824,0.664117647058823",240,232,149,#F0E895,"0.941176470588235,0.909803921568627,0.584313725490196","0.929411764705882,0.909803921568627,0.596078431372549",Color/Palettes/Process/PANTONE/PANTONE+/PantonePlusColorBridgeCoated.xml,2026-02-11 17:29:00
PANTONE 608 CP,1098,1700,true,5.0,0.0,53.0,0.0,"0.05,0.0,0.53,0.0","0.8981,0.477686274509804,0.68478431372549",236,228,134,#ECE486,"0.925490196078431,0.894117647058824,0.525490196078431","0.913725490196078,0.894117647058824,0.541176470588235",Color/Palettes/Process/PANTONE/PANTONE+/PantonePlusColorBridgeCoated.xml,2026-02-11 17:29:00
PANTONE 609 CP,1099,1700,true,7.0,0.0,60.0,0.0,"0.07,0.0,0.6,0.0","0.8849,0.47878431372549,0.704078431372549",234,224,120,#EAE078,"0.917647058823529,0.87843137254902,0.470588235294118","0.901960784313726,0.874509803921569,0.490196078431373",Color/Palettes/Process/PANTONE/PANTONE+/PantonePlusColorBridgeCoated.xml,2026-02-11 17:29:00
PANTONE 610 CP,1100,1700,true,10.0,3.0,74.0,0.0,"0.1,0.03,0.74,0.0","0.853,0.476313725490196,0.731647058823529",225,216,95,#E1D85F,"0.882352941176471,0.847058823529412,0.372549019607843","0.870588235294118,0.843137254901961,0.407843137254902",Color/Palettes/Process/PANTONE/PANTONE+/PantonePlusColorBridgeCoated.xml,2026-02-11 17:29:00
PANTONE 611 CP,1101,1700,true,11.0,5.0,90.0,4.0,"0.11,0.05,0.9,0.04","0.8012,0.480156862745098,0.764039215686274",213,201,60,#D5C93C,"0.835294117647059,0.788235294117647,0.235294117647059","0.819607843137255,0.780392156862745,0.294117647058824",Color/Palettes/Process/PANTONE/PANTONE+/PantonePlusColorBridgeCoated.xml,2026-02-11 17:29:00
PANTONE 612 CP,1102,1700,true,4.0,5.0,100.0,17.0,"0.04,0.05,1.0,0.17","0.728,0.491607843137255,0.796",198,179,0,#C6B300,"0.776470588235294,0.701960784313725,0.0","0.749019607843137,0.694117647058824,0.145098039215686",Color/Palettes/Process/PANTONE/PANTONE+/PantonePlusColorBridgeCoated.xml,2026-02-11 17:29:00
PANTONE 613 CP,1103,1700,true,1.0,9.0,100.0,28.0,"0.01,0.09,1.0,0.28","0.6687,0.506901960784314,0.778313725490196",186,160,0,#BAA000,"0.729411764705882,0.627450980392157,0.0","0.698039215686274,0.623529411764706,0.125490196078431",Color/Palettes/Process/PANTONE/PANTONE+/PantonePlusColorBridgeCoated.xml,2026-02-11 17:29:00
PANTONE 461 CP,1104,1700,true,4.0,1.0,43.0,0.0,"0.04,0.01,0.43,0.0","0.8957,0.488039215686275,0.657411764705882",237,226,147,#EDE293,"0.929411764705882,0.886274509803922,0.576470588235294","0.913725490196078,0.882352941176471,0.588235294117647",Color/Palettes/Process/PANTONE/PANTONE+/PantonePlusColorBridgeCoated.xml,2026-02-11 17:29:00
PANTONE 460 CP,1105,1700,true,7.0,4.0,55.0,0.0,"0.07,0.04,0.55,0.0","0.8635,0.489647058823529,0.688470588235294",231,217,123,#E7D97B,"0.905882352941176,0.850980392156863,0.482352941176471","0.886274509803922,0.847058823529412,0.498039215686275",Color/Palettes/Process/PANTONE/PANTONE+/PantonePlusColorBridgeCoated.xml,2026-02-11 17:29:00
PANTONE 459 CP,1106,1700,true,9.0,8.0,67.0,1.0,"0.09,0.08,0.67,0.01","0.8235,0.495882352941176,0.724666666666667",224,204,92,#E0CC5C,"0.87843137254902,0.8,0.36078431372549","0.854901960784314,0.796078431372549,0.392156862745098",Color/Palettes/Process/PANTONE/PANTONE+/PantonePlusColorBridgeCoated.xml,2026-02-11 17:29:00
PANTONE 458 CP,1107,1700,true,10.0,9.0,71.0,2.0,"0.1,0.09,0.71,0.02","0.8024,0.495882352941176,0.731529411764706",218,199,83,#DAC753,"0.854901960784314,0.780392156862745,0.325490196078431","0.831372549019608,0.772549019607843,0.36078431372549",Color/Palettes/Process/PANTONE/PANTONE+/PantonePlusColorBridgeCoated.xml,2026-02-11 17:29:00
PANTONE 457 CP,1108,1700,true,7.0,16.0,96.0,22.0,"0.07,0.16,0.96,0.22","0.6553,0.51478431372549,0.754509803921569",184,156,22,#B89C16,"0.72156862745098,0.611764705882353,0.0862745098039216","0.686274509803922,0.603921568627451,0.172549019607843",Color/Palettes/Process/PANTONE/PANTONE+/PantonePlusColorBridgeCoated.xml,2026-02-11 17:29:00
PANTONE 456 CP,1109,1700,true,12.0,20.0,91.0,29.0,"0.12,0.2,0.91,0.29","0.5957,0.507137254901961,0.715333333333333",163,142,36,#A38E24,"0.63921568627451,0.556862745098039,0.141176470588235","0.611764705882353,0.549019607843137,0.196078431372549",Color/Palettes/Process/PANTONE/PANTONE+/PantonePlusColorBridgeCoated.xml,2026-02-11 17:29:00
PANTONE 455 CP,1110,1700,true,18.0,30.0,94.0,59.0,"0.18,0.3,0.94,0.59","0.4041,0.510862745098039,0.638196078431373",109,94,35,#6D5E23,"0.427450980392157,0.368627450980392,0.137254901960784","0.411764705882353,0.368627450980392,0.168627450980392",Color/Palettes/Process/PANTONE/PANTONE+/PantonePlusColorBridgeCoated.xml,2026-02-11 17:29:00
PANTONE 614 CP,1111,1700,true,11.0,5.0,41.0,0.0,"0.11,0.05,0.41,0.0","0.8535,0.488745098039216,0.63078431372549",222,215,150,#DED796,"0.870588235294118,0.843137254901961,0.588235294117647","0.858823529411765,0.835294117647059,0.596078431372549",Color/Palettes/Process/PANTONE/PANTONE+/PantonePlusColorBridgeCoated.xml,2026-02-11 17:29:00
PANTONE 615 CP,1112,1700,true,13.0,8.0,48.0,0.0,"0.13,0.08,0.48,0.0","0.8298,0.488823529411765,0.642313725490196",217,208,137,#D9D089,"0.850980392156863,0.815686274509804,0.537254901960784","0.835294117647059,0.811764705882353,0.549019607843137",Color/Palettes/Process/PANTONE/PANTONE+/PantonePlusColorBridgeCoated.xml,2026-02-11 17:29:00
PANTONE 616 CP,1113,1700,true,15.0,9.0,52.0,1.0,"0.15,0.09,0.52,0.01","0.8043,0.489254901960784,0.651490196078431",210,201,126,#D2C97E,"0.823529411764706,0.788235294117647,0.494117647058824","0.807843137254902,0.780392156862745,0.505882352941176",Color/Palettes/Process/PANTONE/PANTONE+/PantonePlusColorBridgeCoated.xml,2026-02-11 17:29:00
PANTONE 617 CP,1114,1700,true,19.0,13.0,66.0,6.0,"0.19,0.13,0.66,0.06","0.7317,0.488901960784314,0.677764705882353",192,181,94,#C0B55E,"0.752941176470588,0.709803921568627,0.368627450980392","0.733333333333333,0.701960784313725,0.388235294117647",Color/Palettes/Process/PANTONE/PANTONE+/PantonePlusColorBridgeCoated.xml,2026-02-11 17:29:00
PANTONE 618 CP,1115,1700,true,19.0,16.0,82.0,18.0,"0.19,0.16,0.82,0.18","0.6508,0.491098039215686,0.706117647058824",171,159,57,#AB9F39,"0.670588235294118,0.623529411764706,0.223529411764706","0.650980392156863,0.615686274509804,0.262745098039216",Color/Palettes/Process/PANTONE/PANTONE+/PantonePlusColorBridgeCoated.xml,2026-02-11 17:29:00
PANTONE 619 CP,1116,1700,true,16.0,16.0,91.0,28.0,"0.16,0.16,0.91,0.28","0.6035,0.493176470588235,0.72043137254902",160,146,34,#A09222,"0.627450980392157,0.572549019607843,0.133333333333333","0.607843137254902,0.564705882352941,0.192156862745098",Color/Palettes/Process/PANTONE/PANTONE+/PantonePlusColorBridgeCoated.xml,2026-02-11 17:29:00
PANTONE 620 CP,1117,1700,true,10.0,16.0,98.0,44.0,"0.1,0.16,0.98,0.44","0.537,0.499411764705882,0.70678431372549",143,128,25,#8F8019,"0.56078431372549,0.501960784313725,0.0980392156862745","0.541176470588235,0.498039215686275,0.16078431372549",Color/Palettes/Process/PANTONE/PANTONE+/PantonePlusColorBridgeCoated.xml,2026-02-11 17:29:00
PANTONE 7751 CP,1118,1700,true,13.0,15.0,76.0,7.0,"0.13,0.15,0.76,0.07","0.7421,0.504078431372549,0.692117647058824",202,181,89,#CAB559,"0.792156862745098,0.709803921568627,0.349019607843137","0.764705882352941,0.705882352941177,0.372549019607843",Color/Palettes/Process/PANTONE/PANTONE+/PantonePlusColorBridgeCoated.xml,2026-02-11 17:29:00
PANTONE 7752 CP,1119,1700,true,7.0,16.0,91.0,10.0,"0.07,0.16,0.91,0.1","0.7353,0.517137254901961,0.734823529411765",207,177,63,#CFB13F,"0.811764705882353,0.694117647058824,0.247058823529412","0.776470588235294,0.686274509803922,0.290196078431373",Color/Palettes/Process/PANTONE/PANTONE+/PantonePlusColorBridgeCoated.xml,2026-02-11 17:29:00
PANTONE 7753 CP,1120,1700,true,7.0,20.0,93.0,18.0,"0.07,0.2,0.93,0.18","0.6886,0.52321568627451,0.720039215686275",195,164,60,#C3A43C,"0.764705882352941,0.643137254901961,0.235294117647059","0.729411764705882,0.635294117647059,0.274509803921569",Color/Palettes/Process/PANTONE/PANTONE+/PantonePlusColorBridgeCoated.xml,2026-02-11 17:29:00
PANTONE 7754 CP,1121,1700,true,11.0,25.0,90.0,31.0,"0.11,0.25,0.9,0.31","0.5801,0.520509803921569,0.681411764705882",162,136,54,#A28836,"0.635294117647059,0.533333333333333,0.211764705882353","0.6,0.529411764705882,0.247058823529412",Color/Palettes/Process/PANTONE/PANTONE+/PantonePlusColorBridgeCoated.xml,2026-02-11 17:29:00
PANTONE 7755 CP,1122,1700,true,18.0,27.0,86.0,40.0,"0.18,0.27,0.86,0.4","0.5156,0.511882352941176,0.663450980392157",140,121,48,#8C7930,"0.549019607843137,0.474509803921569,0.188235294117647","0.525490196078431,0.470588235294118,0.219607843137255",Color/Palettes/Process/PANTONE/PANTONE+/PantonePlusColorBridgeCoated.xml,2026-02-11 17:29:00
PANTONE 7756 CP,1123,1700,true,27.0,32.0,81.0,46.0,"0.27,0.32,0.81,0.46","0.4552,0.506745098039216,0.641058823529412",121,107,45,#796B2D,"0.474509803921569,0.419607843137255,0.176470588235294","0.454901960784314,0.415686274509804,0.207843137254902",Color/Palettes/Process/PANTONE/PANTONE+/PantonePlusColorBridgeCoated.xml,2026-02-11 17:29:00
PANTONE 7757 CP,1124,1700,true,31.0,34.0,81.0,52.0,"0.31,0.34,0.81,0.52","0.4153,0.502941176470588,0.632392156862745",109,98,40,#6D6228,"0.427450980392157,0.384313725490196,0.156862745098039","0.411764705882353,0.384313725490196,0.188235294117647",Color/Palettes/Process/PANTONE/PANTONE+/PantonePlusColorBridgeCoated.xml,2026-02-11 17:29:00
PANTONE 7758 CP,1125,1700,true,9.0,6.0,96.0,7.0,"0.09,0.06,0.96,0.07","0.791,0.483607843137255,0.771176470588235",212,197,52,#D4C534,"0.831372549019608,0.772549019607843,0.203921568627451","0.811764705882353,0.768627450980392,0.266666666666667",Color/Palettes/Process/PANTONE/PANTONE+/PantonePlusColorBridgeCoated.xml,2026-02-11 17:29:00
PANTONE 7759 CP,1126,1700,true,8.0,6.0,100.0,16.0,"0.08,0.06,1.0,0.16","0.726,0.490941176470588,0.767411764705882",196,178,33,#C4B221,"0.768627450980392,0.698039215686274,0.129411764705882","0.745098039215686,0.694117647058824,0.211764705882353",Color/Palettes/Process/PANTONE/PANTONE+/PantonePlusColorBridgeCoated.xml,2026-02-11 17:29:00
PANTONE 7760 CP,1127,1700,true,19.0,19.0,89.0,34.0,"0.19,0.19,0.89,0.34","0.5647,0.495882352941176,0.656549019607843",147,136,63,#93883F,"0.576470588235294,0.533333333333333,0.247058823529412","0.556862745098039,0.529411764705882,0.274509803921569",Color/Palettes/Process/PANTONE/PANTONE+/PantonePlusColorBridgeCoated.xml,2026-02-11 17:29:00
PANTONE 7761 CP,1128,1700,true,31.0,24.0,82.0,42.0,"0.31,0.24,0.82,0.42","0.4899,0.485686274509804,0.608666666666667",120,118,68,#787644,"0.470588235294118,0.462745098039216,0.266666666666667","0.466666666666667,0.462745098039216,0.286274509803922",Color/Palettes/Process/PANTONE/PANTONE+/PantonePlusColorBridgeCoated.xml,2026-02-11 17:29:00
PANTONE 7762 CP,1129,1700,true,44.0,27.0,78.0,48.0,"0.44,0.27,0.78,0.48","0.4339,0.475450980392157,0.588862745098039",100,106,64,#646A40,"0.392156862745098,0.415686274509804,0.250980392156863","0.396078431372549,0.415686274509804,0.266666666666667",Color/Palettes/Process/PANTONE/PANTONE+/PantonePlusColorBridgeCoated.xml,2026-02-11 17:29:00
PANTONE 7763 CP,1130,1700,true,47.0,33.0,74.0,50.0,"0.47,0.33,0.74,0.5","0.4051,0.487333333333333,0.57721568627451",96,98,63,#60623F,"0.376470588235294,0.384313725490196,0.247058823529412","0.380392156862745,0.384313725490196,0.262745098039216",Color/Palettes/Process/PANTONE/PANTONE+/PantonePlusColorBridgeCoated.xml,2026-02-11 17:29:00
PANTONE 7764 CP,1131,1700,true,46.0,36.0,77.0,55.0,"0.46,0.36,0.77,0.55","0.3841,0.490117647058824,0.584156862745098",93,92,55,#5D5C37,"0.364705882352941,0.36078431372549,0.215686274509804","0.364705882352941,0.36078431372549,0.235294117647059",Color/Palettes/Process/PANTONE/PANTONE+/PantonePlusColorBridgeCoated.xml,2026-02-11 17:29:00
PANTONE 7765 CP,1132,1700,true,17.0,7.0,93.0,13.0,"0.17,0.07,0.93,0.13","0.7238,0.474313725490196,0.739333333333333",187,180,55,#BBB437,"0.733333333333333,0.705882352941177,0.215686274509804","0.72156862745098,0.701960784313725,0.266666666666667",Color/Palettes/Process/PANTONE/PANTONE+/PantonePlusColorBridgeCoated.xml,2026-02-11 17:29:00
PANTONE 7766 CP,1133,1700,true,15.0,9.0,94.0,18.0,"0.15,0.09,0.94,0.18","0.6982,0.480862745098039,0.72756862745098",182,173,56,#B6AD38,"0.713725490196078,0.67843137254902,0.219607843137255","0.698039215686274,0.670588235294118,0.266666666666667",Color/Palettes/Process/PANTONE/PANTONE+/PantonePlusColorBridgeCoated.xml,2026-02-11 17:29:00
PANTONE 7767 CP,1134,1700,true,18.0,15.0,89.0,21.0,"0.18,0.15,0.89,0.21","0.6518,0.486862745098039,0.69121568627451",169,160,66,#A9A042,"0.662745098039216,0.627450980392157,0.258823529411765","0.647058823529412,0.619607843137255,0.290196078431373",Color/Palettes/Process/PANTONE/PANTONE+/PantonePlusColorBridgeCoated.xml,2026-02-11 17:29:00
PANTONE 7768 CP,1135,1700,true,21.0,24.0,83.0,34.0,"0.21,0.24,0.83,0.34","0.5437,0.504078431372549,0.639607843137255",143,129,67,#8F8143,"0.56078431372549,0.505882352941176,0.262745098039216","0.541176470588235,0.501960784313725,0.282352941176471",Color/Palettes/Process/PANTONE/PANTONE+/PantonePlusColorBridgeCoated.xml,2026-02-11 17:29:00
PANTONE 7769 CP,1136,1700,true,28.0,36.0,79.0,48.0,"0.28,0.36,0.79,0.48","0.4338,0.513529411764706,0.596235294117647",115,101,61,#73653D,"0.450980392156863,0.396078431372549,0.23921568627451","0.435294117647059,0.396078431372549,0.258823529411765",Color/Palettes/Process/PANTONE/PANTONE+/PantonePlusColorBridgeCoated.xml,2026-02-11 17:29:00
PANTONE 7770 CP,1137,1700,true,37.0,40.0,74.0,50.0,"0.37,0.4,0.74,0.5","0.4071,0.506078431372549,0.576627450980392",104,96,64,#686040,"0.407843137254902,0.376470588235294,0.250980392156863","0.396078431372549,0.376470588235294,0.262745098039216",Color/Palettes/Process/PANTONE/PANTONE+/PantonePlusColorBridgeCoated.xml,2026-02-11 17:29:00
PANTONE 7771 CP,1138,1700,true,48.0,44.0,74.0,59.0,"0.48,0.44,0.74,0.59","0.3385,0.499803921568627,0.554823529411765",83,80,57,#535039,"0.325490196078431,0.313725490196078,0.223529411764706","0.325490196078431,0.317647058823529,0.23921568627451",Color/Palettes/Process/PANTONE/PANTONE+/PantonePlusColorBridgeCoated.xml,2026-02-11 17:29:00
PANTONE 4545 CP,1139,1700,true,12.0,11.0,36.0,0.0,"0.12,0.11,0.36,0.0","0.8171,0.501921568627451,0.601411764705882",215,203,155,#D7CB9B,"0.843137254901961,0.796078431372549,0.607843137254902","0.823529411764706,0.788235294117647,0.611764705882353",Color/Palettes/Process/PANTONE/PANTONE+/PantonePlusColorBridgeCoated.xml,2026-02-11 17:29:00
PANTONE 4535 CP,1140,1700,true,15.0,13.0,42.0,1.0,"0.15,0.13,0.42,0.01","0.7947,0.501411764705882,0.605960784313726",209,197,146,#D1C592,"0.819607843137255,0.772549019607843,0.572549019607843","0.8,0.764705882352941,0.580392156862745",Color/Palettes/Process/PANTONE/PANTONE+/PantonePlusColorBridgeCoated.xml,2026-02-11 17:29:00
PANTONE 4525 CP,1141,1700,true,17.0,17.0,49.0,4.0,"0.17,0.17,0.49,0.04","0.7516,0.502980392156863,0.610509803921569",197,184,133,#C5B885,"0.772549019607843,0.72156862745098,0.52156862745098","0.752941176470588,0.717647058823529,0.525490196078431",Color/Palettes/Process/PANTONE/PANTONE+/PantonePlusColorBridgeCoated.xml,2026-02-11 17:29:00
PANTONE 4515 CP,1142,1700,true,20.0,22.0,59.0,10.0,"0.2,0.22,0.59,0.1","0.6792,0.50356862745098,0.616941176470588",178,165,111,#B2A56F,"0.698039215686274,0.647058823529412,0.435294117647059","0.67843137254902,0.63921568627451,0.443137254901961",Color/Palettes/Process/PANTONE/PANTONE+/PantonePlusColorBridgeCoated.xml,2026-02-11 17:29:00
PANTONE 4505 CP,1143,1700,true,20.0,27.0,75.0,26.0,"0.2,0.27,0.75,0.26","0.5849,0.510549019607843,0.630627450980392",156,139,81,#9C8B51,"0.611764705882353,0.545098039215686,0.317647058823529","0.588235294117647,0.541176470588235,0.333333333333333",Color/Palettes/Process/PANTONE/PANTONE+/PantonePlusColorBridgeCoated.xml,2026-02-11 17:29:00
PANTONE 4495 CP,1144,1700,true,17.0,29.0,84.0,37.0,"0.17,0.29,0.84,0.37","0.5435,0.510980392156863,0.632941176470588",145,128,70,#918046,"0.568627450980392,0.501960784313725,0.274509803921569","0.545098039215686,0.498039215686275,0.294117647058824",Color/Palettes/Process/PANTONE/PANTONE+/PantonePlusColorBridgeCoated.xml,2026-02-11 17:29:00
PANTONE 4485 CP,1145,1700,true,21.0,40.0,90.0,61.0,"0.21,0.4,0.9,0.61","0.397,0.513647058823529,0.602352941176471",106,92,50,#6A5C32,"0.415686274509804,0.36078431372549,0.196078431372549","0.4,0.36078431372549,0.219607843137255",Color/Palettes/Process/PANTONE/PANTONE+/PantonePlusColorBridgeCoated.xml,2026-02-11 17:29:00
PANTONE 454 CP,1146,1700,true,17.0,12.0,29.0,0.0,"0.17,0.12,0.29,0.0","0.7915,0.500745098039216,0.582274509803921",205,196,157,#CDC49D,"0.803921568627451,0.768627450980392,0.615686274509804","0.788235294117647,0.764705882352941,0.615686274509804",Color/Palettes/Process/PANTONE/PANTONE+/PantonePlusColorBridgeCoated.xml,2026-02-11 17:29:00
PANTONE 453 CP,1147,1700,true,20.0,16.0,37.0,2.0,"0.2,0.16,0.37,0.02","0.7455,0.502352941176471,0.592235294117647",194,183,140,#C2B78C,"0.76078431372549,0.717647058823529,0.549019607843137","0.741176470588235,0.713725490196078,0.552941176470588",Color/Palettes/Process/PANTONE/PANTONE+/PantonePlusColorBridgeCoated.xml,2026-02-11 17:29:00
PANTONE 452 CP,1148,1700,true,24.0,20.0,48.0,6.0,"0.24,0.2,0.48,0.06","0.6838,0.501450980392157,0.598235294117647",177,167,121,#B1A779,"0.694117647058824,0.654901960784314,0.474509803921569","0.674509803921569,0.647058823529412,0.482352941176471",Color/Palettes/Process/PANTONE/PANTONE+/PantonePlusColorBridgeCoated.xml,2026-02-11 17:29:00
PANTONE 451 CP,1149,1700,true,27.0,24.0,61.0,16.0,"0.27,0.24,0.61,0.16","0.6003,0.508470588235294,0.61556862745098",158,143,92,#9E8F5C,"0.619607843137255,0.56078431372549,0.36078431372549","0.6,0.556862745098039,0.372549019607843",Color/Palettes/Process/PANTONE/PANTONE+/PantonePlusColorBridgeCoated.xml,2026-02-11 17:29:00
PANTONE 450 CP,1150,1700,true,25.0,42.0,88.0,64.0,"0.25,0.42,0.88,0.64","0.3381,0.525529411764706,0.598078431372549",95,76,39,#5F4C27,"0.372549019607843,0.298039215686275,0.152941176470588","0.356862745098039,0.301960784313725,0.180392156862745",Color/Palettes/Process/PANTONE/PANTONE+/PantonePlusColorBridgeCoated.xml,2026-02-11 17:29:00
PANTONE 449 CP,1151,1700,true,29.0,43.0,87.0,67.0,"0.29,0.43,0.87,0.67","0.3236,0.516549019607843,0.591176470588235",88,74,39,#584A27,"0.345098039215686,0.290196078431373,0.152941176470588","0.333333333333333,0.294117647058824,0.176470588235294",Color/Palettes/Process/PANTONE/PANTONE+/PantonePlusColorBridgeCoated.xml,2026-02-11 17:29:00
PANTONE 448 CP,1152,1700,true,39.0,47.0,81.0,67.0,"0.39,0.47,0.81,0.67","0.3103,0.512862745098039,0.582549019607843",83,71,40,#534728,"0.325490196078431,0.27843137254902,0.156862745098039","0.317647058823529,0.286274509803922,0.180392156862745",Color/Palettes/Process/PANTONE/PANTONE+/PantonePlusColorBridgeCoated.xml,2026-02-11 17:29:00
PANTONE 7499 CP,1153,1700,true,1.0,1.0,29.0,0.0,"0.01,0.01,0.29,0.0","0.923,0.49121568627451,0.629137254901961",244,234,169,#F4EAA9,"0.956862745098039,0.917647058823529,0.662745098039216","0.945098039215686,0.913725490196078,0.670588235294118",Color/Palettes/Process/PANTONE/PANTONE+/PantonePlusColorBridgeCoated.xml,2026-02-11 17:29:00
PANTONE 7500 CP,1154,1700,true,7.0,10.0,31.0,0.0,"0.07,0.1,0.31,0.0","0.8428,0.510627450980392,0.605450980392157",226,208,160,#E2D0A0,"0.886274509803922,0.815686274509804,0.627450980392157","0.862745098039216,0.811764705882353,0.631372549019608",Color/Palettes/Process/PANTONE/PANTONE+/PantonePlusColorBridgeCoated.xml,2026-02-11 17:29:00
PANTONE 7501 CP,1155,1700,true,10.0,14.0,36.0,0.0,"0.1,0.14,0.36,0.0","0.8129,0.513843137254902,0.61121568627451",220,199,149,#DCC795,"0.862745098039216,0.780392156862745,0.584313725490196","0.835294117647059,0.776470588235294,0.588235294117647",Color/Palettes/Process/PANTONE/PANTONE+/PantonePlusColorBridgeCoated.xml,2026-02-11 17:29:00
PANTONE 7502 CP,1156,1700,true,13.0,20.0,45.0,3.0,"0.13,0.2,0.45,0.03","0.754,0.520156862745098,0.62356862745098",206,182,128,#CEB680,"0.807843137254902,0.713725490196078,0.501960784313725","0.780392156862745,0.709803921568627,0.505882352941176",Color/Palettes/Process/PANTONE/PANTONE+/PantonePlusColorBridgeCoated.xml,2026-02-11 17:29:00
PANTONE 7503 CP,1157,1700,true,23.0,26.0,57.0,13.0,"0.23,0.26,0.57,0.13","0.6434,0.510274509803922,0.628352941176471",172,154,97,#AC9A61,"0.674509803921569,0.603921568627451,0.380392156862745","0.650980392156863,0.6,0.392156862745098",Color/Palettes/Process/PANTONE/PANTONE+/PantonePlusColorBridgeCoated.xml,2026-02-11 17:29:00
PANTONE 7504 CP,1158,1700,true,26.0,41.0,54.0,22.0,"0.26,0.41,0.54,0.22","0.5486,0.535254901960784,0.592156862745098",153,126,91,#997E5B,"0.6,0.494117647058824,0.356862745098039","0.564705882352941,0.490196078431373,0.364705882352941",Color/Palettes/Process/PANTONE/PANTONE+/PantonePlusColorBridgeCoated.xml,2026-02-11 17:29:00
PANTONE 7505 CP,1159,1700,true,23.0,48.0,69.0,38.0,"0.23,0.48,0.69,0.38","0.4758,0.543921568627451,0.618745098039216",138,106,62,#8A6A3E,"0.541176470588235,0.415686274509804,0.243137254901961","0.505882352941176,0.415686274509804,0.258823529411765",Color/Palettes/Process/PANTONE/PANTONE+/PantonePlusColorBridgeCoated.xml,2026-02-11 17:29:00
PANTONE 468 CP,1160,1700,true,8.0,14.0,33.0,0.0,"0.08,0.14,0.33,0.0","0.8238,0.514666666666667,0.598941176470588",222,202,158,#DECA9E,"0.870588235294118,0.792156862745098,0.619607843137255","0.843137254901961,0.788235294117647,0.623529411764706",Color/Palettes/Process/PANTONE/PANTONE+/PantonePlusColorBridgeCoated.xml,2026-02-11 17:29:00
PANTONE 467 CP,1161,1700,true,11.0,19.0,42.0,2.0,"0.11,0.19,0.42,0.02","0.7701,0.521450980392157,0.608352941176471",210,187,139,#D2BB8B,"0.823529411764706,0.733333333333333,0.545098039215686","0.796078431372549,0.725490196078431,0.549019607843137",Color/Palettes/Process/PANTONE/PANTONE+/PantonePlusColorBridgeCoated.xml,2026-02-11 17:29:00
PANTONE 466 CP,1162,1700,true,13.0,25.0,52.0,6.0,"0.13,0.25,0.52,0.06","0.7076,0.527882352941176,0.615764705882353",196,169,120,#C4A978,"0.768627450980392,0.662745098039216,0.470588235294118","0.733333333333333,0.654901960784314,0.474509803921569",Color/Palettes/Process/PANTONE/PANTONE+/PantonePlusColorBridgeCoated.xml,2026-02-11 17:29:00
PANTONE 465 CP,1163,1700,true,13.0,31.0,63.0,12.0,"0.13,0.31,0.63,0.12","0.638,0.538313725490196,0.627647058823529",181,148,97,#B59461,"0.709803921568627,0.580392156862745,0.380392156862745","0.670588235294118,0.576470588235294,0.388235294117647",Color/Palettes/Process/PANTONE/PANTONE+/PantonePlusColorBridgeCoated.xml,2026-02-11 17:29:00
PANTONE 464 CP,1164,1700,true,7.0,53.0,89.0,42.0,"0.07,0.53,0.89,0.42","0.4437,0.567294117647059,0.629019607843137",138,94,50,#8A5E32,"0.541176470588235,0.368627450980392,0.196078431372549","0.494117647058824,0.368627450980392,0.219607843137255",Color/Palettes/Process/PANTONE/PANTONE+/PantonePlusColorBridgeCoated.xml,2026-02-11 17:29:00
PANTONE 463 CP,1165,1700,true,13.0,54.0,88.0,53.0,"0.13,0.54,0.88,0.53","0.3876,0.551450980392157,0.606117647058824",117,84,47,#75542F,"0.458823529411765,0.329411764705882,0.184313725490196","0.423529411764706,0.329411764705882,0.207843137254902",Color/Palettes/Process/PANTONE/PANTONE+/PantonePlusColorBridgeCoated.xml,2026-02-11 17:29:00
PANTONE 462 CP,1166,1700,true,27.0,52.0,82.0,61.0,"0.27,0.52,0.82,0.61","0.3244,0.525764705882353,0.576901960784314",91,73,46,#5B492E,"0.356862745098039,0.286274509803922,0.180392156862745","0.341176470588235,0.290196078431373,0.2",Color/Palettes/Process/PANTONE/PANTONE+/PantonePlusColorBridgeCoated.xml,2026-02-11 17:29:00
PANTONE 7506 CP,1167,1700,true,0.0,7.0,26.0,0.0,"0.0,0.07,0.26,0.0","0.8868,0.513529411764706,0.609647058823529",241,220,170,#F1DCAA,"0.945098039215686,0.862745098039216,0.666666666666667","0.92156862745098,0.858823529411765,0.670588235294118",Color/Palettes/Process/PANTONE/PANTONE+/PantonePlusColorBridgeCoated.xml,2026-02-11 17:29:00
PANTONE 7507 CP,1168,1700,true,0.0,12.0,39.0,0.0,"0.0,0.12,0.39,0.0","0.8505,0.526588235294118,0.653372549019608",240,207,138,#F0CF8A,"0.941176470588235,0.811764705882353,0.541176470588235","0.901960784313726,0.807843137254902,0.552941176470588",Color/Palettes/Process/PANTONE/PANTONE+/PantonePlusColorBridgeCoated.xml,2026-02-11 17:29:00
PANTONE 7508 CP,1169,1700,true,5.0,24.0,50.0,1.0,"0.05,0.24,0.5,0.01","0.7701,0.546549019607843,0.664117647058823",225,182,112,#E1B670,"0.882352941176471,0.713725490196078,0.43921568627451","0.831372549019608,0.705882352941177,0.454901960784314",Color/Palettes/Process/PANTONE/PANTONE+/PantonePlusColorBridgeCoated.xml,2026-02-11 17:29:00
PANTONE 7509 CP,1170,1700,true,5.0,31.0,63.0,5.0,"0.05,0.31,0.63,0.05","0.705,0.565294117647059,0.683019607843137",214,161,86,#D6A156,"0.83921568627451,0.631372549019608,0.337254901960784","0.780392156862745,0.627450980392157,0.356862745098039",Color/Palettes/Process/PANTONE/PANTONE+/PantonePlusColorBridgeCoated.xml,2026-02-11 17:29:00
PANTONE 7510 CP,1171,1700,true,4.0,41.0,79.0,14.0,"0.04,0.41,0.79,0.14","0.6225,0.582980392156863,0.696823529411765",196,136,59,#C4883B,"0.768627450980392,0.533333333333333,0.231372549019608","0.705882352941177,0.529411764705882,0.258823529411765",Color/Palettes/Process/PANTONE/PANTONE+/PantonePlusColorBridgeCoated.xml,2026-02-11 17:29:00
PANTONE 7511 CP,1172,1700,true,3.0,47.0,91.0,22.0,"0.03,0.47,0.91,0.22","0.5767,0.586549019607843,0.708470588235294",185,124,40,#B97C28,"0.725490196078431,0.486274509803922,0.156862745098039","0.662745098039216,0.482352941176471,0.2",Color/Palettes/Process/PANTONE/PANTONE+/PantonePlusColorBridgeCoated.xml,2026-02-11 17:29:00
PANTONE 7512 CP,1173,1700,true,0.0,54.0,100.0,31.0,"0.0,0.54,1.0,0.31","0.5114,0.596549019607843,0.709333333333333",169,105,22,#A96916,"0.662745098039216,0.411764705882353,0.0862745098039216","0.6,0.411764705882353,0.141176470588235",Color/Palettes/Process/PANTONE/PANTONE+/PantonePlusColorBridgeCoated.xml,2026-02-11 17:29:00
PANTONE 719 CP,1174,1700,true,1.0,18.0,31.0,0.0,"0.01,0.18,0.31,0.0","0.8224,0.549019607843137,0.612627450980392",237,196,152,#EDC498,"0.929411764705882,0.768627450980392,0.596078431372549","0.882352941176471,0.764705882352941,0.596078431372549",Color/Palettes/Process/PANTONE/PANTONE+/PantonePlusColorBridgeCoated.xml,2026-02-11 17:29:00
PANTONE 720 CP,1175,1700,true,2.0,26.0,43.0,0.0,"0.02,0.26,0.43,0.0","0.7706,0.565058823529412,0.628980392156863",229,179,130,#E5B382,"0.898039215686275,0.701960784313725,0.509803921568627","0.843137254901961,0.694117647058824,0.517647058823529",Color/Palettes/Process/PANTONE/PANTONE+/PantonePlusColorBridgeCoated.xml,2026-02-11 17:29:00
PANTONE 721 CP,1176,1700,true,4.0,34.0,54.0,3.0,"0.04,0.34,0.54,0.03","0.7015,0.58121568627451,0.64243137254902",216,157,106,#D89D6A,"0.847058823529412,0.615686274509804,0.415686274509804","0.784313725490196,0.611764705882353,0.427450980392157",Color/Palettes/Process/PANTONE/PANTONE+/PantonePlusColorBridgeCoated.xml,2026-02-11 17:29:00
PANTONE 722 CP,1177,1700,true,4.0,46.0,75.0,13.0,"0.04,0.46,0.75,0.13","0.596,0.607372549019608,0.671607843137255",196,125,67,#C47D43,"0.768627450980392,0.490196078431373,0.262745098039216","0.698039215686274,0.486274509803922,0.282352941176471",Color/Palettes/Process/PANTONE/PANTONE+/PantonePlusColorBridgeCoated.xml,2026-02-11 17:29:00
PANTONE 723 CP,1178,1700,true,1.0,55.0,94.0,25.0,"0.01,0.55,0.94,0.25","0.5048,0.614392156862745,0.678588235294118",172,100,41,#AC6429,"0.674509803921569,0.392156862745098,0.16078431372549","0.603921568627451,0.392156862745098,0.192156862745098",Color/Palettes/Process/PANTONE/PANTONE+/PantonePlusColorBridgeCoated.xml,2026-02-11 17:29:00
PANTONE 724 CP,1179,1700,true,0.0,64.0,100.0,41.0,"0.0,0.64,1.0,0.41","0.4081,0.622352941176471,0.668627450980392",147,74,24,#934A18,"0.576470588235294,0.290196078431373,0.0941176470588235","0.509803921568627,0.294117647058824,0.129411764705882",Color/Palettes/Process/PANTONE/PANTONE+/PantonePlusColorBridgeCoated.xml,2026-02-11 17:29:00
PANTONE 725 CP,1180,1700,true,0.0,68.0,100.0,53.0,"0.0,0.68,1.0,0.53","0.342,0.617764705882353,0.639529411764706",126,59,24,#7E3B18,"0.494117647058824,0.231372549019608,0.0941176470588235","0.435294117647059,0.243137254901961,0.125490196078431",Color/Palettes/Process/PANTONE/PANTONE+/PantonePlusColorBridgeCoated.xml,2026-02-11 17:29:00
PANTONE 475 CP,1181,1700,true,0.0,15.0,23.0,0.0,"0.0,0.15,0.23,0.0","0.8441,0.541333333333333,0.587333333333333",238,204,170,#EECCAA,"0.933333333333333,0.8,0.666666666666667","0.894117647058824,0.792156862745098,0.666666666666667",Color/Palettes/Process/PANTONE/PANTONE+/PantonePlusColorBridgeCoated.xml,2026-02-11 17:29:00
PANTONE 474 CP,1182,1700,true,0.0,20.0,28.0,0.0,"0.0,0.2,0.28,0.0","0.8203,0.552549019607843,0.600392156862745",237,195,157,#EDC39D,"0.929411764705882,0.764705882352941,0.615686274509804","0.882352941176471,0.76078431372549,0.615686274509804",Color/Palettes/Process/PANTONE/PANTONE+/PantonePlusColorBridgeCoated.xml,2026-02-11 17:29:00
PANTONE 473 CP,1183,1700,true,0.0,24.0,33.0,0.0,"0.0,0.24,0.33,0.0","0.8042,0.560117647058824,0.611372549019608",236,189,148,#ECBD94,"0.925490196078431,0.741176470588235,0.580392156862745","0.874509803921569,0.737254901960784,0.580392156862745",Color/Palettes/Process/PANTONE/PANTONE+/PantonePlusColorBridgeCoated.xml,2026-02-11 17:29:00
PANTONE 472 CP,1184,1700,true,0.0,40.0,54.0,1.0,"0.0,0.4,0.54,0.01","0.7208,0.606705882352941,0.64878431372549",231,158,109,#E79E6D,"0.905882352941176,0.619607843137255,0.427450980392157","0.831372549019608,0.611764705882353,0.435294117647059",Color/Palettes/Process/PANTONE/PANTONE+/PantonePlusColorBridgeCoated.xml,2026-02-11 17:29:00
PANTONE 471 CP,1185,1700,true,1.0,63.0,94.0,19.0,"0.01,0.63,0.94,0.19","0.5192,0.633921568627451,0.675647058823529",182,99,47,#B6632F,"0.713725490196078,0.388235294117647,0.184313725490196","0.635294117647059,0.388235294117647,0.211764705882353",Color/Palettes/Process/PANTONE/PANTONE+/PantonePlusColorBridgeCoated.xml,2026-02-11 17:29:00
PANTONE 470 CP,1186,1700,true,3.0,62.0,88.0,30.0,"0.03,0.62,0.88,0.3","0.4834,0.611058823529412,0.645607843137255",164,95,53,#A45F35,"0.643137254901961,0.372549019607843,0.207843137254902","0.576470588235294,0.376470588235294,0.227450980392157",Color/Palettes/Process/PANTONE/PANTONE+/PantonePlusColorBridgeCoated.xml,2026-02-11 17:29:00
PANTONE 469 CP,1187,1700,true,11.0,64.0,89.0,61.0,"0.11,0.64,0.89,0.61","0.3172,0.568078431372549,0.592235294117647",103,64,39,#674027,"0.403921568627451,0.250980392156863,0.152941176470588","0.368627450980392,0.258823529411765,0.172549019607843",Color/Palettes/Process/PANTONE/PANTONE+/PantonePlusColorBridgeCoated.xml,2026-02-11 17:29:00
PANTONE 726 CP,1188,1700,true,6.0,21.0,33.0,0.0,"0.06,0.21,0.33,0.0","0.7935,0.542823529411765,0.59878431372549",225,189,151,#E1BD97,"0.882352941176471,0.741176470588235,0.592156862745098","0.83921568627451,0.737254901960784,0.592156862745098",Color/Palettes/Process/PANTONE/PANTONE+/PantonePlusColorBridgeCoated.xml,2026-02-11 17:29:00
PANTONE 727 CP,1189,1700,true,8.0,26.0,39.0,2.0,"0.08,0.26,0.39,0.02","0.751,0.551882352941176,0.602313725490196",216,176,138,#D8B08A,"0.847058823529412,0.690196078431373,0.541176470588235","0.803921568627451,0.686274509803922,0.541176470588235",Color/Palettes/Process/PANTONE/PANTONE+/PantonePlusColorBridgeCoated.xml,2026-02-11 17:29:00
PANTONE 728 CP,1190,1700,true,10.0,32.0,49.0,6.0,"0.1,0.32,0.49,0.06","0.6872,0.561450980392157,0.61121568627451",202,157,117,#CA9D75,"0.792156862745098,0.615686274509804,0.458823529411765","0.745098039215686,0.611764705882353,0.466666666666667",Color/Palettes/Process/PANTONE/PANTONE+/PantonePlusColorBridgeCoated.xml,2026-02-11 17:29:00
PANTONE 729 CP,1191,1700,true,10.0,43.0,65.0,18.0,"0.1,0.43,0.65,0.18","0.5759,0.57556862745098,0.622313725490196",177,126,85,#B17E55,"0.694117647058824,0.494117647058824,0.333333333333333","0.63921568627451,0.490196078431373,0.341176470588235",Color/Palettes/Process/PANTONE/PANTONE+/PantonePlusColorBridgeCoated.xml,2026-02-11 17:29:00
PANTONE 730 CP,1192,1700,true,7.0,51.0,85.0,33.0,"0.07,0.51,0.85,0.33","0.4872,0.587882352941176,0.639686274509804",157,101,56,#9D6538,"0.615686274509804,0.396078431372549,0.219607843137255","0.56078431372549,0.396078431372549,0.23921568627451",Color/Palettes/Process/PANTONE/PANTONE+/PantonePlusColorBridgeCoated.xml,2026-02-11 17:29:00
PANTONE 731 CP,1193,1700,true,0.0,63.0,100.0,57.0,"0.0,0.63,1.0,0.57","0.359,0.598313725490196,0.644862745098039",125,68,24,#7D4418,"0.490196078431373,0.266666666666667,0.0941176470588235","0.43921568627451,0.274509803921569,0.129411764705882",Color/Palettes/Process/PANTONE/PANTONE+/PantonePlusColorBridgeCoated.xml,2026-02-11 17:29:00
PANTONE 732 CP,1194,1700,true,0.0,69.0,100.0,68.0,"0.0,0.69,1.0,0.68","0.2839,0.590941176470588,0.611450980392157",102,52,24,#663418,"0.4,0.203921568627451,0.0941176470588235","0.356862745098039,0.215686274509804,0.12156862745098",Color/Palettes/Process/PANTONE/PANTONE+/PantonePlusColorBridgeCoated.xml,2026-02-11 17:29:00
PANTONE 4685 CP,1195,1700,true,6.0,18.0,24.0,0.0,"0.06,0.18,0.24,0.0","0.8177,0.533411764705882,0.581529411764706",226,198,165,#E2C6A5,"0.886274509803922,0.776470588235294,0.647058823529412","0.854901960784314,0.768627450980392,0.647058823529412",Color/Palettes/Process/PANTONE/PANTONE+/PantonePlusColorBridgeCoated.xml,2026-02-11 17:29:00
PANTONE 4675 CP,1196,1700,true,8.0,21.0,27.0,0.0,"0.08,0.21,0.27,0.0","0.7899,0.541019607843137,0.582980392156863",221,189,157,#DDBD9D,"0.866666666666667,0.741176470588235,0.615686274509804","0.831372549019608,0.733333333333333,0.615686274509804",Color/Palettes/Process/PANTONE/PANTONE+/PantonePlusColorBridgeCoated.xml,2026-02-11 17:29:00
PANTONE 4665 CP,1197,1700,true,12.0,30.0,40.0,3.0,"0.12,0.3,0.4,0.03","0.7124,0.551254901960784,0.597764705882353",205,166,130,#CDA682,"0.803921568627451,0.650980392156863,0.509803921568627","0.756862745098039,0.647058823529412,0.513725490196078",Color/Palettes/Process/PANTONE/PANTONE+/PantonePlusColorBridgeCoated.xml,2026-02-11 17:29:00
PANTONE 4655 CP,1198,1700,true,14.0,37.0,47.0,8.0,"0.14,0.37,0.47,0.08","0.644,0.563450980392157,0.600039215686274",190,146,112,#BE9270,"0.745098039215686,0.572549019607843,0.43921568627451","0.694117647058824,0.568627450980392,0.443137254901961",Color/Palettes/Process/PANTONE/PANTONE+/PantonePlusColorBridgeCoated.xml,2026-02-11 17:29:00
PANTONE 4645 CP,1199,1700,true,14.0,44.0,59.0,18.0,"0.14,0.44,0.59,0.18","0.5734,0.570078431372549,0.617490196078431",174,126,86,#AE7E56,"0.682352941176471,0.494117647058824,0.337254901960784","0.631372549019608,0.490196078431373,0.349019607843137",Color/Palettes/Process/PANTONE/PANTONE+/PantonePlusColorBridgeCoated.xml,2026-02-11 17:29:00
PANTONE 4635 CP,1200,1700,true,11.0,54.0,76.0,34.0,"0.11,0.54,0.76,0.34","0.495,0.574313725490196,0.633490196078431",154,106,60,#9A6A3C,"0.603921568627451,0.415686274509804,0.235294117647059","0.552941176470588,0.411764705882353,0.254901960784314",Color/Palettes/Process/PANTONE/PANTONE+/PantonePlusColorBridgeCoated.xml,2026-02-11 17:29:00
PANTONE 4625 CP,1201,1700,true,14.0,75.0,91.0,76.0,"0.14,0.75,0.91,0.76","0.2832,0.562196078431373,0.586078431372549",92,58,34,#5C3A22,"0.36078431372549,0.227450980392157,0.133333333333333","0.333333333333333,0.235294117647059,0.156862745098039",Color/Palettes/Process/PANTONE/PANTONE+/PantonePlusColorBridgeCoated.xml,2026-02-11 17:29:00
PANTONE 7513 CP,1202,1700,true,5.0,27.0,22.0,0.0,"0.05,0.27,0.22,0.0","0.7692,0.566117647058824,0.570588235294118",224,179,158,#E0B39E,"0.87843137254902,0.701960784313725,0.619607843137255","0.827450980392157,0.694117647058824,0.615686274509804",Color/Palettes/Process/PANTONE/PANTONE+/PantonePlusColorBridgeCoated.xml,2026-02-11 17:29:00
PANTONE 7514 CP,1203,1700,true,8.0,35.0,40.0,3.0,"0.08,0.35,0.4,0.03","0.7044,0.576039215686274,0.604666666666667",212,159,125,#D49F7D,"0.831372549019608,0.623529411764706,0.490196078431373","0.776470588235294,0.619607843137255,0.494117647058824",Color/Palettes/Process/PANTONE/PANTONE+/PantonePlusColorBridgeCoated.xml,2026-02-11 17:29:00
PANTONE 7515 CP,1204,1700,true,9.0,43.0,53.0,10.0,"0.09,0.43,0.53,0.1","0.6282,0.587058823529412,0.619137254901961",195,137,99,#C38963,"0.764705882352941,0.537254901960784,0.388235294117647","0.705882352941177,0.533333333333333,0.396078431372549",Color/Palettes/Process/PANTONE/PANTONE+/PantonePlusColorBridgeCoated.xml,2026-02-11 17:29:00
PANTONE 7516 CP,1205,1700,true,5.0,63.0,87.0,36.0,"0.05,0.63,0.87,0.36","0.4581,0.618313725490196,0.649333333333333",159,88,45,#9F582D,"0.623529411764706,0.345098039215686,0.176470588235294","0.556862745098039,0.345098039215686,0.2",Color/Palettes/Process/PANTONE/PANTONE+/PantonePlusColorBridgeCoated.xml,2026-02-11 17:29:00
PANTONE 7517 CP,1206,1700,true,1.0,70.0,98.0,47.0,"0.01,0.7,0.98,0.47","0.4037,0.622823529411765,0.646666666666667",145,73,34,#914922,"0.568627450980392,0.286274509803922,0.133333333333333","0.501960784313725,0.294117647058824,0.16078431372549",Color/Palettes/Process/PANTONE/PANTONE+/PantonePlusColorBridgeCoated.xml,2026-02-11 17:29:00
PANTONE 7518 CP,1207,1700,true,36.0,59.0,56.0,41.0,"0.36,0.59,0.56,0.41","0.4004,0.551843137254902,0.551176470588235",117,87,74,#75574A,"0.458823529411765,0.341176470588235,0.290196078431373","0.427450980392157,0.345098039215686,0.298039215686275",Color/Palettes/Process/PANTONE/PANTONE+/PantonePlusColorBridgeCoated.xml,2026-02-11 17:29:00
PANTONE 7519 CP,1208,1700,true,41.0,54.0,65.0,50.0,"0.41,0.54,0.65,0.5","0.3745,0.528470588235294,0.566",103,84,61,#67543D,"0.403921568627451,0.329411764705882,0.23921568627451","0.384313725490196,0.333333333333333,0.254901960784314",Color/Palettes/Process/PANTONE/PANTONE+/PantonePlusColorBridgeCoated.xml,2026-02-11 17:29:00
PANTONE 4755 CP,1209,1700,true,10.0,19.0,17.0,0.0,"0.1,0.19,0.17,0.0","0.8126,0.522,0.544627450980392",216,199,181,#D8C7B5,"0.847058823529412,0.780392156862745,0.709803921568627","0.823529411764706,0.772549019607843,0.705882352941177",Color/Palettes/Process/PANTONE/PANTONE+/PantonePlusColorBridgeCoated.xml,2026-02-11 17:29:00
PANTONE 4745 CP,1210,1700,true,14.0,25.0,23.0,0.0,"0.14,0.25,0.23,0.0","0.7615,0.531019607843137,0.54678431372549",205,183,167,#CDB7A7,"0.803921568627451,0.717647058823529,0.654901960784314","0.776470588235294,0.713725490196078,0.650980392156863",Color/Palettes/Process/PANTONE/PANTONE+/PantonePlusColorBridgeCoated.xml,2026-02-11 17:29:00
PANTONE 4735 CP,1211,1700,true,17.0,31.0,33.0,4.0,"0.17,0.31,0.33,0.04","0.7106,0.536862745098039,0.553686274509804",194,168,150,#C2A896,"0.76078431372549,0.658823529411765,0.588235294117647","0.729411764705882,0.654901960784314,0.584313725490196",Color/Palettes/Process/PANTONE/PANTONE+/PantonePlusColorBridgeCoated.xml,2026-02-11 17:29:00
PANTONE 4725 CP,1212,1700,true,20.0,41.0,41.0,11.0,"0.2,0.41,0.41,0.11","0.6205,0.546823529411765,0.555803921568627",173,143,126,#AD8F7E,"0.67843137254902,0.56078431372549,0.494117647058824","0.643137254901961,0.556862745098039,0.490196078431373",Color/Palettes/Process/PANTONE/PANTONE+/PantonePlusColorBridgeCoated.xml,2026-02-11 17:29:00
PANTONE 4715 CP,1213,1700,true,21.0,50.0,54.0,24.0,"0.21,0.5,0.54,0.24","0.529,0.558901960784314,0.572352941176471",154,117,96,#9A7560,"0.603921568627451,0.458823529411765,0.376470588235294","0.564705882352941,0.458823529411765,0.380392156862745",Color/Palettes/Process/PANTONE/PANTONE+/PantonePlusColorBridgeCoated.xml,2026-02-11 17:29:00
PANTONE 4705 CP,1214,1700,true,19.0,64.0,67.0,42.0,"0.19,0.64,0.67,0.42","0.428,0.572078431372549,0.577098039215686",132,90,70,#845A46,"0.517647058823529,0.352941176470588,0.274509803921569","0.474509803921569,0.352941176470588,0.282352941176471",Color/Palettes/Process/PANTONE/PANTONE+/PantonePlusColorBridgeCoated.xml,2026-02-11 17:29:00
PANTONE 4695 CP,1215,1700,true,19.0,75.0,79.0,66.0,"0.19,0.75,0.79,0.66","0.3107,0.564862745098039,0.571294117647059",99,63,46,#633F2E,"0.388235294117647,0.247058823529412,0.180392156862745","0.356862745098039,0.258823529411765,0.196078431372549",Color/Palettes/Process/PANTONE/PANTONE+/PantonePlusColorBridgeCoated.xml,2026-02-11 17:29:00
PANTONE 482 CP,1216,1700,true,8.0,17.0,20.0,0.0,"0.08,0.17,0.2,0.0","0.825,0.521764705882353,0.561686274509804",221,202,176,#DDCAB0,"0.866666666666667,0.792156862745098,0.690196078431373","0.843137254901961,0.788235294117647,0.690196078431373",Color/Palettes/Process/PANTONE/PANTONE+/PantonePlusColorBridgeCoated.xml,2026-02-11 17:29:00
PANTONE 481 CP,1217,1700,true,11.0,23.0,24.0,0.0,"0.11,0.23,0.24,0.0","0.7834,0.533176470588235,0.562039215686274",214,189,165,#D6BDA5,"0.83921568627451,0.741176470588235,0.647058823529412","0.807843137254902,0.733333333333333,0.647058823529412",Color/Palettes/Process/PANTONE/PANTONE+/PantonePlusColorBridgeCoated.xml,2026-02-11 17:29:00
PANTONE 480 CP,1218,1700,true,14.0,29.0,34.0,3.0,"0.14,0.29,0.34,0.03","0.7268,0.536823529411765,0.575725490196078",201,173,144,#C9AD90,"0.788235294117647,0.67843137254902,0.564705882352941","0.752941176470588,0.670588235294118,0.564705882352941",Color/Palettes/Process/PANTONE/PANTONE+/PantonePlusColorBridgeCoated.xml,2026-02-11 17:29:00
PANTONE 479 CP,1219,1700,true,17.0,44.0,50.0,15.0,"0.17,0.44,0.5,0.15","0.602,0.555254901960784,0.587803921568627",174,136,107,#AE886B,"0.682352941176471,0.533333333333333,0.419607843137255","0.63921568627451,0.529411764705882,0.423529411764706",Color/Palettes/Process/PANTONE/PANTONE+/PantonePlusColorBridgeCoated.xml,2026-02-11 17:29:00
PANTONE 478 CP,1220,1700,true,12.0,72.0,81.0,54.0,"0.12,0.72,0.81,0.54","0.3826,0.580235294117647,0.597333333333333",124,77,51,#7C4D33,"0.486274509803922,0.301960784313725,0.2","0.443137254901961,0.305882352941176,0.215686274509804",Color/Palettes/Process/PANTONE/PANTONE+/PantonePlusColorBridgeCoated.xml,2026-02-11 17:29:00
PANTONE 477 CP,1221,1700,true,19.0,69.0,78.0,60.0,"0.19,0.69,0.78,0.6","0.3505,0.55843137254902,0.579019607843137",108,74,51,#6C4A33,"0.423529411764706,0.290196078431373,0.2","0.392156862745098,0.294117647058824,0.215686274509804",Color/Palettes/Process/PANTONE/PANTONE+/PantonePlusColorBridgeCoated.xml,2026-02-11 17:29:00
PANTONE 476 CP,1222,1700,true,33.0,66.0,76.0,68.0,"0.33,0.66,0.76,0.68","0.3114,0.535725490196079,0.561882352941176",90,69,49,#5A4531,"0.352941176470588,0.270588235294118,0.192156862745098","0.333333333333333,0.274509803921569,0.207843137254902",Color/Palettes/Process/PANTONE/PANTONE+/PantonePlusColorBridgeCoated.xml,2026-02-11 17:29:00
PANTONE 7527 CP,1223,1700,true,12.0,10.0,14.0,0.0,"0.12,0.1,0.14,0.0","0.8481,0.499764705882353,0.538470588235294",215,212,194,#D7D4C2,"0.843137254901961,0.831372549019608,0.76078431372549","0.835294117647059,0.827450980392157,0.756862745098039",Color/Palettes/Process/PANTONE/PANTONE+/PantonePlusColorBridgeCoated.xml,2026-02-11 17:29:00
PANTONE 7528 CP,1224,1700,true,19.0,20.0,23.0,0.0,"0.19,0.2,0.23,0.0","0.7637,0.512078431372549,0.540549019607843",197,187,170,#C5BBAA,"0.772549019607843,0.733333333333333,0.666666666666667","0.756862745098039,0.725490196078431,0.662745098039216",Color/Palettes/Process/PANTONE/PANTONE+/PantonePlusColorBridgeCoated.xml,2026-02-11 17:29:00
PANTONE 7529 CP,1225,1700,true,24.0,26.0,30.0,3.0,"0.24,0.26,0.3,0.03","0.711,0.515764705882353,0.547294117647059",185,172,153,#B9AC99,"0.725490196078431,0.674509803921569,0.6","0.705882352941177,0.670588235294118,0.596078431372549",Color/Palettes/Process/PANTONE/PANTONE+/PantonePlusColorBridgeCoated.xml,2026-02-11 17:29:00
PANTONE 7530 CP,1226,1700,true,29.0,32.0,38.0,9.0,"0.29,0.32,0.38,0.09","0.6275,0.520588235294118,0.550549019607843",164,149,129,#A49581,"0.643137254901961,0.584313725490196,0.505882352941176","0.623529411764706,0.580392156862745,0.505882352941176",Color/Palettes/Process/PANTONE/PANTONE+/PantonePlusColorBridgeCoated.xml,2026-02-11 17:29:00
PANTONE 7531 CP,1227,1700,true,37.0,44.0,56.0,31.0,"0.37,0.44,0.56,0.31","0.4779,0.525803921568628,0.555686274509804",127,110,90,#7F6E5A,"0.498039215686275,0.431372549019608,0.352941176470588","0.47843137254902,0.431372549019608,0.356862745098039",Color/Palettes/Process/PANTONE/PANTONE+/PantonePlusColorBridgeCoated.xml,2026-02-11 17:29:00
PANTONE 7532 CP,1228,1700,true,39.0,51.0,66.0,47.0,"0.39,0.51,0.66,0.47","0.3996,0.528078431372549,0.559333333333333",109,91,70,#6D5B46,"0.427450980392157,0.356862745098039,0.274509803921569","0.407843137254902,0.356862745098039,0.282352941176471",Color/Palettes/Process/PANTONE/PANTONE+/PantonePlusColorBridgeCoated.xml,2026-02-11 17:29:00
PANTONE 7533 CP,1229,1700,true,40.0,60.0,77.0,71.0,"0.4,0.6,0.77,0.71","0.2805,0.530627450980392,0.55478431372549",80,62,45,#503E2D,"0.313725490196078,0.243137254901961,0.176470588235294","0.301960784313725,0.250980392156863,0.196078431372549",Color/Palettes/Process/PANTONE/PANTONE+/PantonePlusColorBridgeCoated.xml,2026-02-11 17:29:00
PANTONE 7534 CP,1230,1700,true,14.0,12.0,17.0,0.0,"0.14,0.12,0.17,0.0","0.8235,0.49678431372549,0.545803921568627",208,206,183,#D0CEB7,"0.815686274509804,0.807843137254902,0.717647058823529","0.807843137254902,0.8,0.717647058823529",Color/Palettes/Process/PANTONE/PANTONE+/PantonePlusColorBridgeCoated.xml,2026-02-11 17:29:00
PANTONE 7535 CP,1231,1700,true,25.0,21.0,31.0,3.0,"0.25,0.21,0.31,0.03","0.7188,0.496980392156863,0.559372549019608",180,177,149,#B4B195,"0.705882352941177,0.694117647058824,0.584313725490196","0.698039215686274,0.686274509803922,0.584313725490196",Color/Palettes/Process/PANTONE/PANTONE+/PantonePlusColorBridgeCoated.xml,2026-02-11 17:29:00
PANTONE 7536 CP,1232,1700,true,29.0,26.0,39.0,7.0,"0.29,0.26,0.39,0.07","0.6619,0.495607843137255,0.569843137254902",165,162,129,#A5A281,"0.647058823529412,0.635294117647059,0.505882352941176","0.63921568627451,0.627450980392157,0.505882352941176",Color/Palettes/Process/PANTONE/PANTONE+/PantonePlusColorBridgeCoated.xml,2026-02-11 17:29:00
PANTONE 7537 CP,1233,1700,true,32.0,21.0,28.0,3.0,"0.32,0.21,0.28,0.03","0.6977,0.485098039215686,0.538039215686274",166,173,153,#A6AD99,"0.650980392156863,0.67843137254902,0.6","0.654901960784314,0.674509803921569,0.596078431372549",Color/Palettes/Process/PANTONE/PANTONE+/PantonePlusColorBridgeCoated.xml,2026-02-11 17:29:00
PANTONE 7538 CP,1234,1700,true,40.0,26.0,34.0,7.0,"0.4,0.26,0.34,0.07","0.6301,0.485490196078431,0.535019607843137",148,155,137,#949B89,"0.580392156862745,0.607843137254902,0.537254901960784","0.584313725490196,0.603921568627451,0.533333333333333",Color/Palettes/Process/PANTONE/PANTONE+/PantonePlusColorBridgeCoated.xml,2026-02-11 17:29:00
PANTONE 7539 CP,1235,1700,true,41.0,31.0,35.0,10.0,"0.41,0.31,0.35,0.1","0.592,0.494627450980392,0.530078431372549",141,144,129,#8D9081,"0.552941176470588,0.564705882352941,0.505882352941176","0.552941176470588,0.56078431372549,0.505882352941176",Color/Palettes/Process/PANTONE/PANTONE+/PantonePlusColorBridgeCoated.xml,2026-02-11 17:29:00
PANTONE 7540 CP,1236,1700,true,67.0,54.0,46.0,40.0,"0.67,0.54,0.46,0.4","0.3479,0.491607843137255,0.501254901960784",76,84,81,#4C5451,"0.298039215686275,0.329411764705882,0.317647058823529","0.309803921568627,0.333333333333333,0.32156862745098",Color/Palettes/Process/PANTONE/PANTONE+/PantonePlusColorBridgeCoated.xml,2026-02-11 17:29:00
PANTONE 427 CP,1237,1700,true,14.0,8.0,4.0,0.0,"0.14,0.08,0.04,0.0","0.8379,0.497254901960784,0.500274509803922",205,210,209,#CDD2D1,"0.803921568627451,0.823529411764706,0.819607843137255","0.807843137254902,0.819607843137255,0.815686274509804",Color/Palettes/Process/PANTONE/PANTONE+/PantonePlusColorBridgeCoated.xml,2026-02-11 17:29:00
PANTONE 428 CP,1238,1700,true,21.0,13.0,8.0,0.0,"0.21,0.13,0.08,0.0","0.785,0.49356862745098,0.500745098039216",189,196,194,#BDC4C2,"0.741176470588235,0.768627450980392,0.76078431372549","0.745098039215686,0.764705882352941,0.756862745098039",Color/Palettes/Process/PANTONE/PANTONE+/PantonePlusColorBridgeCoated.xml,2026-02-11 17:29:00
PANTONE 429 CP,1239,1700,true,35.0,23.0,19.0,2.0,"0.35,0.23,0.19,0.02","0.6863,0.490705882352941,0.508274509803922",162,170,164,#A2AAA4,"0.635294117647059,0.666666666666667,0.643137254901961","0.635294117647059,0.658823529411765,0.635294117647059",Color/Palettes/Process/PANTONE/PANTONE+/PantonePlusColorBridgeCoated.xml,2026-02-11 17:29:00
PANTONE 430 CP,1240,1700,true,50.0,34.0,27.0,11.0,"0.5,0.34,0.27,0.11","0.5553,0.488117647058824,0.498196078431373",124,136,134,#7C8886,"0.486274509803922,0.533333333333333,0.525490196078431","0.498039215686275,0.529411764705882,0.52156862745098",Color/Palettes/Process/PANTONE/PANTONE+/PantonePlusColorBridgeCoated.xml,2026-02-11 17:29:00
PANTONE 431 CP,1241,1700,true,63.0,45.0,34.0,25.0,"0.63,0.45,0.34,0.25","0.436,0.480980392156863,0.483137254901961",89,107,110,#596B6E,"0.349019607843137,0.419607843137255,0.431372549019608","0.372549019607843,0.419607843137255,0.427450980392157",Color/Palettes/Process/PANTONE/PANTONE+/PantonePlusColorBridgeCoated.xml,2026-02-11 17:29:00
PANTONE 432 CP,1242,1700,true,78.0,57.0,39.0,56.0,"0.78,0.57,0.39,0.56","0.2923,0.483529411764706,0.477764705882353",56,72,78,#38484E,"0.219607843137255,0.282352941176471,0.305882352941176","0.247058823529412,0.290196078431373,0.309803921568627",Color/Palettes/Process/PANTONE/PANTONE+/PantonePlusColorBridgeCoated.xml,2026-02-11 17:29:00
PANTONE 433 CP,1243,1700,true,88.0,63.0,40.0,85.0,"0.88,0.63,0.4,0.85","0.1788,0.489490196078431,0.478039215686275",34,46,52,#222E34,"0.133333333333333,0.180392156862745,0.203921568627451","0.164705882352941,0.196078431372549,0.215686274509804",Color/Palettes/Process/PANTONE/PANTONE+/PantonePlusColorBridgeCoated.xml,2026-02-11 17:29:00
PANTONE 420 CP,1244,1700,true,18.0,13.0,10.0,0.0,"0.18,0.13,0.1,0.0","0.803,0.501254901960784,0.513176470588235",199,200,193,#C7C8C1,"0.780392156862745,0.784313725490196,0.756862745098039","0.776470588235294,0.776470588235294,0.752941176470588",Color/Palettes/Process/PANTONE/PANTONE+/PantonePlusColorBridgeCoated.xml,2026-02-11 17:29:00
PANTONE 421 CP,1245,1700,true,28.0,20.0,20.0,1.0,"0.28,0.2,0.2,0.01","0.7271,0.496941176470588,0.523960784313726",178,180,167,#B2B4A7,"0.698039215686274,0.705882352941177,0.654901960784314","0.694117647058824,0.698039215686274,0.650980392156863",Color/Palettes/Process/PANTONE/PANTONE+/PantonePlusColorBridgeCoated.xml,2026-02-11 17:29:00
PANTONE 422 CP,1246,1700,true,36.0,26.0,23.0,4.0,"0.36,0.26,0.23,0.04","0.6632,0.498666666666667,0.515450980392157",160,162,154,#A0A29A,"0.627450980392157,0.635294117647059,0.603921568627451","0.623529411764706,0.631372549019608,0.6",Color/Palettes/Process/PANTONE/PANTONE+/PantonePlusColorBridgeCoated.xml,2026-02-11 17:29:00
PANTONE 423 CP,1247,1700,true,44.0,33.0,29.0,9.0,"0.44,0.33,0.29,0.09","0.5843,0.500274509803922,0.509725490196078",139,141,136,#8B8D88,"0.545098039215686,0.552941176470588,0.533333333333333","0.541176470588235,0.549019607843137,0.529411764705882",Color/Palettes/Process/PANTONE/PANTONE+/PantonePlusColorBridgeCoated.xml,2026-02-11 17:29:00
PANTONE 424 CP,1248,1700,true,52.0,41.0,38.0,20.0,"0.52,0.41,0.38,0.2","0.4987,0.498196078431373,0.51478431372549",117,120,112,#757870,"0.458823529411765,0.470588235294118,0.43921568627451","0.458823529411765,0.466666666666667,0.43921568627451",Color/Palettes/Process/PANTONE/PANTONE+/PantonePlusColorBridgeCoated.xml,2026-02-11 17:29:00
PANTONE 425 CP,1249,1700,true,63.0,51.0,45.0,33.0,"0.63,0.51,0.45,0.33","0.4091,0.491294117647059,0.502705882352941",90,99,95,#5A635F,"0.352941176470588,0.388235294117647,0.372549019607843","0.364705882352941,0.388235294117647,0.376470588235294",Color/Palettes/Process/PANTONE/PANTONE+/PantonePlusColorBridgeCoated.xml,2026-02-11 17:29:00
PANTONE 426 CP,1250,1700,true,81.0,67.0,55.0,83.0,"0.81,0.67,0.55,0.83","0.2037,0.492352941176471,0.495490196078431",43,51,51,#2B3333,"0.168627450980392,0.2,0.2","0.192156862745098,0.211764705882353,0.211764705882353",Color/Palettes/Process/PANTONE/PANTONE+/PantonePlusColorBridgeCoated.xml,2026-02-11 17:29:00
PANTONE 441 CP,1251,1700,true,24.0,12.0,14.0,0.0,"0.24,0.12,0.14,0.0","0.7709,0.483803921568627,0.515803921568627",183,194,183,#B7C2B7,"0.717647058823529,0.76078431372549,0.717647058823529","0.72156862745098,0.752941176470588,0.713725490196078",Color/Palettes/Process/PANTONE/PANTONE+/PantonePlusColorBridgeCoated.xml,2026-02-11 17:29:00
PANTONE 442 CP,1252,1700,true,36.0,20.0,23.0,2.0,"0.36,0.2,0.23,0.02","0.6759,0.482392156862745,0.508509803921569",155,168,161,#9BA8A1,"0.607843137254902,0.658823529411765,0.631372549019608","0.615686274509804,0.654901960784314,0.623529411764706",Color/Palettes/Process/PANTONE/PANTONE+/PantonePlusColorBridgeCoated.xml,2026-02-11 17:29:00
PANTONE 443 CP,1253,1700,true,43.0,25.0,26.0,5.0,"0.43,0.25,0.26,0.05","0.6233,0.484705882352941,0.498941176470588",140,154,151,#8C9A97,"0.549019607843137,0.603921568627451,0.592156862745098","0.56078431372549,0.6,0.588235294117647",Color/Palettes/Process/PANTONE/PANTONE+/PantonePlusColorBridgeCoated.xml,2026-02-11 17:29:00
PANTONE 444 CP,1254,1700,true,54.0,35.0,35.0,17.0,"0.54,0.35,0.35,0.17","0.5027,0.481686274509804,0.493843137254902",107,123,122,#6B7B7A,"0.419607843137255,0.482352941176471,0.47843137254902","0.43921568627451,0.482352941176471,0.474509803921569",Color/Palettes/Process/PANTONE/PANTONE+/PantonePlusColorBridgeCoated.xml,2026-02-11 17:29:00
PANTONE 445 CP,1255,1700,true,66.0,47.0,47.0,37.0,"0.66,0.47,0.47,0.37","0.3801,0.486039215686275,0.494588235294118",79,93,92,#4F5D5C,"0.309803921568627,0.364705882352941,0.36078431372549","0.329411764705882,0.364705882352941,0.36078431372549",Color/Palettes/Process/PANTONE/PANTONE+/PantonePlusColorBridgeCoated.xml,2026-02-11 17:29:00
PANTONE 446 CP,1256,1700,true,71.0,53.0,55.0,53.0,"0.71,0.53,0.55,0.53","0.3225,0.488980392156863,0.499019607843137",68,78,76,#444E4C,"0.266666666666667,0.305882352941176,0.298039215686275","0.286274509803922,0.309803921568627,0.305882352941176",Color/Palettes/Process/PANTONE/PANTONE+/PantonePlusColorBridgeCoated.xml,2026-02-11 17:29:00
PANTONE 447 CP,1257,1700,true,70.0,57.0,63.0,65.0,"0.7,0.57,0.63,0.65","0.269,0.494352941176471,0.518549019607843",61,65,56,#3D4138,"0.23921568627451,0.254901960784314,0.219607843137255","0.250980392156863,0.262745098039216,0.231372549019608",Color/Palettes/Process/PANTONE/PANTONE+/PantonePlusColorBridgeCoated.xml,2026-02-11 17:29:00
PANTONE 413 CP,1258,1700,true,25.0,17.0,22.0,0.0,"0.25,0.17,0.22,0.0","0.7422,0.491294117647059,0.538",181,184,165,#B5B8A5,"0.709803921568627,0.72156862745098,0.647058823529412","0.709803921568627,0.717647058823529,0.643137254901961",Color/Palettes/Process/PANTONE/PANTONE+/PantonePlusColorBridgeCoated.xml,2026-02-11 17:29:00
PANTONE 414 CP,1259,1700,true,31.0,23.0,29.0,3.0,"0.31,0.23,0.29,0.03","0.6871,0.491529411764706,0.535372549019608",166,170,151,#A6AA97,"0.650980392156863,0.666666666666667,0.592156862745098","0.650980392156863,0.658823529411765,0.592156862745098",Color/Palettes/Process/PANTONE/PANTONE+/PantonePlusColorBridgeCoated.xml,2026-02-11 17:29:00
PANTONE 415 CP,1260,1700,true,39.0,29.0,36.0,9.0,"0.39,0.29,0.36,0.09","0.6046,0.489019607843137,0.530980392156863",142,148,132,#8E9484,"0.556862745098039,0.580392156862745,0.517647058823529","0.56078431372549,0.576470588235294,0.513725490196078",Color/Palettes/Process/PANTONE/PANTONE+/PantonePlusColorBridgeCoated.xml,2026-02-11 17:29:00
PANTONE 416 CP,1261,1700,true,45.0,35.0,43.0,18.0,"0.45,0.35,0.43,0.18","0.5389,0.491450980392157,0.527254901960784",126,131,117,#7E8375,"0.494117647058824,0.513725490196078,0.458823529411765","0.494117647058824,0.509803921568627,0.458823529411765",Color/Palettes/Process/PANTONE/PANTONE+/PantonePlusColorBridgeCoated.xml,2026-02-11 17:29:00
PANTONE 417 CP,1262,1700,true,53.0,42.0,52.0,31.0,"0.53,0.42,0.52,0.31","0.4448,0.488274509803922,0.522941176470588",100,108,95,#646C5F,"0.392156862745098,0.423529411764706,0.372549019607843","0.4,0.419607843137255,0.376470588235294",Color/Palettes/Process/PANTONE/PANTONE+/PantonePlusColorBridgeCoated.xml,2026-02-11 17:29:00
PANTONE 418 CP,1263,1700,true,59.0,48.0,58.0,44.0,"0.59,0.48,0.58,0.44","0.3851,0.486823529411765,0.523019607843137",85,93,81,#555D51,"0.333333333333333,0.364705882352941,0.317647058823529","0.345098039215686,0.368627450980392,0.32156862745098",Color/Palettes/Process/PANTONE/PANTONE+/PantonePlusColorBridgeCoated.xml,2026-02-11 17:29:00
PANTONE 419 CP,1264,1700,true,76.0,65.0,66.0,90.0,"0.76,0.65,0.66,0.9","0.1854,0.494823529411765,0.500235294117647",41,47,45,#292F2D,"0.16078431372549,0.184313725490196,0.176470588235294","0.184313725490196,0.196078431372549,0.192156862745098",Color/Palettes/Process/PANTONE/PANTONE+/PantonePlusColorBridgeCoated.xml,2026-02-11 17:29:00
PANTONE 400 CP,1265,1700,true,20.0,17.0,19.0,0.0,"0.2,0.17,0.19,0.0","0.7711,0.504313725490196,0.531843137254902",194,190,176,#C2BEB0,"0.76078431372549,0.745098039215686,0.690196078431373","0.752941176470588,0.741176470588235,0.686274509803922",Color/Palettes/Process/PANTONE/PANTONE+/PantonePlusColorBridgeCoated.xml,2026-02-11 17:29:00
PANTONE 401 CP,1266,1700,true,28.0,25.0,28.0,3.0,"0.28,0.25,0.28,0.03","0.6902,0.506980392156863,0.528666666666667",173,168,156,#ADA89C,"0.67843137254902,0.658823529411765,0.611764705882353","0.666666666666667,0.654901960784314,0.607843137254902",Color/Palettes/Process/PANTONE/PANTONE+/PantonePlusColorBridgeCoated.xml,2026-02-11 17:29:00
PANTONE 402 CP,1267,1700,true,34.0,30.0,33.0,8.0,"0.34,0.3,0.33,0.08","0.6231,0.508274509803922,0.53443137254902",156,150,135,#9C9687,"0.611764705882353,0.588235294117647,0.529411764705882","0.6,0.584313725490196,0.529411764705882",Color/Palettes/Process/PANTONE/PANTONE+/PantonePlusColorBridgeCoated.xml,2026-02-11 17:29:00
PANTONE 403 CP,1268,1700,true,39.0,36.0,40.0,14.0,"0.39,0.36,0.4,0.14","0.5632,0.506627450980392,0.53921568627451",140,135,118,#8C8776,"0.549019607843137,0.529411764705882,0.462745098039216","0.537254901960784,0.525490196078431,0.462745098039216",Color/Palettes/Process/PANTONE/PANTONE+/PantonePlusColorBridgeCoated.xml,2026-02-11 17:29:00
PANTONE 404 CP,1269,1700,true,45.0,43.0,47.0,25.0,"0.45,0.43,0.47,0.25","0.4908,0.511019607843137,0.544156862745098",124,116,98,#7C7462,"0.486274509803922,0.454901960784314,0.384313725490196","0.474509803921569,0.450980392156863,0.388235294117647",Color/Palettes/Process/PANTONE/PANTONE+/PantonePlusColorBridgeCoated.xml,2026-02-11 17:29:00
PANTONE 405 CP,1270,1700,true,49.0,47.0,51.0,32.0,"0.49,0.47,0.51,0.32","0.4477,0.511137254901961,0.538509803921569",112,105,90,#70695A,"0.43921568627451,0.411764705882353,0.352941176470588","0.431372549019608,0.411764705882353,0.356862745098039",Color/Palettes/Process/PANTONE/PANTONE+/PantonePlusColorBridgeCoated.xml,2026-02-11 17:29:00
PANTONE Black CP,1271,1700,true,65.0,66.0,68.0,82.0,"0.65,0.66,0.68,0.82","0.2202,0.510117647058824,0.53078431372549",58,52,41,#3A3429,"0.227450980392157,0.203921568627451,0.16078431372549","0.231372549019608,0.215686274509804,0.180392156862745",Color/Palettes/Process/PANTONE/PANTONE+/PantonePlusColorBridgeCoated.xml,2026-02-11 17:29:00
PANTONE 406 CP,1272,1700,true,20.0,19.0,17.0,0.0,"0.2,0.19,0.17,0.0","0.7659,0.512666666666667,0.523882352941176",196,188,178,#C4BCB2,"0.768627450980392,0.737254901960784,0.698039215686274","0.752941176470588,0.729411764705882,0.694117647058824",Color/Palettes/Process/PANTONE/PANTONE+/PantonePlusColorBridgeCoated.xml,2026-02-11 17:29:00
PANTONE 407 CP,1273,1700,true,27.0,26.0,25.0,3.0,"0.27,0.26,0.25,0.03","0.6939,0.513137254901961,0.523960784313726",176,168,159,#B0A89F,"0.690196078431373,0.658823529411765,0.623529411764706","0.674509803921569,0.654901960784314,0.619607843137255",Color/Palettes/Process/PANTONE/PANTONE+/PantonePlusColorBridgeCoated.xml,2026-02-11 17:29:00
PANTONE 408 CP,1274,1700,true,35.0,36.0,32.0,10.0,"0.35,0.36,0.32,0.1","0.595,0.518392156862745,0.519607843137255",151,141,135,#978D87,"0.592156862745098,0.552941176470588,0.529411764705882","0.576470588235294,0.549019607843137,0.525490196078431",Color/Palettes/Process/PANTONE/PANTONE+/PantonePlusColorBridgeCoated.xml,2026-02-11 17:29:00
PANTONE 409 CP,1275,1700,true,40.0,42.0,40.0,18.0,"0.4,0.42,0.4,0.18","0.5265,0.517921568627451,0.521725490196078",133,124,117,#857C75,"0.52156862745098,0.486274509803922,0.458823529411765","0.509803921568627,0.482352941176471,0.454901960784314",Color/Palettes/Process/PANTONE/PANTONE+/PantonePlusColorBridgeCoated.xml,2026-02-11 17:29:00
PANTONE 410 CP,1276,1700,true,45.0,48.0,45.0,26.0,"0.45,0.48,0.45,0.26","0.4705,0.519882352941176,0.526117647058823",120,109,101,#786D65,"0.470588235294118,0.427450980392157,0.396078431372549","0.458823529411765,0.427450980392157,0.396078431372549",Color/Palettes/Process/PANTONE/PANTONE+/PantonePlusColorBridgeCoated.xml,2026-02-11 17:29:00
PANTONE 411 CP,1277,1700,true,51.0,55.0,52.0,39.0,"0.51,0.55,0.52,0.39","0.4014,0.522941176470588,0.525882352941176",104,92,84,#685C54,"0.407843137254902,0.36078431372549,0.329411764705882","0.396078431372549,0.36078431372549,0.333333333333333",Color/Palettes/Process/PANTONE/PANTONE+/PantonePlusColorBridgeCoated.xml,2026-02-11 17:29:00
PANTONE 412 CP,1278,1700,true,61.0,68.0,64.0,74.0,"0.61,0.68,0.64,0.74","0.2534,0.517490196078431,0.526196078431373",67,58,50,#433A32,"0.262745098039216,0.227450980392157,0.196078431372549","0.262745098039216,0.23921568627451,0.211764705882353",Color/Palettes/Process/PANTONE/PANTONE+/PantonePlusColorBridgeCoated.xml,2026-02-11 17:29:00
PANTONE 434 CP,1279,1700,true,14.0,17.0,10.0,0.0,"0.14,0.17,0.1,0.0","0.8026,0.516549019607843,0.51678431372549",207,197,192,#CFC5C0,"0.811764705882353,0.772549019607843,0.752941176470588","0.796078431372549,0.768627450980392,0.745098039215686",Color/Palettes/Process/PANTONE/PANTONE+/PantonePlusColorBridgeCoated.xml,2026-02-11 17:29:00
PANTONE 435 CP,1280,1700,true,21.0,24.0,14.0,0.0,"0.21,0.24,0.14,0.0","0.7411,0.521960784313726,0.512549019607843",191,180,177,#BFB4B1,"0.749019607843137,0.705882352941177,0.694117647058824","0.733333333333333,0.698039215686274,0.690196078431373",Color/Palettes/Process/PANTONE/PANTONE+/PantonePlusColorBridgeCoated.xml,2026-02-11 17:29:00
PANTONE 436 CP,1281,1700,true,30.0,33.0,22.0,4.0,"0.3,0.33,0.22,0.04","0.6512,0.527333333333333,0.513529411764706",169,155,152,#A99B98,"0.662745098039216,0.607843137254902,0.596078431372549","0.643137254901961,0.6,0.592156862745098",Color/Palettes/Process/PANTONE/PANTONE+/PantonePlusColorBridgeCoated.xml,2026-02-11 17:29:00
PANTONE 437 CP,1282,1700,true,44.0,51.0,39.0,24.0,"0.44,0.51,0.39,0.24","0.4699,0.534705882352941,0.517960784313725",125,107,104,#7D6B68,"0.490196078431373,0.419607843137255,0.407843137254902","0.466666666666667,0.419607843137255,0.407843137254902",Color/Palettes/Process/PANTONE/PANTONE+/PantonePlusColorBridgeCoated.xml,2026-02-11 17:29:00
PANTONE 438 CP,1283,1700,true,52.0,62.0,51.0,47.0,"0.52,0.62,0.51,0.47","0.3484,0.533254901960784,0.517882352941176",94,78,75,#5E4E4B,"0.368627450980392,0.305882352941176,0.294117647058824","0.352941176470588,0.309803921568627,0.301960784313725",Color/Palettes/Process/PANTONE/PANTONE+/PantonePlusColorBridgeCoated.xml,2026-02-11 17:29:00
PANTONE 439 CP,1284,1700,true,56.0,68.0,59.0,64.0,"0.56,0.68,0.59,0.64","0.2857,0.524588235294118,0.522862745098039",77,65,59,#4D413B,"0.301960784313725,0.254901960784314,0.231372549019608","0.294117647058824,0.262745098039216,0.243137254901961",Color/Palettes/Process/PANTONE/PANTONE+/PantonePlusColorBridgeCoated.xml,2026-02-11 17:29:00
PANTONE 440 CP,1285,1700,true,61.0,69.0,63.0,75.0,"0.61,0.69,0.63,0.75","0.2505,0.515019607843137,0.528",66,58,49,#423A31,"0.258823529411765,0.227450980392157,0.192156862745098","0.258823529411765,0.23921568627451,0.207843137254902",Color/Palettes/Process/PANTONE/PANTONE+/PantonePlusColorBridgeCoated.xml,2026-02-11 17:29:00
PANTONE Warm Gray 1 CP,1286,1700,true,10.0,10.0,11.0,0.0,"0.1,0.1,0.11,0.0","0.852,0.50478431372549,0.528392156862745",217,212,200,#D9D4C8,"0.850980392156863,0.831372549019608,0.784313725490196","0.843137254901961,0.827450980392157,0.780392156862745",Color/Palettes/Process/PANTONE/PANTONE+/PantonePlusColorBridgeCoated.xml,2026-02-11 17:29:00
PANTONE Warm Gray 2 CP,1287,1700,true,16.0,15.0,16.0,0.0,"0.16,0.15,0.16,0.0","0.7976,0.506117647058824,0.53043137254902",202,197,184,#CAC5B8,"0.792156862745098,0.772549019607843,0.72156862745098","0.784313725490196,0.768627450980392,0.717647058823529",Color/Palettes/Process/PANTONE/PANTONE+/PantonePlusColorBridgeCoated.xml,2026-02-11 17:29:00
PANTONE Warm Gray 3 CP,1288,1700,true,21.0,20.0,21.0,1.0,"0.21,0.2,0.21,0.01","0.75,0.505294117647059,0.530980392156863",189,184,170,#BDB8AA,"0.741176470588235,0.72156862745098,0.666666666666667","0.729411764705882,0.717647058823529,0.666666666666667",Color/Palettes/Process/PANTONE/PANTONE+/PantonePlusColorBridgeCoated.xml,2026-02-11 17:29:00
PANTONE Warm Gray 4 CP,1289,1700,true,25.0,24.0,25.0,2.0,"0.25,0.24,0.25,0.02","0.7098,0.509529411764706,0.528039215686275",179,173,161,#B3ADA1,"0.701960784313725,0.67843137254902,0.631372549019608","0.690196078431373,0.670588235294118,0.627450980392157",Color/Palettes/Process/PANTONE/PANTONE+/PantonePlusColorBridgeCoated.xml,2026-02-11 17:29:00
PANTONE Warm Gray 5 CP,1290,1700,true,29.0,27.0,29.0,4.0,"0.29,0.27,0.29,0.04","0.6702,0.51121568627451,0.531725490196078",170,162,149,#AAA295,"0.666666666666667,0.635294117647059,0.584313725490196","0.650980392156863,0.631372549019608,0.580392156862745",Color/Palettes/Process/PANTONE/PANTONE+/PantonePlusColorBridgeCoated.xml,2026-02-11 17:29:00
PANTONE Warm Gray 6 CP,1291,1700,true,31.0,29.0,30.0,6.0,"0.31,0.29,0.3,0.06","0.655,0.514588235294118,0.529647058823529",167,158,146,#A79E92,"0.654901960784314,0.619607843137255,0.572549019607843","0.63921568627451,0.611764705882353,0.568627450980392",Color/Palettes/Process/PANTONE/PANTONE+/PantonePlusColorBridgeCoated.xml,2026-02-11 17:29:00
PANTONE Warm Gray 7 CP,1292,1700,true,35.0,34.0,36.0,11.0,"0.35,0.34,0.36,0.11","0.5856,0.515450980392157,0.527843137254902",148,139,129,#948B81,"0.580392156862745,0.545098039215686,0.505882352941176","0.564705882352941,0.541176470588235,0.501960784313725",Color/Palettes/Process/PANTONE/PANTONE+/PantonePlusColorBridgeCoated.xml,2026-02-11 17:29:00
PANTONE Warm Gray 8 CP,1293,1700,true,38.0,37.0,39.0,15.0,"0.38,0.37,0.39,0.15","0.5578,0.516078431372549,0.528941176470588",141,132,121,#8D8479,"0.552941176470588,0.517647058823529,0.474509803921569","0.541176470588235,0.513725490196078,0.474509803921569",Color/Palettes/Process/PANTONE/PANTONE+/PantonePlusColorBridgeCoated.xml,2026-02-11 17:29:00
PANTONE Warm Gray 9 CP,1294,1700,true,40.0,40.0,42.0,19.0,"0.4,0.4,0.42,0.19","0.5191,0.519176470588235,0.52643137254902",132,122,113,#847A71,"0.517647058823529,0.47843137254902,0.443137254901961","0.501960784313725,0.474509803921569,0.43921568627451",Color/Palettes/Process/PANTONE/PANTONE+/PantonePlusColorBridgeCoated.xml,2026-02-11 17:29:00
PANTONE Warm Gray 10 CP,1295,1700,true,43.0,43.0,46.0,24.0,"0.43,0.43,0.46,0.24","0.4894,0.517176470588235,0.528862745098039",124,115,104,#7C7368,"0.486274509803922,0.450980392156863,0.407843137254902","0.474509803921569,0.447058823529412,0.407843137254902",Color/Palettes/Process/PANTONE/PANTONE+/PantonePlusColorBridgeCoated.xml,2026-02-11 17:29:00
PANTONE Warm Gray 11 CP,1296,1700,true,46.0,47.0,50.0,30.0,"0.46,0.47,0.5,0.3","0.4515,0.514156862745098,0.527529411764706",113,106,95,#716A5F,"0.443137254901961,0.415686274509804,0.372549019607843","0.435294117647059,0.411764705882353,0.376470588235294",Color/Palettes/Process/PANTONE/PANTONE+/PantonePlusColorBridgeCoated.xml,2026-02-11 17:29:00
PANTONE Cool Gray 1 CP,1297,1700,true,10.0,7.0,5.0,0.0,"0.1,0.07,0.05,0.0","0.8726,0.499254901960784,0.515960784313725",219,219,211,#DBDBD3,"0.858823529411765,0.858823529411765,0.827450980392157","0.854901960784314,0.854901960784314,0.823529411764706",Color/Palettes/Process/PANTONE/PANTONE+/PantonePlusColorBridgeCoated.xml,2026-02-11 17:29:00
PANTONE Cool Gray 2 CP,1298,1700,true,14.0,10.0,8.0,0.0,"0.14,0.1,0.08,0.0","0.8353,0.498862745098039,0.514705882352941",208,209,201,#D0D1C9,"0.815686274509804,0.819607843137255,0.788235294117647","0.811764705882353,0.815686274509804,0.784313725490196",Color/Palettes/Process/PANTONE/PANTONE+/PantonePlusColorBridgeCoated.xml,2026-02-11 17:29:00
PANTONE Cool Gray 3 CP,1299,1700,true,18.0,13.0,10.0,0.0,"0.18,0.13,0.1,0.0","0.808,0.49956862745098,0.510862745098039",200,201,196,#C8C9C4,"0.784313725490196,0.788235294117647,0.768627450980392","0.780392156862745,0.784313725490196,0.764705882352941",Color/Palettes/Process/PANTONE/PANTONE+/PantonePlusColorBridgeCoated.xml,2026-02-11 17:29:00
PANTONE Cool Gray 4 CP,1300,1700,true,24.0,17.0,15.0,0.0,"0.24,0.17,0.15,0.0","0.7626,0.500392156862745,0.510705882352941",187,189,183,#BBBDB7,"0.733333333333333,0.741176470588235,0.717647058823529","0.729411764705882,0.733333333333333,0.713725490196078",Color/Palettes/Process/PANTONE/PANTONE+/PantonePlusColorBridgeCoated.xml,2026-02-11 17:29:00
PANTONE Cool Gray 5 CP,1301,1700,true,28.0,21.0,18.0,1.0,"0.28,0.21,0.18,0.01","0.7257,0.500509803921569,0.506470588235294",176,179,175,#B0B3AF,"0.690196078431373,0.701960784313725,0.686274509803922","0.690196078431373,0.694117647058824,0.682352941176471",Color/Palettes/Process/PANTONE/PANTONE+/PantonePlusColorBridgeCoated.xml,2026-02-11 17:29:00
PANTONE Cool Gray 6 CP,1302,1700,true,33.0,24.0,20.0,2.0,"0.33,0.24,0.2,0.02","0.6794,0.500901960784314,0.504274509803922",164,166,164,#A4A6A4,"0.643137254901961,0.650980392156863,0.643137254901961","0.63921568627451,0.647058823529412,0.635294117647059",Color/Palettes/Process/PANTONE/PANTONE+/PantonePlusColorBridgeCoated.xml,2026-02-11 17:29:00
PANTONE Cool Gray 7 CP,1303,1700,true,38.0,29.0,24.0,5.0,"0.38,0.29,0.24,0.05","0.6345,0.503686274509804,0.500078431372549",152,154,154,#989A9A,"0.596078431372549,0.603921568627451,0.603921568627451","0.592156862745098,0.6,0.596078431372549",Color/Palettes/Process/PANTONE/PANTONE+/PantonePlusColorBridgeCoated.xml,2026-02-11 17:29:00
PANTONE Cool Gray 8 CP,1304,1700,true,44.0,34.0,29.0,10.0,"0.44,0.34,0.29,0.1","0.572,0.504117647058824,0.497490196078431",136,138,139,#888A8B,"0.533333333333333,0.541176470588235,0.545098039215686","0.529411764705882,0.537254901960784,0.537254901960784",Color/Palettes/Process/PANTONE/PANTONE+/PantonePlusColorBridgeCoated.xml,2026-02-11 17:29:00
PANTONE Cool Gray 9 CP,1305,1700,true,50.0,40.0,34.0,17.0,"0.5,0.4,0.34,0.17","0.5053,0.50278431372549,0.496117647058824",118,121,122,#76797A,"0.462745098039216,0.474509803921569,0.47843137254902","0.462745098039216,0.470588235294118,0.474509803921569",Color/Palettes/Process/PANTONE/PANTONE+/PantonePlusColorBridgeCoated.xml,2026-02-11 17:29:00
PANTONE Cool Gray 10 CP,1306,1700,true,57.0,46.0,40.0,25.0,"0.57,0.46,0.4,0.25","0.441,0.496705882352941,0.493764705882353",99,106,107,#636A6B,"0.388235294117647,0.415686274509804,0.419607843137255","0.396078431372549,0.415686274509804,0.419607843137255",Color/Palettes/Process/PANTONE/PANTONE+/PantonePlusColorBridgeCoated.xml,2026-02-11 17:29:00
PANTONE Cool Gray 11 CP,1307,1700,true,63.0,52.0,44.0,33.0,"0.63,0.52,0.44,0.33","0.3936,0.493647058823529,0.494823529411765",86,95,95,#565F5F,"0.337254901960784,0.372549019607843,0.372549019607843","0.349019607843137,0.372549019607843,0.372549019607843",Color/Palettes/Process/PANTONE/PANTONE+/PantonePlusColorBridgeCoated.xml,2026-02-11 17:29:00
PANTONE Black 2 CP,1308,1700,true,48.0,53.0,84.0,84.0,"0.48,0.53,0.84,0.84","0.2273,0.507803921568628,0.541254901960784",59,54,39,#3B3627,"0.231372549019608,0.211764705882353,0.152941176470588","0.235294117647059,0.223529411764706,0.172549019607843",Color/Palettes/Process/PANTONE/PANTONE+/PantonePlusColorBridgeCoated.xml,2026-02-11 17:29:00
PANTONE Black 3 CP,1309,1700,true,74.0,52.0,71.0,90.0,"0.74,0.52,0.71,0.9","0.1784,0.491529411764706,0.513725490196078",40,45,39,#282D27,"0.156862745098039,0.176470588235294,0.152941176470588","0.180392156862745,0.192156862745098,0.168627450980392",Color/Palettes/Process/PANTONE/PANTONE+/PantonePlusColorBridgeCoated.xml,2026-02-11 17:29:00
PANTONE Black 4 CP,1310,1700,true,44.0,66.0,79.0,88.0,"0.44,0.66,0.79,0.88","0.1941,0.52478431372549,0.533176470588235",57,44,35,#392C23,"0.223529411764706,0.172549019607843,0.137254901960784","0.219607843137255,0.188235294117647,0.156862745098039",Color/Palettes/Process/PANTONE/PANTONE+/PantonePlusColorBridgeCoated.xml,2026-02-11 17:29:00
PANTONE Black 5 CP,1311,1700,true,52.0,78.0,53.0,74.0,"0.52,0.78,0.53,0.74","0.2213,0.545843137254902,0.509019607843137",67,47,50,#432F32,"0.262745098039216,0.184313725490196,0.196078431372549","0.254901960784314,0.2,0.207843137254902",Color/Palettes/Process/PANTONE/PANTONE+/PantonePlusColorBridgeCoated.xml,2026-02-11 17:29:00
PANTONE Black 6 CP,1312,1700,true,100.0,61.0,32.0,96.0,"1.0,0.61,0.32,0.96","0.1131,0.494156862745098,0.472470588235294",22,31,40,#161F28,"0.0862745098039216,0.12156862745098,0.156862745098039","0.12156862745098,0.145098039215686,0.172549019607843",Color/Palettes/Process/PANTONE/PANTONE+/PantonePlusColorBridgeCoated.xml,2026-02-11 17:29:00
PANTONE Black 7 CP,1313,1700,true,63.0,60.0,64.0,65.0,"0.63,0.6,0.64,0.65","0.2728,0.512039215686275,0.523490196078431",69,64,56,#454038,"0.270588235294118,0.250980392156863,0.219607843137255","0.270588235294118,0.258823529411765,0.231372549019608",Color/Palettes/Process/PANTONE/PANTONE+/PantonePlusColorBridgeCoated.xml,2026-02-11 17:29:00
PANTONE 2001 CP,3300,2000,true,0.0,2.0,44.0,0.0,"0.0,0.02,0.44,0.0","0.9058,0.496235294117647,0.657607843137255",244,228,150,#F4E496,"0.956862745098039,0.894117647058824,0.588235294117647","0.937254901960784,0.890196078431372,0.6",Color/Palettes/Process/PANTONE/PANTONE+/PantonePlusColorBridgeCoated.xml,2026-02-11 17:29:00
PANTONE 2002 CP,3301,2000,true,0.0,3.0,58.0,0.0,"0.0,0.03,0.58,0.0","0.8921,0.49721568627451,0.703803921568627",244,223,122,#F4DF7A,"0.956862745098039,0.874509803921569,0.47843137254902","0.933333333333333,0.874509803921569,0.501960784313725",Color/Palettes/Process/PANTONE/PANTONE+/PantonePlusColorBridgeCoated.xml,2026-02-11 17:29:00
PANTONE 2003 CP,3302,2000,true,0.0,2.0,68.0,0.0,"0.0,0.02,0.68,0.0","0.8935,0.492156862745098,0.741803921568627",245,224,101,#F5E065,"0.96078431372549,0.87843137254902,0.396078431372549","0.937254901960784,0.874509803921569,0.431372549019608",Color/Palettes/Process/PANTONE/PANTONE+/PantonePlusColorBridgeCoated.xml,2026-02-11 17:29:00
PANTONE 2004 CP,3303,2000,true,0.0,5.0,59.0,0.0,"0.0,0.05,0.59,0.0","0.8764,0.506039215686275,0.704549019607843",243,218,118,#F3DA76,"0.952941176470588,0.854901960784314,0.462745098039216","0.92156862745098,0.850980392156863,0.482352941176471",Color/Palettes/Process/PANTONE/PANTONE+/PantonePlusColorBridgeCoated.xml,2026-02-11 17:29:00
PANTONE 2005 CP,3304,2000,true,0.0,9.0,56.0,0.0,"0.0,0.09,0.56,0.0","0.8583,0.517686274509804,0.694509803921569",241,211,119,#F1D377,"0.945098039215686,0.827450980392157,0.466666666666667","0.913725490196078,0.823529411764706,0.486274509803922",Color/Palettes/Process/PANTONE/PANTONE+/PantonePlusColorBridgeCoated.xml,2026-02-11 17:29:00
PANTONE 2006 CP,3305,2000,true,1.0,21.0,76.0,1.0,"0.01,0.21,0.76,0.01","0.778,0.556156862745098,0.724156862745098",234,182,83,#EAB653,"0.917647058823529,0.713725490196078,0.325490196078431","0.862745098039216,0.705882352941177,0.352941176470588",Color/Palettes/Process/PANTONE/PANTONE+/PantonePlusColorBridgeCoated.xml,2026-02-11 17:29:00
PANTONE 2007 CP,3306,2000,true,1.0,31.0,91.0,5.0,"0.01,0.31,0.91,0.05","0.7025,0.583372549019608,0.746117647058823",222,157,50,#DE9D32,"0.870588235294118,0.615686274509804,0.196078431372549","0.803921568627451,0.607843137254902,0.243137254901961",Color/Palettes/Process/PANTONE/PANTONE+/PantonePlusColorBridgeCoated.xml,2026-02-11 17:29:00
PANTONE 2008 CP,3307,2000,true,0.0,22.0,60.0,0.0,"0.0,0.22,0.6,0.0","0.8034,0.551882352941176,0.687764705882353",238,190,109,#EEBE6D,"0.933333333333333,0.745098039215686,0.427450980392157","0.882352941176471,0.737254901960784,0.443137254901961",Color/Palettes/Process/PANTONE/PANTONE+/PantonePlusColorBridgeCoated.xml,2026-02-11 17:29:00
PANTONE 2009 CP,3308,2000,true,0.0,28.0,67.0,0.0,"0.0,0.28,0.67,0.0","0.7707,0.571843137254902,0.692235294117647",236,177,99,#ECB163,"0.925490196078431,0.694117647058824,0.388235294117647","0.862745098039216,0.690196078431373,0.403921568627451",Color/Palettes/Process/PANTONE/PANTONE+/PantonePlusColorBridgeCoated.xml,2026-02-11 17:29:00
PANTONE 2010 CP,3309,2000,true,0.0,27.0,100.0,0.0,"0.0,0.27,1.0,0.0","0.758,0.571098039215686,0.81121568627451",237,174,0,#EDAE00,"0.929411764705882,0.682352941176471,0.0","0.862745098039216,0.674509803921569,0.145098039215686",Color/Palettes/Process/PANTONE/PANTONE+/PantonePlusColorBridgeCoated.xml,2026-02-11 17:29:00
PANTONE 2011 CP,3310,2000,true,0.0,43.0,88.0,0.0,"0.0,0.43,0.88,0.0","0.7031,0.614588235294118,0.721921568627451",232,151,67,#E89743,"0.909803921568627,0.592156862745098,0.262745098039216","0.831372549019608,0.584313725490196,0.290196078431373",Color/Palettes/Process/PANTONE/PANTONE+/PantonePlusColorBridgeCoated.xml,2026-02-11 17:29:00
PANTONE 2012 CP,3311,2000,true,0.0,43.0,100.0,0.0,"0.0,0.43,1.0,0.0","0.6933,0.617254901960784,0.79356862745098",232,147,0,#E89300,"0.909803921568627,0.576470588235294,0.0","0.831372549019608,0.572549019607843,0.125490196078431",Color/Palettes/Process/PANTONE/PANTONE+/PantonePlusColorBridgeCoated.xml,2026-02-11 17:29:00
PANTONE 2013 CP,3312,2000,true,0.0,39.0,100.0,0.0,"0.0,0.39,1.0,0.0","0.7061,0.607725490196078,0.806980392156863",234,153,0,#EA9900,"0.917647058823529,0.6,0.0","0.835294117647059,0.592156862745098,0.0941176470588235",Color/Palettes/Process/PANTONE/PANTONE+/PantonePlusColorBridgeCoated.xml,2026-02-11 17:29:00
PANTONE 2014 CP,3313,2000,true,0.0,50.0,100.0,19.0,"0.0,0.5,1.0,0.19","0.569,0.609137254901961,0.751960784313725",191,117,0,#BF7500,"0.749019607843137,0.458823529411765,0.0","0.67843137254902,0.454901960784314,0.0980392156862745",Color/Palettes/Process/PANTONE/PANTONE+/PantonePlusColorBridgeCoated.xml,2026-02-11 17:29:00
PANTONE 2015 CP,3314,2000,true,0.0,15.0,31.0,0.0,"0.0,0.15,0.31,0.0","0.8503,0.531254901960784,0.622941176470588",239,207,154,#EFCF9A,"0.937254901960784,0.811764705882353,0.603921568627451","0.901960784313726,0.807843137254902,0.607843137254902",Color/Palettes/Process/PANTONE/PANTONE+/PantonePlusColorBridgeCoated.xml,2026-02-11 17:29:00
PANTONE 2016 CP,3315,2000,true,0.0,29.0,61.0,0.0,"0.0,0.29,0.61,0.0","0.7745,0.567333333333333,0.686941176470588",235,179,102,#EBB366,"0.92156862745098,0.701960784313725,0.4","0.862745098039216,0.698039215686274,0.419607843137255",Color/Palettes/Process/PANTONE/PANTONE+/PantonePlusColorBridgeCoated.xml,2026-02-11 17:29:00
PANTONE 2017 CP,3316,2000,true,0.0,34.0,60.0,0.0,"0.0,0.34,0.6,0.0","0.7536,0.582274509803921,0.672901960784314",234,171,105,#EAAB69,"0.917647058823529,0.670588235294118,0.411764705882353","0.850980392156863,0.662745098039216,0.423529411764706",Color/Palettes/Process/PANTONE/PANTONE+/PantonePlusColorBridgeCoated.xml,2026-02-11 17:29:00
PANTONE 2018 CP,3317,2000,true,0.0,58.0,100.0,0.0,"0.0,0.58,1.0,0.0","0.6364,0.65843137254902,0.765450980392157",228,123,18,#E47B12,"0.894117647058824,0.482352941176471,0.0705882352941176","0.8,0.47843137254902,0.141176470588235",Color/Palettes/Process/PANTONE/PANTONE+/PantonePlusColorBridgeCoated.xml,2026-02-11 17:29:00
PANTONE 2019 CP,3318,2000,true,0.0,62.0,100.0,2.0,"0.0,0.62,1.0,0.02","0.6062,0.662509803921569,0.752392156862745",219,114,21,#DB7215,"0.858823529411765,0.447058823529412,0.0823529411764706","0.764705882352941,0.447058823529412,0.145098039215686",Color/Palettes/Process/PANTONE/PANTONE+/PantonePlusColorBridgeCoated.xml,2026-02-11 17:29:00
PANTONE 2020 CP,3319,2000,true,0.0,70.0,100.0,13.0,"0.0,0.7,1.0,0.13","0.5394,0.658392156862745,0.724470588235294",197,98,23,#C56217,"0.772549019607843,0.384313725490196,0.0901960784313725","0.686274509803922,0.384313725490196,0.141176470588235",Color/Palettes/Process/PANTONE/PANTONE+/PantonePlusColorBridgeCoated.xml,2026-02-11 17:29:00
PANTONE 2021 CP,3320,2000,true,0.0,71.0,100.0,34.0,"0.0,0.71,1.0,0.34","0.4613,0.635529411764706,0.693725490196078",166,84,22,#A65416,"0.650980392156863,0.329411764705882,0.0862745098039216","0.576470588235294,0.333333333333333,0.129411764705882",Color/Palettes/Process/PANTONE/PANTONE+/PantonePlusColorBridgeCoated.xml,2026-02-11 17:29:00
PANTONE 2022 CP,3321,2000,true,0.0,38.0,40.0,0.0,"0.0,0.38,0.4,0.0","0.7358,0.602392156862745,0.614156862745098",232,163,129,#E8A381,"0.909803921568627,0.63921568627451,0.505882352941176","0.83921568627451,0.631372549019608,0.509803921568627",Color/Palettes/Process/PANTONE/PANTONE+/PantonePlusColorBridgeCoated.xml,2026-02-11 17:29:00
PANTONE 2023 CP,3322,2000,true,0.0,50.0,54.0,0.0,"0.0,0.5,0.54,0.0","0.6871,0.632,0.640352941176471",230,143,105,#E68F69,"0.901960784313726,0.56078431372549,0.411764705882353","0.819607843137255,0.556862745098039,0.419607843137255",Color/Palettes/Process/PANTONE/PANTONE+/PantonePlusColorBridgeCoated.xml,2026-02-11 17:29:00
PANTONE 2024 CP,3323,2000,true,0.0,62.0,68.0,0.0,"0.0,0.62,0.68,0.0","0.6485,0.656901960784314,0.659490196078431",227,127,87,#E37F57,"0.890196078431372,0.498039215686275,0.341176470588235","0.8,0.494117647058824,0.352941176470588",Color/Palettes/Process/PANTONE/PANTONE+/PantonePlusColorBridgeCoated.xml,2026-02-11 17:29:00
PANTONE 2025 CP,3324,2000,true,0.0,53.0,85.0,0.0,"0.0,0.53,0.85,0.0","0.6603,0.643843137254902,0.703921568627451",228,133,67,#E48543,"0.894117647058824,0.52156862745098,0.262745098039216","0.807843137254902,0.517647058823529,0.286274509803922",Color/Palettes/Process/PANTONE/PANTONE+/PantonePlusColorBridgeCoated.xml,2026-02-11 17:29:00
PANTONE 2026 CP,3325,2000,true,0.0,73.0,85.0,0.0,"0.0,0.73,0.85,0.0","0.5828,0.705098039215686,0.678901960784314",223,97,63,#DF613F,"0.874509803921569,0.380392156862745,0.247058823529412","0.772549019607843,0.380392156862745,0.262745098039216",Color/Palettes/Process/PANTONE/PANTONE+/PantonePlusColorBridgeCoated.xml,2026-02-11 17:29:00
PANTONE 2027 CP,3326,2000,true,0.0,80.0,79.0,0.0,"0.0,0.8,0.79,0.0","0.564,0.72278431372549,0.664039215686274",223,86,67,#DF5643,"0.874509803921569,0.337254901960784,0.262745098039216","0.764705882352941,0.341176470588235,0.270588235294118",Color/Palettes/Process/PANTONE/PANTONE+/PantonePlusColorBridgeCoated.xml,2026-02-11 17:29:00
PANTONE 2028 CP,3327,2000,true,0.0,86.0,100.0,0.0,"0.0,0.86,1.0,0.0","0.533,0.745372549019608,0.710509803921569",221,68,37,#DD4425,"0.866666666666667,0.266666666666667,0.145098039215686","0.752941176470588,0.274509803921569,0.168627450980392",Color/Palettes/Process/PANTONE/PANTONE+/PantonePlusColorBridgeCoated.xml,2026-02-11 17:29:00
PANTONE 2029 CP,3328,2000,true,0.0,59.0,37.0,0.0,"0.0,0.59,0.37,0.0","0.6633,0.649176470588235,0.597254901960784",226,134,120,#E28678,"0.886274509803922,0.525490196078431,0.470588235294118","0.8,0.517647058823529,0.466666666666667",Color/Palettes/Process/PANTONE/PANTONE+/PantonePlusColorBridgeCoated.xml,2026-02-11 17:29:00
PANTONE 2030 CP,3329,2000,true,0.0,60.0,39.0,1.0,"0.0,0.6,0.39,0.01","0.6503,0.650705882352941,0.606078431372549",223,130,112,#DF8270,"0.874509803921569,0.509803921568627,0.43921568627451","0.788235294117647,0.505882352941176,0.443137254901961",Color/Palettes/Process/PANTONE/PANTONE+/PantonePlusColorBridgeCoated.xml,2026-02-11 17:29:00
PANTONE 2031 CP,3330,2000,true,1.0,68.0,46.0,3.0,"0.01,0.68,0.46,0.03","0.6046,0.666588235294118,0.61356862745098",215,114,98,#D77262,"0.843137254901961,0.447058823529412,0.384313725490196","0.752941176470588,0.443137254901961,0.388235294117647",Color/Palettes/Process/PANTONE/PANTONE+/PantonePlusColorBridgeCoated.xml,2026-02-11 17:29:00
PANTONE 2032 CP,3331,2000,true,1.0,75.0,54.0,5.0,"0.01,0.75,0.54,0.05","0.5684,0.687019607843137,0.628862745098039",212,99,83,#D46353,"0.831372549019608,0.388235294117647,0.325490196078431","0.733333333333333,0.388235294117647,0.329411764705882",Color/Palettes/Process/PANTONE/PANTONE+/PantonePlusColorBridgeCoated.xml,2026-02-11 17:29:00
PANTONE 2033 CP,3332,2000,true,1.0,83.0,65.0,9.0,"0.01,0.83,0.65,0.09","0.5071,0.70356862745098,0.634588235294118",199,77,66,#C74D42,"0.780392156862745,0.301960784313725,0.258823529411765","0.67843137254902,0.305882352941176,0.270588235294118",Color/Palettes/Process/PANTONE/PANTONE+/PantonePlusColorBridgeCoated.xml,2026-02-11 17:29:00
PANTONE 2034 CP,3333,2000,true,0.0,89.0,76.0,0.0,"0.0,0.89,0.76,0.0","0.5324,0.743725490196078,0.669725490196078",219,69,57,#DB4539,"0.858823529411765,0.270588235294118,0.223529411764706","0.745098039215686,0.27843137254902,0.235294117647059",Color/Palettes/Process/PANTONE/PANTONE+/PantonePlusColorBridgeCoated.xml,2026-02-11 17:29:00
PANTONE 2035 CP,3334,2000,true,0.0,100.0,100.0,0.0,"0.0,1.0,1.0,0.0","0.5124,0.766980392156863,0.705764705882353",221,50,36,#DD3224,"0.866666666666667,0.196078431372549,0.141176470588235","0.745098039215686,0.211764705882353,0.16078431372549",Color/Palettes/Process/PANTONE/PANTONE+/PantonePlusColorBridgeCoated.xml,2026-02-11 17:29:00
PANTONE 2036 CP,3335,2000,true,0.0,28.0,0.0,0.0,"0.0,0.28,0.0,0.0","0.8008,0.587411764705882,0.491803921568627",233,184,204,#E9B8CC,"0.913725490196078,0.72156862745098,0.8","0.862745098039216,0.717647058823529,0.792156862745098",Color/Palettes/Process/PANTONE/PANTONE+/PantonePlusColorBridgeCoated.xml,2026-02-11 17:29:00
PANTONE 2037 CP,3336,2000,true,1.0,48.0,0.0,0.0,"0.01,0.48,0.0,0.0","0.7103,0.64721568627451,0.476901960784314",229,148,187,#E594BB,"0.898039215686275,0.580392156862745,0.733333333333333","0.819607843137255,0.572549019607843,0.72156862745098",Color/Palettes/Process/PANTONE/PANTONE+/PantonePlusColorBridgeCoated.xml,2026-02-11 17:29:00
PANTONE 2038 CP,3337,2000,true,0.0,72.0,1.0,0.0,"0.0,0.72,0.01,0.0","0.6103,0.713058823529412,0.486156862745098",224,103,157,#E0679D,"0.87843137254902,0.403921568627451,0.615686274509804","0.772549019607843,0.403921568627451,0.603921568627451",Color/Palettes/Process/PANTONE/PANTONE+/PantonePlusColorBridgeCoated.xml,2026-02-11 17:29:00
PANTONE 2039 CP,3338,2000,true,0.0,87.0,3.0,0.0,"0.0,0.87,0.03,0.0","0.5454,0.757960784313725,0.508745098039216",220,68,131,#DC4483,"0.862745098039216,0.266666666666667,0.513725490196078","0.749019607843137,0.274509803921569,0.501960784313725",Color/Palettes/Process/PANTONE/PANTONE+/PantonePlusColorBridgeCoated.xml,2026-02-11 17:29:00
PANTONE 2040 CP,3339,2000,true,0.0,100.0,37.0,0.0,"0.0,1.0,0.37,0.0","0.4942,0.787294117647059,0.59156862745098",218,28,84,#DA1C54,"0.854901960784314,0.109803921568627,0.329411764705882","0.733333333333333,0.129411764705882,0.329411764705882",Color/Palettes/Process/PANTONE/PANTONE+/PantonePlusColorBridgeCoated.xml,2026-02-11 17:29:00
PANTONE 2041 CP,3340,2000,true,4.0,98.0,27.0,27.0,"0.04,0.98,0.27,0.27","0.401,0.720627450980392,0.553607843137255",169,40,77,#A9284D,"0.662745098039216,0.156862745098039,0.301960784313725","0.568627450980392,0.172549019607843,0.301960784313725",Color/Palettes/Process/PANTONE/PANTONE+/PantonePlusColorBridgeCoated.xml,2026-02-11 17:29:00
PANTONE 2042 CP,3341,2000,true,15.0,95.0,34.0,55.0,"0.15,0.95,0.34,0.55","0.3022,0.649019607843137,0.546274509803922",120,42,56,#782A38,"0.470588235294118,0.164705882352941,0.219607843137255","0.411764705882353,0.180392156862745,0.227450980392157",Color/Palettes/Process/PANTONE/PANTONE+/PantonePlusColorBridgeCoated.xml,2026-02-11 17:29:00
PANTONE 2043 CP,3342,2000,true,0.0,23.0,0.0,0.0,"0.0,0.23,0.0,0.0","0.8347,0.564117647058824,0.507490196078431",235,198,206,#EBC6CE,"0.92156862745098,0.776470588235294,0.807843137254902","0.882352941176471,0.768627450980392,0.8",Color/Palettes/Process/PANTONE/PANTONE+/PantonePlusColorBridgeCoated.xml,2026-02-11 17:29:00
PANTONE 2044 CP,3343,2000,true,0.0,49.0,0.0,0.0,"0.0,0.49,0.0,0.0","0.7147,0.640235294117647,0.492156862745098",229,150,181,#E596B5,"0.898039215686275,0.588235294117647,0.709803921568627","0.819607843137255,0.584313725490196,0.701960784313725",Color/Palettes/Process/PANTONE/PANTONE+/PantonePlusColorBridgeCoated.xml,2026-02-11 17:29:00
PANTONE 2045 CP,3344,2000,true,1.0,63.0,0.0,0.0,"0.01,0.63,0.0,0.0","0.655,0.671960784313726,0.495529411764706",223,127,164,#DF7FA4,"0.874509803921569,0.498039215686275,0.643137254901961","0.788235294117647,0.494117647058824,0.631372549019608",Color/Palettes/Process/PANTONE/PANTONE+/PantonePlusColorBridgeCoated.xml,2026-02-11 17:29:00
PANTONE 2046 CP,3345,2000,true,6.0,75.0,5.0,2.0,"0.06,0.75,0.05,0.02","0.5729,0.699450980392157,0.503529411764706",209,97,139,#D1618B,"0.819607843137255,0.380392156862745,0.545098039215686","0.725490196078431,0.380392156862745,0.537254901960784",Color/Palettes/Process/PANTONE/PANTONE+/PantonePlusColorBridgeCoated.xml,2026-02-11 17:29:00
PANTONE 2047 CP,3346,2000,true,19.0,80.0,15.0,15.0,"0.19,0.8,0.15,0.15","0.4577,0.666666666666667,0.497450980392157",165,77,112,#A54D70,"0.647058823529412,0.301960784313725,0.43921568627451","0.568627450980392,0.305882352941176,0.431372549019608",Color/Palettes/Process/PANTONE/PANTONE+/PantonePlusColorBridgeCoated.xml,2026-02-11 17:29:00
PANTONE 2048 CP,3347,2000,true,20.0,86.0,19.0,24.0,"0.2,0.86,0.19,0.24","0.4231,0.659843137254902,0.50278431372549",154,70,101,#9A4665,"0.603921568627451,0.274509803921569,0.396078431372549","0.529411764705882,0.27843137254902,0.392156862745098",Color/Palettes/Process/PANTONE/PANTONE+/PantonePlusColorBridgeCoated.xml,2026-02-11 17:29:00
PANTONE 2049 CP,3348,2000,true,16.0,91.0,24.0,39.0,"0.16,0.91,0.24,0.39","0.3737,0.656039215686274,0.515294117647059",140,58,84,#8C3A54,"0.549019607843137,0.227450980392157,0.329411764705882","0.482352941176471,0.235294117647059,0.329411764705882",Color/Palettes/Process/PANTONE/PANTONE+/PantonePlusColorBridgeCoated.xml,2026-02-11 17:29:00
PANTONE 2050 CP,3349,2000,true,0.0,14.0,0.0,0.0,"0.0,0.14,0.0,0.0","0.8786,0.543333333333333,0.495333333333333",238,214,224,#EED6E0,"0.933333333333333,0.83921568627451,0.87843137254902","0.901960784313726,0.835294117647059,0.870588235294118",Color/Palettes/Process/PANTONE/PANTONE+/PantonePlusColorBridgeCoated.xml,2026-02-11 17:29:00
PANTONE 2051 CP,3350,2000,true,7.0,23.0,1.0,0.0,"0.07,0.23,0.01,0.0","0.8107,0.550078431372549,0.503647058823529",222,194,201,#DEC2C9,"0.870588235294118,0.76078431372549,0.788235294117647","0.835294117647059,0.752941176470588,0.780392156862745",Color/Palettes/Process/PANTONE/PANTONE+/PantonePlusColorBridgeCoated.xml,2026-02-11 17:29:00
PANTONE 2052 CP,3351,2000,true,14.0,38.0,5.0,1.0,"0.14,0.38,0.05,0.01","0.7037,0.576,0.497882352941176",202,160,174,#CAA0AE,"0.792156862745098,0.627450980392157,0.682352941176471","0.745098039215686,0.623529411764706,0.674509803921569",Color/Palettes/Process/PANTONE/PANTONE+/PantonePlusColorBridgeCoated.xml,2026-02-11 17:29:00
PANTONE 2053 CP,3352,2000,true,22.0,52.0,9.0,4.0,"0.22,0.52,0.09,0.04","0.6169,0.588117647058824,0.493647058823529",182,135,153,#B68799,"0.713725490196078,0.529411764705882,0.6","0.662745098039216,0.525490196078431,0.592156862745098",Color/Palettes/Process/PANTONE/PANTONE+/PantonePlusColorBridgeCoated.xml,2026-02-11 17:29:00
PANTONE 2054 CP,3353,2000,true,30.0,57.0,15.0,9.0,"0.3,0.57,0.15,0.09","0.5504,0.583333333333333,0.497372549019608",162,119,134,#A27786,"0.635294117647059,0.466666666666667,0.525490196078431","0.588235294117647,0.462745098039216,0.52156862745098",Color/Palettes/Process/PANTONE/PANTONE+/PantonePlusColorBridgeCoated.xml,2026-02-11 17:29:00
PANTONE 2055 CP,3354,2000,true,34.0,65.0,17.0,15.0,"0.34,0.65,0.17,0.15","0.4955,0.589058823529412,0.500705882352941",150,104,119,#966877,"0.588235294117647,0.407843137254902,0.466666666666667","0.537254901960784,0.407843137254902,0.462745098039216",Color/Palettes/Process/PANTONE/PANTONE+/PantonePlusColorBridgeCoated.xml,2026-02-11 17:29:00
PANTONE 2056 CP,3355,2000,true,37.0,75.0,20.0,26.0,"0.37,0.75,0.2,0.26","0.4181,0.60078431372549,0.504509803921569",134,83,98,#865362,"0.525490196078431,0.325490196078431,0.384313725490196","0.474509803921569,0.325490196078431,0.384313725490196",Color/Palettes/Process/PANTONE/PANTONE+/PantonePlusColorBridgeCoated.xml,2026-02-11 17:29:00
PANTONE 2057 CP,3356,2000,true,11.0,47.0,0.0,0.0,"0.11,0.47,0.0,0.0","0.6737,0.62321568627451,0.472666666666667",208,143,179,#D08FB3,"0.815686274509804,0.56078431372549,0.701960784313725","0.749019607843137,0.556862745098039,0.690196078431373",Color/Palettes/Process/PANTONE/PANTONE+/PantonePlusColorBridgeCoated.xml,2026-02-11 17:29:00
PANTONE 2058 CP,3357,2000,true,22.0,51.0,2.0,1.0,"0.22,0.51,0.02,0.01","0.6063,0.603490196078431,0.466352941176471",181,130,163,#B582A3,"0.709803921568627,0.509803921568627,0.63921568627451","0.654901960784314,0.505882352941176,0.627450980392157",Color/Palettes/Process/PANTONE/PANTONE+/PantonePlusColorBridgeCoated.xml,2026-02-11 17:29:00
PANTONE 2059 CP,3358,2000,true,20.0,55.0,4.0,2.0,"0.2,0.55,0.04,0.02","0.6012,0.616235294117647,0.467882352941176",185,126,161,#B97EA1,"0.725490196078431,0.494117647058824,0.631372549019608","0.662745098039216,0.490196078431373,0.619607843137255",Color/Palettes/Process/PANTONE/PANTONE+/PantonePlusColorBridgeCoated.xml,2026-02-11 17:29:00
PANTONE 2060 CP,3359,2000,true,15.0,66.0,0.0,0.0,"0.15,0.66,0.0,0.0","0.5887,0.676823529411765,0.453607843137255",202,108,165,#CA6CA5,"0.792156862745098,0.423529411764706,0.647058823529412","0.705882352941177,0.423529411764706,0.635294117647059",Color/Palettes/Process/PANTONE/PANTONE+/PantonePlusColorBridgeCoated.xml,2026-02-11 17:29:00
PANTONE 2061 CP,3360,2000,true,24.0,77.0,3.0,4.0,"0.24,0.77,0.03,0.04","0.4883,0.678117647058824,0.461058823529412",174,82,135,#AE5287,"0.682352941176471,0.32156862745098,0.529411764705882","0.603921568627451,0.325490196078431,0.52156862745098",Color/Palettes/Process/PANTONE/PANTONE+/PantonePlusColorBridgeCoated.xml,2026-02-11 17:29:00
PANTONE 2062 CP,3361,2000,true,25.0,84.0,0.0,0.0,"0.25,0.84,0.0,0.0","0.4896,0.702980392156863,0.441686274509804",181,75,144,#B54B90,"0.709803921568627,0.294117647058824,0.564705882352941","0.619607843137255,0.298039215686275,0.552941176470588",Color/Palettes/Process/PANTONE/PANTONE+/PantonePlusColorBridgeCoated.xml,2026-02-11 17:29:00
PANTONE 2063 CP,3362,2000,true,28.0,94.0,0.0,4.0,"0.28,0.94,0.0,0.04","0.4236,0.710509803921569,0.443529411764706",165,53,127,#A5357F,"0.647058823529412,0.207843137254902,0.498039215686275","0.56078431372549,0.219607843137255,0.486274509803922",Color/Palettes/Process/PANTONE/PANTONE+/PantonePlusColorBridgeCoated.xml,2026-02-11 17:29:00
PANTONE 2064 CP,3363,2000,true,8.0,41.0,0.0,0.0,"0.08,0.41,0.0,0.0","0.7296,0.619764705882353,0.471529411764706",223,159,194,#DF9FC2,"0.874509803921569,0.623529411764706,0.76078431372549","0.807843137254902,0.615686274509804,0.752941176470588",Color/Palettes/Process/PANTONE/PANTONE+/PantonePlusColorBridgeCoated.xml,2026-02-11 17:29:00
PANTONE 2065 CP,3364,2000,true,10.0,37.0,0.0,0.0,"0.1,0.37,0.0,0.0","0.7401,0.602039215686274,0.467686274509804",219,165,199,#DBA5C7,"0.858823529411765,0.647058823529412,0.780392156862745","0.8,0.643137254901961,0.768627450980392",Color/Palettes/Process/PANTONE/PANTONE+/PantonePlusColorBridgeCoated.xml,2026-02-11 17:29:00
PANTONE 2066 CP,3365,2000,true,16.0,50.0,0.0,0.0,"0.16,0.5,0.0,0.0","0.6678,0.620627450980392,0.450117647058824",203,142,187,#CB8EBB,"0.796078431372549,0.556862745098039,0.733333333333333","0.733333333333333,0.552941176470588,0.72156862745098",Color/Palettes/Process/PANTONE/PANTONE+/PantonePlusColorBridgeCoated.xml,2026-02-11 17:29:00
PANTONE 2067 CP,3366,2000,true,26.0,66.0,0.0,0.0,"0.26,0.66,0.0,0.0","0.574,0.65,0.434980392156863",186,112,169,#BA70A9,"0.729411764705882,0.43921568627451,0.662745098039216","0.654901960784314,0.435294117647059,0.650980392156863",Color/Palettes/Process/PANTONE/PANTONE+/PantonePlusColorBridgeCoated.xml,2026-02-11 17:29:00
PANTONE 2068 CP,3367,2000,true,35.0,78.0,0.0,0.0,"0.35,0.78,0.0,0.0","0.5096,0.663921568627451,0.419411764705882",171,92,159,#AB5C9F,"0.670588235294118,0.36078431372549,0.623529411764706","0.596078431372549,0.36078431372549,0.607843137254902",Color/Palettes/Process/PANTONE/PANTONE+/PantonePlusColorBridgeCoated.xml,2026-02-11 17:29:00
PANTONE 2069 CP,3368,2000,true,42.0,88.0,0.0,0.0,"0.42,0.88,0.0,0.0","0.4769,0.664901960784314,0.407019607843137",161,83,155,#A1539B,"0.631372549019608,0.325490196078431,0.607843137254902","0.56078431372549,0.329411764705882,0.596078431372549",Color/Palettes/Process/PANTONE/PANTONE+/PantonePlusColorBridgeCoated.xml,2026-02-11 17:29:00
PANTONE 2070 CP,3369,2000,true,52.0,99.0,0.0,0.0,"0.52,0.99,0.0,0.0","0.3931,0.693450980392157,0.392156862745098",146,52,140,#92348C,"0.572549019607843,0.203921568627451,0.549019607843137","0.498039215686275,0.215686274509804,0.533333333333333",Color/Palettes/Process/PANTONE/PANTONE+/PantonePlusColorBridgeCoated.xml,2026-02-11 17:29:00
PANTONE 2078 CP,3370,2000,true,25.0,37.0,2.0,1.0,"0.25,0.37,0.02,0.01","0.6852,0.553098039215686,0.461647058823529",182,160,186,#B6A0BA,"0.713725490196078,0.627450980392157,0.729411764705882","0.686274509803922,0.619607843137255,0.717647058823529",Color/Palettes/Process/PANTONE/PANTONE+/PantonePlusColorBridgeCoated.xml,2026-02-11 17:29:00
PANTONE 2079 CP,3371,2000,true,38.0,51.0,5.0,3.0,"0.38,0.51,0.05,0.03","0.5857,0.565098039215686,0.451254901960784",158,132,164,#9E84A4,"0.619607843137255,0.517647058823529,0.643137254901961","0.588235294117647,0.513725490196078,0.631372549019608",Color/Palettes/Process/PANTONE/PANTONE+/PantonePlusColorBridgeCoated.xml,2026-02-11 17:29:00
PANTONE 2080 CP,3372,2000,true,42.0,59.0,0.0,0.0,"0.42,0.59,0.0,0.0","0.5649,0.588117647058824,0.416392156862745",157,123,174,#9D7BAE,"0.615686274509804,0.482352941176471,0.682352941176471","0.576470588235294,0.47843137254902,0.670588235294118",Color/Palettes/Process/PANTONE/PANTONE+/PantonePlusColorBridgeCoated.xml,2026-02-11 17:29:00
PANTONE 2081 CP,3373,2000,true,52.0,70.0,0.0,0.0,"0.52,0.7,0.0,0.0","0.4949,0.597450980392157,0.405725490196078",140,103,160,#8C67A0,"0.549019607843137,0.403921568627451,0.627450980392157","0.509803921568627,0.403921568627451,0.615686274509804",Color/Palettes/Process/PANTONE/PANTONE+/PantonePlusColorBridgeCoated.xml,2026-02-11 17:29:00
PANTONE 2082 CP,3374,2000,true,60.0,79.0,0.0,0.0,"0.6,0.79,0.0,0.0","0.4295,0.604901960784314,0.394313725490196",124,86,147,#7C5693,"0.486274509803922,0.337254901960784,0.576470588235294","0.447058823529412,0.341176470588235,0.564705882352941",Color/Palettes/Process/PANTONE/PANTONE+/PantonePlusColorBridgeCoated.xml,2026-02-11 17:29:00
PANTONE 2083 CP,3375,2000,true,51.0,70.0,0.0,0.0,"0.51,0.7,0.0,0.0","0.5041,0.604901960784314,0.399058823529412",145,104,165,#9168A5,"0.568627450980392,0.407843137254902,0.647058823529412","0.525490196078431,0.407843137254902,0.635294117647059",Color/Palettes/Process/PANTONE/PANTONE+/PantonePlusColorBridgeCoated.xml,2026-02-11 17:29:00
PANTONE 2084 CP,3376,2000,true,65.0,91.0,0.0,0.0,"0.65,0.91,0.0,0.0","0.3695,0.643960784313725,0.372470588235294",120,62,141,#783E8D,"0.470588235294118,0.243137254901961,0.552941176470588","0.419607843137255,0.254901960784314,0.541176470588235",Color/Palettes/Process/PANTONE/PANTONE+/PantonePlusColorBridgeCoated.xml,2026-02-11 17:29:00
PANTONE 2071 CP,3377,2000,true,19.0,29.0,0.0,0.0,"0.19,0.29,0.0,0.0","0.7341,0.563176470588235,0.448352941176471",198,171,206,#C6ABCE,"0.776470588235294,0.670588235294118,0.807843137254902","0.741176470588235,0.666666666666667,0.796078431372549",Color/Palettes/Process/PANTONE/PANTONE+/PantonePlusColorBridgeCoated.xml,2026-02-11 17:29:00
PANTONE 2072 CP,3378,2000,true,28.0,42.0,0.0,0.0,"0.28,0.42,0.0,0.0","0.659,0.582117647058824,0.432941176470588",183,148,192,#B794C0,"0.717647058823529,0.580392156862745,0.752941176470588","0.674509803921569,0.576470588235294,0.741176470588235",Color/Palettes/Process/PANTONE/PANTONE+/PantonePlusColorBridgeCoated.xml,2026-02-11 17:29:00
PANTONE 2073 CP,3379,2000,true,32.0,42.0,0.0,0.0,"0.32,0.42,0.0,0.0","0.6464,0.572352941176471,0.423411764705882",174,147,193,#AE93C1,"0.682352941176471,0.576470588235294,0.756862745098039","0.647058823529412,0.568627450980392,0.745098039215686",Color/Palettes/Process/PANTONE/PANTONE+/PantonePlusColorBridgeCoated.xml,2026-02-11 17:29:00
PANTONE 2074 CP,3380,2000,true,48.0,65.0,0.0,0.0,"0.48,0.65,0.0,0.0","0.51,0.610196078431373,0.398666666666667",148,105,167,#9469A7,"0.580392156862745,0.411764705882353,0.654901960784314","0.533333333333333,0.411764705882353,0.643137254901961",Color/Palettes/Process/PANTONE/PANTONE+/PantonePlusColorBridgeCoated.xml,2026-02-11 17:29:00
PANTONE 2075 CP,3381,2000,true,55.0,65.0,0.0,0.0,"0.55,0.65,0.0,0.0","0.4942,0.59556862745098,0.386941176470588",136,104,168,#8868A8,"0.533333333333333,0.407843137254902,0.658823529411765","0.498039215686275,0.407843137254902,0.643137254901961",Color/Palettes/Process/PANTONE/PANTONE+/PantonePlusColorBridgeCoated.xml,2026-02-11 17:29:00
PANTONE 2076 CP,3382,2000,true,57.0,73.0,0.0,0.0,"0.57,0.73,0.0,0.0","0.4747,0.599960784313726,0.382117647058824",132,98,165,#8462A5,"0.517647058823529,0.384313725490196,0.647058823529412","0.482352941176471,0.384313725490196,0.631372549019608",Color/Palettes/Process/PANTONE/PANTONE+/PantonePlusColorBridgeCoated.xml,2026-02-11 17:29:00
PANTONE 2077 CP,3383,2000,true,70.0,88.0,0.0,0.0,"0.7,0.88,0.0,0.0","0.3756,0.627058823529412,0.364470588235294",114,69,146,#724592,"0.447058823529412,0.270588235294118,0.572549019607843","0.403921568627451,0.274509803921569,0.56078431372549",Color/Palettes/Process/PANTONE/PANTONE+/PantonePlusColorBridgeCoated.xml,2026-02-11 17:29:00
PANTONE 2085 CP,3384,2000,true,8.0,17.0,0.0,0.0,"0.08,0.17,0.0,0.0","0.8441,0.54243137254902,0.47678431372549",224,205,223,#E0CDDF,"0.87843137254902,0.803921568627451,0.874509803921569","0.854901960784314,0.796078431372549,0.866666666666667",Color/Palettes/Process/PANTONE/PANTONE+/PantonePlusColorBridgeCoated.xml,2026-02-11 17:29:00
PANTONE 2086 CP,3385,2000,true,39.0,46.0,0.0,0.0,"0.39,0.46,0.0,0.0","0.6277,0.564078431372549,0.416745098039216",164,143,191,#A48FBF,"0.643137254901961,0.56078431372549,0.749019607843137","0.615686274509804,0.556862745098039,0.733333333333333",Color/Palettes/Process/PANTONE/PANTONE+/PantonePlusColorBridgeCoated.xml,2026-02-11 17:29:00
PANTONE 2087 CP,3386,2000,true,45.0,53.0,0.0,0.0,"0.45,0.53,0.0,0.0","0.5824,0.577333333333333,0.407490196078431",156,129,182,#9C81B6,"0.611764705882353,0.505882352941176,0.713725490196078","0.576470588235294,0.501960784313725,0.701960784313725",Color/Palettes/Process/PANTONE/PANTONE+/PantonePlusColorBridgeCoated.xml,2026-02-11 17:29:00
PANTONE 2088 CP,3387,2000,true,61.0,69.0,0.0,0.0,"0.61,0.69,0.0,0.0","0.4735,0.594196078431373,0.38478431372549",130,99,163,#8263A3,"0.509803921568627,0.388235294117647,0.63921568627451","0.474509803921569,0.388235294117647,0.627450980392157",Color/Palettes/Process/PANTONE/PANTONE+/PantonePlusColorBridgeCoated.xml,2026-02-11 17:29:00
PANTONE 2089 CP,3388,2000,true,71.0,80.0,0.0,0.0,"0.71,0.8,0.0,0.0","0.4044,0.612196078431373,0.371372549019608",117,79,151,#754F97,"0.458823529411765,0.309803921568627,0.592156862745098","0.419607843137255,0.313725490196078,0.576470588235294",Color/Palettes/Process/PANTONE/PANTONE+/PantonePlusColorBridgeCoated.xml,2026-02-11 17:29:00
PANTONE 2090 CP,3389,2000,true,78.0,89.0,0.0,0.0,"0.78,0.89,0.0,0.0","0.3681,0.609450980392157,0.357450980392157",104,71,147,#684793,"0.407843137254902,0.27843137254902,0.576470588235294","0.376470588235294,0.282352941176471,0.56078431372549",Color/Palettes/Process/PANTONE/PANTONE+/PantonePlusColorBridgeCoated.xml,2026-02-11 17:29:00
PANTONE 2091 CP,3390,2000,true,91.0,100.0,0.0,0.0,"0.91,1.0,0.0,0.0","0.2675,0.629882352941176,0.332039215686275",81,42,131,#512A83,"0.317647058823529,0.164705882352941,0.513725490196078","0.290196078431373,0.180392156862745,0.501960784313725",Color/Palettes/Process/PANTONE/PANTONE+/PantonePlusColorBridgeCoated.xml,2026-02-11 17:29:00
PANTONE 2092 CP,3391,2000,true,26.0,29.0,0.0,0.0,"0.26,0.29,0.0,0.0","0.7244,0.547647058823529,0.442235294117647",187,171,205,#BBABCD,"0.733333333333333,0.670588235294118,0.803921568627451","0.713725490196078,0.666666666666667,0.796078431372549",Color/Palettes/Process/PANTONE/PANTONE+/PantonePlusColorBridgeCoated.xml,2026-02-11 17:29:00
PANTONE 2093 CP,3392,2000,true,35.0,38.0,0.0,0.0,"0.35,0.38,0.0,0.0","0.6655,0.547725490196078,0.438862745098039",171,156,191,#AB9CBF,"0.670588235294118,0.611764705882353,0.749019607843137","0.647058823529412,0.603921568627451,0.737254901960784",Color/Palettes/Process/PANTONE/PANTONE+/PantonePlusColorBridgeCoated.xml,2026-02-11 17:29:00
PANTONE 2094 CP,3393,2000,true,46.0,49.0,0.0,1.0,"0.46,0.49,0.0,0.01","0.5859,0.556823529411765,0.427607843137255",151,134,174,#9786AE,"0.592156862745098,0.525490196078431,0.682352941176471","0.568627450980392,0.52156862745098,0.670588235294118",Color/Palettes/Process/PANTONE/PANTONE+/PantonePlusColorBridgeCoated.xml,2026-02-11 17:29:00
PANTONE 2095 CP,3394,2000,true,61.0,65.0,0.0,0.0,"0.61,0.65,0.0,0.0","0.496,0.578274509803922,0.386",129,108,168,#816CA8,"0.505882352941176,0.423529411764706,0.658823529411765","0.482352941176471,0.419607843137255,0.647058823529412",Color/Palettes/Process/PANTONE/PANTONE+/PantonePlusColorBridgeCoated.xml,2026-02-11 17:29:00
PANTONE 2096 CP,3395,2000,true,72.0,77.0,0.0,0.0,"0.72,0.77,0.0,0.0","0.4227,0.596235294117647,0.372235294117647",115,86,155,#73569B,"0.450980392156863,0.337254901960784,0.607843137254902","0.423529411764706,0.341176470588235,0.592156862745098",Color/Palettes/Process/PANTONE/PANTONE+/PantonePlusColorBridgeCoated.xml,2026-02-11 17:29:00
PANTONE 2097 CP,3396,2000,true,78.0,82.0,0.0,0.0,"0.78,0.82,0.0,0.0","0.3915,0.592823529411765,0.360627450980392",103,80,152,#675098,"0.403921568627451,0.313725490196078,0.596078431372549","0.380392156862745,0.317647058823529,0.580392156862745",Color/Palettes/Process/PANTONE/PANTONE+/PantonePlusColorBridgeCoated.xml,2026-02-11 17:29:00
PANTONE 2098 CP,3397,2000,true,92.0,97.0,0.0,0.0,"0.92,0.97,0.0,0.0","0.2905,0.61156862745098,0.334901960784314",80,52,136,#503488,"0.313725490196078,0.203921568627451,0.533333333333333","0.294117647058824,0.215686274509804,0.517647058823529",Color/Palettes/Process/PANTONE/PANTONE+/PantonePlusColorBridgeCoated.xml,2026-02-11 17:29:00
PANTONE 2099 CP,3398,2000,true,30.0,34.0,0.0,0.0,"0.3,0.34,0.0,0.0","0.6984,0.546549019607843,0.435411764705882",179,165,201,#B3A5C9,"0.701960784313725,0.647058823529412,0.788235294117647","0.67843137254902,0.63921568627451,0.780392156862745",Color/Palettes/Process/PANTONE/PANTONE+/PantonePlusColorBridgeCoated.xml,2026-02-11 17:29:00
PANTONE 2100 CP,3399,2000,true,39.0,43.0,0.0,0.0,"0.39,0.43,0.0,0.0","0.6383,0.552078431372549,0.414392156862745",161,148,194,#A194C2,"0.631372549019608,0.580392156862745,0.76078431372549","0.611764705882353,0.576470588235294,0.749019607843137",Color/Palettes/Process/PANTONE/PANTONE+/PantonePlusColorBridgeCoated.xml,2026-02-11 17:29:00
PANTONE 2101 CP,3400,2000,true,54.0,56.0,0.0,0.0,"0.54,0.56,0.0,0.0","0.5509,0.561725490196078,0.390941176470588",137,124,181,#897CB5,"0.537254901960784,0.486274509803922,0.709803921568627","0.52156862745098,0.486274509803922,0.698039215686274",Color/Palettes/Process/PANTONE/PANTONE+/PantonePlusColorBridgeCoated.xml,2026-02-11 17:29:00
PANTONE 2102 CP,3401,2000,true,73.0,72.0,0.0,0.0,"0.73,0.72,0.0,0.0","0.4486,0.570549019607843,0.364588235294118",109,98,165,#6D62A5,"0.427450980392157,0.384313725490196,0.647058823529412","0.415686274509804,0.384313725490196,0.631372549019608",Color/Palettes/Process/PANTONE/PANTONE+/PantonePlusColorBridgeCoated.xml,2026-02-11 17:29:00
PANTONE 2103 CP,3402,2000,true,80.0,81.0,0.0,0.0,"0.8,0.81,0.0,0.0","0.3967,0.585372549019608,0.355803921568627",100,83,155,#64539B,"0.392156862745098,0.325490196078431,0.607843137254902","0.376470588235294,0.325490196078431,0.592156862745098",Color/Palettes/Process/PANTONE/PANTONE+/PantonePlusColorBridgeCoated.xml,2026-02-11 17:29:00
PANTONE 2104 CP,3403,2000,true,89.0,93.0,0.0,0.0,"0.89,0.93,0.0,0.0","0.3321,0.596274509803922,0.337450980392157",84,66,146,#544292,"0.329411764705882,0.258823529411765,0.572549019607843","0.317647058823529,0.262745098039216,0.556862745098039",Color/Palettes/Process/PANTONE/PANTONE+/PantonePlusColorBridgeCoated.xml,2026-02-11 17:29:00
PANTONE 2105 CP,3404,2000,true,95.0,100.0,0.0,6.0,"0.95,1.0,0.0,0.06","0.2522,0.61921568627451,0.334274509803922",73,42,126,#492A7E,"0.286274509803922,0.164705882352941,0.494117647058824","0.266666666666667,0.180392156862745,0.482352941176471",Color/Palettes/Process/PANTONE/PANTONE+/PantonePlusColorBridgeCoated.xml,2026-02-11 17:29:00
PANTONE 2106 CP,3405,2000,true,29.0,21.0,1.0,0.0,"0.29,0.21,0.01,0.0","0.7516,0.507843137254902,0.457019607843137",179,185,206,#B3B9CE,"0.701960784313725,0.725490196078431,0.807843137254902","0.701960784313725,0.72156862745098,0.8",Color/Palettes/Process/PANTONE/PANTONE+/PantonePlusColorBridgeCoated.xml,2026-02-11 17:29:00
PANTONE 2107 CP,3406,2000,true,43.0,32.0,4.0,2.0,"0.43,0.32,0.04,0.02","0.6511,0.512352941176471,0.442823529411765",151,158,184,#979EB8,"0.592156862745098,0.619607843137255,0.72156862745098","0.596078431372549,0.611764705882353,0.713725490196078",Color/Palettes/Process/PANTONE/PANTONE+/PantonePlusColorBridgeCoated.xml,2026-02-11 17:29:00
PANTONE 2108 CP,3407,2000,true,55.0,44.0,5.0,4.0,"0.55,0.44,0.05,0.04","0.5736,0.513686274509804,0.425372549019608",128,138,171,#808AAB,"0.501960784313725,0.541176470588235,0.670588235294118","0.509803921568627,0.533333333333333,0.662745098039216",Color/Palettes/Process/PANTONE/PANTONE+/PantonePlusColorBridgeCoated.xml,2026-02-11 17:29:00
PANTONE 2109 CP,3408,2000,true,63.0,53.0,6.0,8.0,"0.63,0.53,0.06,0.08","0.5024,0.51956862745098,0.41721568627451",111,119,156,#6F779C,"0.435294117647059,0.466666666666667,0.611764705882353","0.43921568627451,0.462745098039216,0.6",Color/Palettes/Process/PANTONE/PANTONE+/PantonePlusColorBridgeCoated.xml,2026-02-11 17:29:00
PANTONE 2110 CP,3409,2000,true,69.0,59.0,7.0,11.0,"0.69,0.59,0.07,0.11","0.4598,0.522941176470588,0.41556862745098",101,108,145,#656C91,"0.396078431372549,0.423529411764706,0.568627450980392","0.403921568627451,0.419607843137255,0.56078431372549",Color/Palettes/Process/PANTONE/PANTONE+/PantonePlusColorBridgeCoated.xml,2026-02-11 17:29:00
PANTONE 2111 CP,3410,2000,true,78.0,68.0,7.0,18.0,"0.78,0.68,0.07,0.18","0.4001,0.520549019607843,0.408196078431373",84,93,133,#545D85,"0.329411764705882,0.364705882352941,0.52156862745098","0.341176470588235,0.368627450980392,0.513725490196078",Color/Palettes/Process/PANTONE/PANTONE+/PantonePlusColorBridgeCoated.xml,2026-02-11 17:29:00
PANTONE 2112 CP,3411,2000,true,94.0,100.0,0.0,27.0,"0.94,1.0,0.0,0.27","0.2409,0.58443137254902,0.355647058823529",62,47,114,#3E2F72,"0.243137254901961,0.184313725490196,0.447058823529412","0.235294117647059,0.196078431372549,0.43921568627451",Color/Palettes/Process/PANTONE/PANTONE+/PantonePlusColorBridgeCoated.xml,2026-02-11 17:29:00
PANTONE 2113 CP,3412,2000,true,35.0,24.0,0.0,0.0,"0.35,0.24,0.0,0.0","0.7272,0.513333333333333,0.424862745098039",169,178,214,#A9B2D6,"0.662745098039216,0.698039215686274,0.83921568627451","0.666666666666667,0.694117647058824,0.827450980392157",Color/Palettes/Process/PANTONE/PANTONE+/PantonePlusColorBridgeCoated.xml,2026-02-11 17:29:00
PANTONE 2114 CP,3413,2000,true,51.0,40.0,0.0,0.0,"0.51,0.4,0.0,0.0","0.6289,0.524117647058824,0.397803921568627",142,151,199,#8E97C7,"0.556862745098039,0.592156862745098,0.780392156862745","0.56078431372549,0.584313725490196,0.768627450980392",Color/Palettes/Process/PANTONE/PANTONE+/PantonePlusColorBridgeCoated.xml,2026-02-11 17:29:00
PANTONE 2115 CP,3414,2000,true,61.0,51.0,0.0,0.0,"0.61,0.51,0.0,0.0","0.5708,0.528509803921569,0.380039215686275",124,135,191,#7C87BF,"0.486274509803922,0.529411764705882,0.749019607843137","0.494117647058824,0.525490196078431,0.737254901960784",Color/Palettes/Process/PANTONE/PANTONE+/PantonePlusColorBridgeCoated.xml,2026-02-11 17:29:00
PANTONE 2116 CP,3415,2000,true,71.0,61.0,0.0,0.0,"0.71,0.61,0.0,0.0","0.4974,0.550823529411765,0.368196078431373",113,113,176,#7171B0,"0.443137254901961,0.443137254901961,0.690196078431373","0.443137254901961,0.443137254901961,0.67843137254902",Color/Palettes/Process/PANTONE/PANTONE+/PantonePlusColorBridgeCoated.xml,2026-02-11 17:29:00
PANTONE 2117 CP,3416,2000,true,86.0,79.0,0.0,0.0,"0.86,0.79,0.0,0.0","0.4179,0.555254901960784,0.346627450980392",89,93,164,#595DA4,"0.349019607843137,0.364705882352941,0.643137254901961","0.356862745098039,0.368627450980392,0.631372549019608",Color/Palettes/Process/PANTONE/PANTONE+/PantonePlusColorBridgeCoated.xml,2026-02-11 17:29:00
PANTONE 2118 CP,3417,2000,true,97.0,93.0,0.0,11.0,"0.97,0.93,0.0,0.11","0.3137,0.558039215686275,0.356352941176471",67,68,133,#434485,"0.262745098039216,0.266666666666667,0.52156862745098","0.270588235294118,0.274509803921569,0.509803921568627",Color/Palettes/Process/PANTONE/PANTONE+/PantonePlusColorBridgeCoated.xml,2026-02-11 17:29:00
PANTONE 2119 CP,3418,2000,true,100.0,96.0,0.0,32.0,"1.0,0.96,0.0,0.32","0.2606,0.55156862745098,0.371686274509804",56,57,113,#383971,"0.219607843137255,0.223529411764706,0.443137254901961","0.231372549019608,0.231372549019608,0.435294117647059",Color/Palettes/Process/PANTONE/PANTONE+/PantonePlusColorBridgeCoated.xml,2026-02-11 17:29:00
PANTONE 2162 CP,3419,2000,true,37.0,25.0,13.0,2.0,"0.37,0.25,0.13,0.02","0.6899,0.503529411764706,0.481294117647059",164,169,177,#A4A9B1,"0.643137254901961,0.662745098039216,0.694117647058824","0.643137254901961,0.658823529411765,0.686274509803922",Color/Palettes/Process/PANTONE/PANTONE+/PantonePlusColorBridgeCoated.xml,2026-02-11 17:29:00
PANTONE 2163 CP,3420,2000,true,48.0,26.0,14.0,4.0,"0.48,0.26,0.14,0.04","0.6507,0.489450980392157,0.471921568627451",145,161,171,#91A1AB,"0.568627450980392,0.631372549019608,0.670588235294118","0.584313725490196,0.623529411764706,0.662745098039216",Color/Palettes/Process/PANTONE/PANTONE+/PantonePlusColorBridgeCoated.xml,2026-02-11 17:29:00
PANTONE 2164 CP,3421,2000,true,51.0,29.0,15.0,5.0,"0.51,0.29,0.15,0.05","0.6266,0.491960784313725,0.467803921568627",139,154,166,#8B9AA6,"0.545098039215686,0.603921568627451,0.650980392156863","0.56078431372549,0.6,0.643137254901961",Color/Palettes/Process/PANTONE/PANTONE+/PantonePlusColorBridgeCoated.xml,2026-02-11 17:29:00
PANTONE 2165 CP,3422,2000,true,59.0,35.0,18.0,10.0,"0.59,0.35,0.18,0.1","0.5454,0.491882352941176,0.460941176470588",117,133,148,#758594,"0.458823529411765,0.52156862745098,0.580392156862745","0.474509803921569,0.517647058823529,0.572549019607843",Color/Palettes/Process/PANTONE/PANTONE+/PantonePlusColorBridgeCoated.xml,2026-02-11 17:29:00
PANTONE 2166 CP,3423,2000,true,67.0,40.0,20.0,16.0,"0.67,0.4,0.2,0.16","0.4961,0.49156862745098,0.456980392156863",104,121,137,#687989,"0.407843137254902,0.474509803921569,0.537254901960784","0.427450980392157,0.470588235294118,0.529411764705882",Color/Palettes/Process/PANTONE/PANTONE+/PantonePlusColorBridgeCoated.xml,2026-02-11 17:29:00
PANTONE 2167 CP,3424,2000,true,70.0,42.0,21.0,19.0,"0.7,0.42,0.21,0.19","0.4781,0.488941176470588,0.454588235294118",98,117,133,#627585,"0.384313725490196,0.458823529411765,0.52156862745098","0.403921568627451,0.454901960784314,0.513725490196078",Color/Palettes/Process/PANTONE/PANTONE+/PantonePlusColorBridgeCoated.xml,2026-02-11 17:29:00
PANTONE 2168 CP,3425,2000,true,85.0,43.0,25.0,51.0,"0.85,0.43,0.25,0.51","0.3516,0.468156862745098,0.457647058823529",57,88,100,#395864,"0.223529411764706,0.345098039215686,0.392156862745098","0.270588235294118,0.349019607843137,0.388235294117647",Color/Palettes/Process/PANTONE/PANTONE+/PantonePlusColorBridgeCoated.xml,2026-02-11 17:29:00
PANTONE 2155 CP,3426,2000,true,37.0,16.0,5.0,0.0,"0.37,0.16,0.05,0.0","0.7193,0.489058823529412,0.456470588235294",161,179,197,#A1B3C5,"0.631372549019608,0.701960784313725,0.772549019607843","0.647058823529412,0.698039215686274,0.764705882352941",Color/Palettes/Process/PANTONE/PANTONE+/PantonePlusColorBridgeCoated.xml,2026-02-11 17:29:00
PANTONE 2156 CP,3427,2000,true,45.0,22.0,6.0,1.0,"0.45,0.22,0.06,0.01","0.6636,0.490235294117647,0.445333333333333",144,164,186,#90A4BA,"0.564705882352941,0.643137254901961,0.729411764705882","0.584313725490196,0.63921568627451,0.72156862745098",Color/Palettes/Process/PANTONE/PANTONE+/PantonePlusColorBridgeCoated.xml,2026-02-11 17:29:00
PANTONE 2157 CP,3428,2000,true,56.0,29.0,8.0,4.0,"0.56,0.29,0.08,0.04","0.6066,0.488196078431373,0.43756862745098",126,150,174,#7E96AE,"0.494117647058824,0.588235294117647,0.682352941176471","0.517647058823529,0.580392156862745,0.674509803921569",Color/Palettes/Process/PANTONE/PANTONE+/PantonePlusColorBridgeCoated.xml,2026-02-11 17:29:00
PANTONE 2158 CP,3429,2000,true,65.0,35.0,10.0,8.0,"0.65,0.35,0.1,0.08","0.5359,0.485725490196078,0.425843137254902",104,132,161,#6884A1,"0.407843137254902,0.517647058823529,0.631372549019608","0.43921568627451,0.513725490196078,0.619607843137255",Color/Palettes/Process/PANTONE/PANTONE+/PantonePlusColorBridgeCoated.xml,2026-02-11 17:29:00
PANTONE 2159 CP,3430,2000,true,71.0,39.0,10.0,11.0,"0.71,0.39,0.1,0.11","0.4956,0.488196078431373,0.421882352941176",94,121,152,#5E7998,"0.368627450980392,0.474509803921569,0.596078431372549","0.403921568627451,0.474509803921569,0.584313725490196",Color/Palettes/Process/PANTONE/PANTONE+/PantonePlusColorBridgeCoated.xml,2026-02-11 17:29:00
PANTONE 2160 CP,3431,2000,true,78.0,45.0,11.0,16.0,"0.78,0.45,0.11,0.16","0.4454,0.486549019607843,0.416509803921569",79,109,141,#4F6D8D,"0.309803921568627,0.427450980392157,0.552941176470588","0.349019607843137,0.427450980392157,0.545098039215686",Color/Palettes/Process/PANTONE/PANTONE+/PantonePlusColorBridgeCoated.xml,2026-02-11 17:29:00
PANTONE 2161 CP,3432,2000,true,87.0,51.0,9.0,26.0,"0.87,0.51,0.09,0.26","0.3807,0.486078431372549,0.407764705882353",60,93,128,#3C5D80,"0.235294117647059,0.364705882352941,0.501960784313725","0.286274509803922,0.368627450980392,0.494117647058824",Color/Palettes/Process/PANTONE/PANTONE+/PantonePlusColorBridgeCoated.xml,2026-02-11 17:29:00
PANTONE 2134 CP,3433,2000,true,43.0,26.0,0.0,0.0,"0.43,0.26,0.0,0.0","0.6681,0.516980392156863,0.418196078431373",153,162,200,#99A2C8,"0.6,0.635294117647059,0.784313725490196","0.603921568627451,0.627450980392157,0.776470588235294",Color/Palettes/Process/PANTONE/PANTONE+/PantonePlusColorBridgeCoated.xml,2026-02-11 17:29:00
PANTONE 2135 CP,3434,2000,true,58.0,38.0,0.0,0.0,"0.58,0.38,0.0,0.0","0.5806,0.51756862745098,0.395686274509804",125,139,187,#7D8BBB,"0.490196078431373,0.545098039215686,0.733333333333333","0.501960784313725,0.541176470588235,0.717647058823529",Color/Palettes/Process/PANTONE/PANTONE+/PantonePlusColorBridgeCoated.xml,2026-02-11 17:29:00
PANTONE 2136 CP,3435,2000,true,49.0,32.0,4.0,3.0,"0.49,0.32,0.04,0.03","0.6154,0.514039215686275,0.435803921568627",141,148,178,#8D94B2,"0.552941176470588,0.580392156862745,0.698039215686274","0.556862745098039,0.576470588235294,0.686274509803922",Color/Palettes/Process/PANTONE/PANTONE+/PantonePlusColorBridgeCoated.xml,2026-02-11 17:29:00
PANTONE 2137 CP,3436,2000,true,60.0,42.0,5.0,5.0,"0.6,0.42,0.05,0.05","0.5364,0.514980392156863,0.421411764705882",118,128,163,#7680A3,"0.462745098039216,0.501960784313725,0.63921568627451","0.470588235294118,0.498039215686275,0.627450980392157",Color/Palettes/Process/PANTONE/PANTONE+/PantonePlusColorBridgeCoated.xml,2026-02-11 17:29:00
PANTONE 2138 CP,3437,2000,true,62.0,42.0,17.0,12.0,"0.62,0.42,0.17,0.12","0.4953,0.502117647058823,0.452980392156863",108,119,138,#6C778A,"0.423529411764706,0.466666666666667,0.541176470588235","0.435294117647059,0.462745098039216,0.533333333333333",Color/Palettes/Process/PANTONE/PANTONE+/PantonePlusColorBridgeCoated.xml,2026-02-11 17:29:00
PANTONE 2139 CP,3438,2000,true,73.0,50.0,8.0,12.0,"0.73,0.5,0.08,0.12","0.4512,0.506313725490196,0.416235294117647",91,108,143,#5B6C8F,"0.356862745098039,0.423529411764706,0.56078431372549","0.376470588235294,0.419607843137255,0.549019607843137",Color/Palettes/Process/PANTONE/PANTONE+/PantonePlusColorBridgeCoated.xml,2026-02-11 17:29:00
PANTONE 2140 CP,3439,2000,true,84.0,61.0,7.0,21.0,"0.84,0.61,0.07,0.21","0.3555,0.518039215686275,0.403294117647059",70,83,124,#46537C,"0.274509803921569,0.325490196078431,0.486274509803922","0.298039215686275,0.329411764705882,0.474509803921569",Color/Palettes/Process/PANTONE/PANTONE+/PantonePlusColorBridgeCoated.xml,2026-02-11 17:29:00
PANTONE 2127 CP,3440,2000,true,26.0,10.0,0.0,0.0,"0.26,0.1,0.0,0.0","0.8087,0.496470588235294,0.454392156862745",189,203,223,#BDCBDF,"0.741176470588235,0.796078431372549,0.874509803921569","0.749019607843137,0.788235294117647,0.866666666666667",Color/Palettes/Process/PANTONE/PANTONE+/PantonePlusColorBridgeCoated.xml,2026-02-11 17:29:00
PANTONE 2128 CP,3441,2000,true,39.0,19.0,0.0,0.0,"0.39,0.19,0.0,0.0","0.7353,0.49721568627451,0.422392156862745",162,183,217,#A2B7D9,"0.635294117647059,0.717647058823529,0.850980392156863","0.654901960784314,0.709803921568627,0.843137254901961",Color/Palettes/Process/PANTONE/PANTONE+/PantonePlusColorBridgeCoated.xml,2026-02-11 17:29:00
PANTONE 2129 CP,3442,2000,true,63.0,37.0,0.0,0.0,"0.63,0.37,0.0,0.0","0.5897,0.506549019607843,0.381294117647059",118,144,195,#7690C3,"0.462745098039216,0.564705882352941,0.764705882352941","0.490196078431373,0.556862745098039,0.752941176470588",Color/Palettes/Process/PANTONE/PANTONE+/PantonePlusColorBridgeCoated.xml,2026-02-11 17:29:00
PANTONE 2130 CP,3443,2000,true,71.0,51.0,0.0,0.0,"0.71,0.51,0.0,0.0","0.5184,0.525176470588235,0.366274509803922",105,123,183,#697BB7,"0.411764705882353,0.482352941176471,0.717647058823529","0.431372549019608,0.47843137254902,0.701960784313725",Color/Palettes/Process/PANTONE/PANTONE+/PantonePlusColorBridgeCoated.xml,2026-02-11 17:29:00
PANTONE 2131 CP,3444,2000,true,87.0,66.0,0.0,0.0,"0.87,0.66,0.0,0.0","0.4224,0.535058823529412,0.342",77,98,167,#4D62A7,"0.301960784313725,0.384313725490196,0.654901960784314","0.333333333333333,0.384313725490196,0.643137254901961",Color/Palettes/Process/PANTONE/PANTONE+/PantonePlusColorBridgeCoated.xml,2026-02-11 17:29:00
PANTONE 2132 CP,3445,2000,true,93.0,66.0,0.0,0.0,"0.93,0.66,0.0,0.0","0.4106,0.515254901960784,0.330588235294118",56,98,169,#3862A9,"0.219607843137255,0.384313725490196,0.662745098039216","0.282352941176471,0.384313725490196,0.647058823529412",Color/Palettes/Process/PANTONE/PANTONE+/PantonePlusColorBridgeCoated.xml,2026-02-11 17:29:00
PANTONE 2133 CP,3446,2000,true,94.0,67.0,0.0,0.0,"0.94,0.67,0.0,0.0","0.4091,0.511882352941176,0.328313725490196",51,98,169,#3362A9,"0.2,0.384313725490196,0.662745098039216","0.274509803921569,0.384313725490196,0.650980392156863",Color/Palettes/Process/PANTONE/PANTONE+/PantonePlusColorBridgeCoated.xml,2026-02-11 17:29:00
PANTONE 2120 CP,3447,2000,true,23.0,13.0,0.0,0.0,"0.23,0.13,0.0,0.0","0.8053,0.501803921568627,0.444823529411765",189,201,226,#BDC9E2,"0.741176470588235,0.788235294117647,0.886274509803922","0.749019607843137,0.784313725490196,0.882352941176471",Color/Palettes/Process/PANTONE/PANTONE+/PantonePlusColorBridgeCoated.xml,2026-02-11 17:29:00
PANTONE 2121 CP,3448,2000,true,44.0,22.0,0.0,0.0,"0.44,0.22,0.0,0.0","0.6993,0.494666666666667,0.407607843137255",147,174,214,#93AED6,"0.576470588235294,0.682352941176471,0.83921568627451","0.603921568627451,0.674509803921569,0.827450980392157",Color/Palettes/Process/PANTONE/PANTONE+/PantonePlusColorBridgeCoated.xml,2026-02-11 17:29:00
PANTONE 2122 CP,3449,2000,true,39.0,24.0,0.0,0.0,"0.39,0.24,0.0,0.0","0.7044,0.505960784313725,0.414",156,173,212,#9CADD4,"0.611764705882353,0.67843137254902,0.831372549019608","0.627450980392157,0.674509803921569,0.823529411764706",Color/Palettes/Process/PANTONE/PANTONE+/PantonePlusColorBridgeCoated.xml,2026-02-11 17:29:00
PANTONE 2123 CP,3450,2000,true,54.0,36.0,0.0,0.0,"0.54,0.36,0.0,0.0","0.6029,0.517843137254902,0.387725490196078",129,145,196,#8191C4,"0.505882352941176,0.568627450980392,0.768627450980392","0.52156862745098,0.564705882352941,0.756862745098039",Color/Palettes/Process/PANTONE/PANTONE+/PantonePlusColorBridgeCoated.xml,2026-02-11 17:29:00
PANTONE 2124 CP,3451,2000,true,63.0,50.0,0.0,0.0,"0.63,0.5,0.0,0.0","0.5316,0.53243137254902,0.372313725490196",114,125,184,#727DB8,"0.447058823529412,0.490196078431373,0.72156862745098","0.454901960784314,0.486274509803922,0.705882352941177",Color/Palettes/Process/PANTONE/PANTONE+/PantonePlusColorBridgeCoated.xml,2026-02-11 17:29:00
PANTONE 2125 CP,3452,2000,true,77.0,63.0,0.0,0.0,"0.77,0.63,0.0,0.0","0.4573,0.543647058823529,0.353254901960784",95,105,172,#5F69AC,"0.372549019607843,0.411764705882353,0.674509803921569","0.384313725490196,0.407843137254902,0.658823529411765",Color/Palettes/Process/PANTONE/PANTONE+/PantonePlusColorBridgeCoated.xml,2026-02-11 17:29:00
PANTONE 2126 CP,3453,2000,true,97.0,85.0,0.0,0.0,"0.97,0.85,0.0,0.0","0.3241,0.552588235294118,0.320274509803922",53,72,150,#354896,"0.207843137254902,0.282352941176471,0.588235294117647","0.243137254901961,0.286274509803922,0.576470588235294",Color/Palettes/Process/PANTONE/PANTONE+/PantonePlusColorBridgeCoated.xml,2026-02-11 17:29:00
PANTONE 2141 CP,3454,2000,true,44.0,10.0,0.0,0.0,"0.44,0.1,0.0,0.0","0.7499,0.465647058823529,0.412313725490196",146,192,226,#92C0E2,"0.572549019607843,0.752941176470588,0.886274509803922","0.623529411764706,0.745098039215686,0.874509803921569",Color/Palettes/Process/PANTONE/PANTONE+/PantonePlusColorBridgeCoated.xml,2026-02-11 17:29:00
PANTONE 2142 CP,3455,2000,true,49.0,20.0,0.0,0.0,"0.49,0.2,0.0,0.0","0.6878,0.486509803921569,0.402509803921569",139,172,213,#8BACD5,"0.545098039215686,0.674509803921569,0.835294117647059","0.580392156862745,0.670588235294118,0.823529411764706",Color/Palettes/Process/PANTONE/PANTONE+/PantonePlusColorBridgeCoated.xml,2026-02-11 17:29:00
PANTONE 2143 CP,3456,2000,true,73.0,37.0,0.0,0.0,"0.73,0.37,0.0,0.0","0.561,0.486745098039216,0.364235294117647",92,139,195,#5C8BC3,"0.36078431372549,0.545098039215686,0.764705882352941","0.423529411764706,0.541176470588235,0.752941176470588",Color/Palettes/Process/PANTONE/PANTONE+/PantonePlusColorBridgeCoated.xml,2026-02-11 17:29:00
PANTONE 2144 CP,3457,2000,true,93.0,55.0,0.0,0.0,"0.93,0.55,0.0,0.0","0.4368,0.48643137254902,0.327176470588235",31,109,177,#1F6DB1,"0.12156862745098,0.427450980392157,0.694117647058824","0.262745098039216,0.423529411764706,0.67843137254902",Color/Palettes/Process/PANTONE/PANTONE+/PantonePlusColorBridgeCoated.xml,2026-02-11 17:29:00
PANTONE 2145 CP,3458,2000,true,100.0,71.0,0.0,2.0,"1.0,0.71,0.0,0.02","0.3441,0.513058823529412,0.314470588235294",15,83,158,#0F539E,"0.0588235294117647,0.325490196078431,0.619607843137255","0.196078431372549,0.329411764705882,0.603921568627451",Color/Palettes/Process/PANTONE/PANTONE+/PantonePlusColorBridgeCoated.xml,2026-02-11 17:29:00
PANTONE 2146 CP,3459,2000,true,100.0,81.0,0.0,17.0,"1.0,0.81,0.0,0.17","0.2833,0.534862745098039,0.329725490196078",33,65,135,#214187,"0.129411764705882,0.254901960784314,0.529411764705882","0.192156862745098,0.262745098039216,0.517647058823529",Color/Palettes/Process/PANTONE/PANTONE+/PantonePlusColorBridgeCoated.xml,2026-02-11 17:29:00
PANTONE 2147 CP,3460,2000,true,100.0,85.0,0.0,30.0,"1.0,0.85,0.0,0.3","0.2274,0.552666666666667,0.345176470588235",39,50,115,#273273,"0.152941176470588,0.196078431372549,0.450980392156863","0.180392156862745,0.207843137254902,0.443137254901961",Color/Palettes/Process/PANTONE/PANTONE+/PantonePlusColorBridgeCoated.xml,2026-02-11 17:29:00
PANTONE 2169 CP,3461,2000,true,49.0,14.0,0.0,0.0,"0.49,0.14,0.0,0.0","0.7029,0.465686274509804,0.420274509803922",135,179,209,#87B3D1,"0.529411764705882,0.701960784313725,0.819607843137255","0.580392156862745,0.694117647058824,0.807843137254902",Color/Palettes/Process/PANTONE/PANTONE+/PantonePlusColorBridgeCoated.xml,2026-02-11 17:29:00
PANTONE 2170 CP,3462,2000,true,62.0,22.0,1.0,1.0,"0.62,0.22,0.01,0.01","0.6259,0.464196078431373,0.404901960784314",109,159,194,#6D9FC2,"0.427450980392157,0.623529411764706,0.76078431372549","0.490196078431373,0.615686274509804,0.749019607843137",Color/Palettes/Process/PANTONE/PANTONE+/PantonePlusColorBridgeCoated.xml,2026-02-11 17:29:00
PANTONE 2171 CP,3463,2000,true,67.0,21.0,0.0,0.0,"0.67,0.21,0.0,0.0","0.6365,0.459294117647059,0.374",98,163,211,#62A3D3,"0.384313725490196,0.63921568627451,0.827450980392157","0.470588235294118,0.631372549019608,0.815686274509804",Color/Palettes/Process/PANTONE/PANTONE+/PantonePlusColorBridgeCoated.xml,2026-02-11 17:29:00
PANTONE 2172 CP,3464,2000,true,81.0,43.0,0.0,0.0,"0.81,0.43,0.0,0.0","0.5091,0.480980392156863,0.345019607843137",64,127,189,#407FBD,"0.250980392156863,0.498039215686275,0.741176470588235","0.345098039215686,0.494117647058824,0.729411764705882",Color/Palettes/Process/PANTONE/PANTONE+/PantonePlusColorBridgeCoated.xml,2026-02-11 17:29:00
PANTONE 2173 CP,3465,2000,true,82.0,36.0,0.0,0.0,"0.82,0.36,0.0,0.0","0.5308,0.457490196078431,0.342117647058824",44,136,196,#2C88C4,"0.172549019607843,0.533333333333333,0.768627450980392","0.329411764705882,0.529411764705882,0.756862745098039",Color/Palettes/Process/PANTONE/PANTONE+/PantonePlusColorBridgeCoated.xml,2026-02-11 17:29:00
PANTONE 2174 CP,3466,2000,true,90.0,44.0,0.0,0.0,"0.9,0.44,0.0,0.0","0.4858,0.457372549019608,0.329607843137255",0,124,189,#007CBD,"0.0,0.486274509803922,0.741176470588235","0.270588235294118,0.486274509803922,0.729411764705882",Color/Palettes/Process/PANTONE/PANTONE+/PantonePlusColorBridgeCoated.xml,2026-02-11 17:29:00
PANTONE 2175 CP,3467,2000,true,97.0,51.0,0.0,0.0,"0.97,0.51,0.0,0.0","0.4396,0.447960784313725,0.314",0,114,183,#0072B7,"0.0,0.447058823529412,0.717647058823529","0.172549019607843,0.447058823529412,0.705882352941177",Color/Palettes/Process/PANTONE/PANTONE+/PantonePlusColorBridgeCoated.xml,2026-02-11 17:29:00
PANTONE 2148 CP,3468,2000,true,62.0,28.0,7.0,4.0,"0.62,0.28,0.07,0.04","0.5838,0.477411764705882,0.428823529411765",112,146,172,#7092AC,"0.43921568627451,0.572549019607843,0.674509803921569","0.47843137254902,0.564705882352941,0.666666666666667",Color/Palettes/Process/PANTONE/PANTONE+/PantonePlusColorBridgeCoated.xml,2026-02-11 17:29:00
PANTONE 2149 CP,3469,2000,true,70.0,33.0,8.0,7.0,"0.7,0.33,0.08,0.07","0.531,0.470941176470588,0.426509803921569",94,133,159,#5E859F,"0.368627450980392,0.52156862745098,0.623529411764706","0.419607843137255,0.517647058823529,0.611764705882353",Color/Palettes/Process/PANTONE/PANTONE+/PantonePlusColorBridgeCoated.xml,2026-02-11 17:29:00
PANTONE 2150 CP,3470,2000,true,78.0,38.0,8.0,12.0,"0.78,0.38,0.08,0.12","0.4736,0.469372549019608,0.41278431372549",74,119,150,#4A7796,"0.290196078431373,0.466666666666667,0.588235294117647","0.352941176470588,0.462745098039216,0.576470588235294",Color/Palettes/Process/PANTONE/PANTONE+/PantonePlusColorBridgeCoated.xml,2026-02-11 17:29:00
PANTONE 2151 CP,3471,2000,true,85.0,48.0,1.0,7.0,"0.85,0.48,0.01,0.07","0.4376,0.481137254901961,0.370274509803922",56,109,159,#386D9F,"0.219607843137255,0.427450980392157,0.623529411764706","0.301960784313725,0.423529411764706,0.607843137254902",Color/Palettes/Process/PANTONE/PANTONE+/PantonePlusColorBridgeCoated.xml,2026-02-11 17:29:00
PANTONE 2152 CP,3472,2000,true,87.0,42.0,7.0,20.0,"0.87,0.42,0.07,0.2","0.41,0.462313725490196,0.400745098039216",47,104,138,#2F688A,"0.184313725490196,0.407843137254902,0.541176470588235","0.27843137254902,0.407843137254902,0.533333333333333",Color/Palettes/Process/PANTONE/PANTONE+/PantonePlusColorBridgeCoated.xml,2026-02-11 17:29:00
PANTONE 2153 CP,3473,2000,true,94.0,44.0,5.0,33.0,"0.94,0.44,0.05,0.33","0.3533,0.456117647058824,0.398627450980392",20,91,124,#145B7C,"0.0784313725490196,0.356862745098039,0.486274509803922","0.215686274509804,0.356862745098039,0.47843137254902",Color/Palettes/Process/PANTONE/PANTONE+/PantonePlusColorBridgeCoated.xml,2026-02-11 17:29:00
PANTONE 2154 CP,3474,2000,true,100.0,65.0,0.0,27.0,"1.0,0.65,0.0,0.27","0.2804,0.493333333333333,0.347529411764706",0,70,127,#00467F,"0.0,0.274509803921569,0.498039215686275","0.145098039215686,0.27843137254902,0.486274509803922",Color/Palettes/Process/PANTONE/PANTONE+/PantonePlusColorBridgeCoated.xml,2026-02-11 17:29:00
PANTONE 2183 CP,3475,2000,true,80.0,16.0,5.0,4.0,"0.8,0.16,0.05,0.04","0.5814,0.411490196078431,0.387411764705882",36,154,189,#249ABD,"0.141176470588235,0.603921568627451,0.741176470588235","0.356862745098039,0.596078431372549,0.729411764705882",Color/Palettes/Process/PANTONE/PANTONE+/PantonePlusColorBridgeCoated.xml,2026-02-11 17:29:00
PANTONE 2184 CP,3476,2000,true,87.0,32.0,0.0,0.0,"0.87,0.32,0.0,0.0","0.5214,0.436235294117647,0.332666666666667",0,136,198,#0088C6,"0.0,0.533333333333333,0.776470588235294","0.274509803921569,0.529411764705882,0.76078431372549",Color/Palettes/Process/PANTONE/PANTONE+/PantonePlusColorBridgeCoated.xml,2026-02-11 17:29:00
PANTONE 2185 CP,3477,2000,true,96.0,24.0,3.0,16.0,"0.96,0.24,0.03,0.16","0.4594,0.407921568627451,0.366823529411765",0,123,165,#007BA5,"0.0,0.482352941176471,0.647058823529412","0.203921568627451,0.47843137254902,0.635294117647059",Color/Palettes/Process/PANTONE/PANTONE+/PantonePlusColorBridgeCoated.xml,2026-02-11 17:29:00
PANTONE 2186 CP,3478,2000,true,100.0,56.0,0.0,32.0,"1.0,0.56,0.0,0.32","0.3157,0.468666666666667,0.350745098039216",0,81,135,#005187,"0.0,0.317647058823529,0.529411764705882","0.141176470588235,0.32156862745098,0.517647058823529",Color/Palettes/Process/PANTONE/PANTONE+/PantonePlusColorBridgeCoated.xml,2026-02-11 17:29:00
PANTONE 2187 CP,3479,2000,true,100.0,49.0,0.0,44.0,"1.0,0.49,0.0,0.44","0.3054,0.458156862745098,0.364078431372549",0,79,126,#004F7E,"0.0,0.309803921568627,0.494117647058824","0.133333333333333,0.313725490196078,0.486274509803922",Color/Palettes/Process/PANTONE/PANTONE+/PantonePlusColorBridgeCoated.xml,2026-02-11 17:29:00
PANTONE 2188 CP,3480,2000,true,100.0,43.0,0.0,55.0,"1.0,0.43,0.0,0.55","0.2927,0.44843137254902,0.382196078431373",0,77,116,#004D74,"0.0,0.301960784313725,0.454901960784314","0.129411764705882,0.305882352941176,0.447058823529412",Color/Palettes/Process/PANTONE/PANTONE+/PantonePlusColorBridgeCoated.xml,2026-02-11 17:29:00
PANTONE 2189 CP,3481,2000,true,100.0,39.0,3.0,74.0,"1.0,0.39,0.03,0.74","0.2347,0.45156862745098,0.429490196078431",0,63,83,#003F53,"0.0,0.247058823529412,0.325490196078431","0.137254901960784,0.254901960784314,0.325490196078431",Color/Palettes/Process/PANTONE/PANTONE+/PantonePlusColorBridgeCoated.xml,2026-02-11 17:29:00
PANTONE 2190 CP,3482,2000,true,61.0,5.0,0.0,0.0,"0.61,0.05,0.0,0.0","0.7202,0.428549019607843,0.387058823529412",103,189,228,#67BDE4,"0.403921568627451,0.741176470588235,0.894117647058824","0.525490196078431,0.737254901960784,0.886274509803922",Color/Palettes/Process/PANTONE/PANTONE+/PantonePlusColorBridgeCoated.xml,2026-02-11 17:29:00
PANTONE 2191 CP,3483,2000,true,75.0,11.0,0.0,0.0,"0.75,0.11,0.0,0.0","0.6443,0.425764705882353,0.362470588235294",62,169,218,#3EA9DA,"0.243137254901961,0.662745098039216,0.854901960784314","0.419607843137255,0.658823529411765,0.847058823529412",Color/Palettes/Process/PANTONE/PANTONE+/PantonePlusColorBridgeCoated.xml,2026-02-11 17:29:00
PANTONE 2192 CP,3484,2000,true,91.0,17.0,0.0,0.0,"0.91,0.17,0.0,0.0","0.5674,0.404980392156863,0.330980392156863",0,152,211,#0098D3,"0.0,0.596078431372549,0.827450980392157","0.262745098039216,0.588235294117647,0.815686274509804",Color/Palettes/Process/PANTONE/PANTONE+/PantonePlusColorBridgeCoated.xml,2026-02-11 17:29:00
PANTONE 2193 CP,3485,2000,true,86.0,21.0,0.0,0.0,"0.86,0.21,0.0,0.0","0.562,0.421803921568627,0.336666666666667",0,148,207,#0094CF,"0.0,0.580392156862745,0.811764705882353","0.298039215686275,0.576470588235294,0.8",Color/Palettes/Process/PANTONE/PANTONE+/PantonePlusColorBridgeCoated.xml,2026-02-11 17:29:00
PANTONE 2194 CP,3486,2000,true,95.0,25.0,0.0,0.0,"0.95,0.25,0.0,0.0","0.5155,0.407254901960784,0.317607843137255",0,138,202,#008ACA,"0.0,0.541176470588235,0.792156862745098","0.176470588235294,0.537254901960784,0.780392156862745",Color/Palettes/Process/PANTONE/PANTONE+/PantonePlusColorBridgeCoated.xml,2026-02-11 17:29:00
PANTONE 2195 CP,3487,2000,true,94.0,41.0,0.0,0.0,"0.94,0.41,0.0,0.0","0.4712,0.437921568627451,0.31878431372549",0,123,190,#007BBE,"0.0,0.482352941176471,0.745098039215686","0.196078431372549,0.47843137254902,0.729411764705882",Color/Palettes/Process/PANTONE/PANTONE+/PantonePlusColorBridgeCoated.xml,2026-02-11 17:29:00
PANTONE 2196 CP,3488,2000,true,100.0,43.0,0.0,6.0,"1.0,0.43,0.0,0.06","0.4247,0.432156862745098,0.323725490196078",0,112,175,#0070AF,"0.0,0.43921568627451,0.686274509803922","0.129411764705882,0.43921568627451,0.670588235294118",Color/Palettes/Process/PANTONE/PANTONE+/PantonePlusColorBridgeCoated.xml,2026-02-11 17:29:00
PANTONE 2176 CP,3489,2000,true,34.0,15.0,12.0,0.0,"0.34,0.15,0.12,0.0","0.7457,0.481450980392157,0.48556862745098",169,187,190,#A9BBBE,"0.662745098039216,0.733333333333333,0.745098039215686","0.67843137254902,0.729411764705882,0.741176470588235",Color/Palettes/Process/PANTONE/PANTONE+/PantonePlusColorBridgeCoated.xml,2026-02-11 17:29:00
PANTONE 2177 CP,3490,2000,true,50.0,21.0,18.0,4.0,"0.5,0.21,0.18,0.04","0.6421,0.470274509803922,0.472941176470588",134,161,168,#86A1A8,"0.525490196078431,0.631372549019608,0.658823529411765","0.552941176470588,0.627450980392157,0.650980392156863",Color/Palettes/Process/PANTONE/PANTONE+/PantonePlusColorBridgeCoated.xml,2026-02-11 17:29:00
PANTONE 2178 CP,3491,2000,true,58.0,26.0,22.0,9.0,"0.58,0.26,0.22,0.09","0.585,0.466941176470588,0.466705882352941",116,147,155,#74939B,"0.454901960784314,0.576470588235294,0.607843137254902","0.490196078431373,0.568627450980392,0.6",Color/Palettes/Process/PANTONE/PANTONE+/PantonePlusColorBridgeCoated.xml,2026-02-11 17:29:00
PANTONE 2179 CP,3492,2000,true,67.0,32.0,25.0,17.0,"0.67,0.32,0.25,0.17","0.5044,0.469058823529412,0.457882352941177",94,126,138,#5E7E8A,"0.368627450980392,0.494117647058824,0.541176470588235","0.407843137254902,0.490196078431373,0.533333333333333",Color/Palettes/Process/PANTONE/PANTONE+/PantonePlusColorBridgeCoated.xml,2026-02-11 17:29:00
PANTONE 2180 CP,3493,2000,true,74.0,34.0,26.0,25.0,"0.74,0.34,0.26,0.25","0.4487,0.460705882352941,0.454235294117647",75,113,125,#4B717D,"0.294117647058824,0.443137254901961,0.490196078431373","0.345098039215686,0.43921568627451,0.486274509803922",Color/Palettes/Process/PANTONE/PANTONE+/PantonePlusColorBridgeCoated.xml,2026-02-11 17:29:00
PANTONE 2181 CP,3494,2000,true,81.0,36.0,26.0,38.0,"0.81,0.36,0.26,0.38","0.3881,0.455333333333333,0.451686274509804",56,99,111,#38636F,"0.219607843137255,0.388235294117647,0.435294117647059","0.286274509803922,0.388235294117647,0.431372549019608",Color/Palettes/Process/PANTONE/PANTONE+/PantonePlusColorBridgeCoated.xml,2026-02-11 17:29:00
PANTONE 2182 CP,3495,2000,true,90.0,37.0,24.0,56.0,"0.9,0.37,0.24,0.56","0.312,0.452274509803922,0.445764705882353",32,81,95,#20515F,"0.125490196078431,0.317647058823529,0.372549019607843","0.215686274509804,0.32156862745098,0.372549019607843",Color/Palettes/Process/PANTONE/PANTONE+/PantonePlusColorBridgeCoated.xml,2026-02-11 17:29:00
PANTONE 2204 CP,3496,2000,true,30.0,5.0,5.0,0.0,"0.3,0.05,0.05,0.0","0.7979,0.469882352941176,0.475529411764706",176,204,209,#B0CCD1,"0.690196078431373,0.8,0.819607843137255","0.717647058823529,0.792156862745098,0.815686274509804",Color/Palettes/Process/PANTONE/PANTONE+/PantonePlusColorBridgeCoated.xml,2026-02-11 17:29:00
PANTONE 2205 CP,3497,2000,true,47.0,14.0,10.0,1.0,"0.47,0.14,0.1,0.01","0.7004,0.461803921568627,0.462901960784314",142,178,188,#8EB2BC,"0.556862745098039,0.698039215686274,0.737254901960784","0.596078431372549,0.694117647058824,0.729411764705882",Color/Palettes/Process/PANTONE/PANTONE+/PantonePlusColorBridgeCoated.xml,2026-02-11 17:29:00
PANTONE 2206 CP,3498,2000,true,53.0,21.0,12.0,3.0,"0.53,0.21,0.12,0.03","0.6429,0.467058823529412,0.452352941176471",128,162,177,#80A2B1,"0.501960784313725,0.635294117647059,0.694117647058824","0.537254901960784,0.631372549019608,0.686274509803922",Color/Palettes/Process/PANTONE/PANTONE+/PantonePlusColorBridgeCoated.xml,2026-02-11 17:29:00
PANTONE 2207 CP,3499,2000,true,60.0,20.0,13.0,5.0,"0.6,0.2,0.13,0.05","0.6118,0.458901960784314,0.447607843137255",114,155,171,#729BAB,"0.447058823529412,0.607843137254902,0.670588235294118","0.494117647058824,0.603921568627451,0.662745098039216",Color/Palettes/Process/PANTONE/PANTONE+/PantonePlusColorBridgeCoated.xml,2026-02-11 17:29:00
PANTONE 2208 CP,3500,2000,true,67.0,27.0,15.0,9.0,"0.67,0.27,0.15,0.09","0.5473,0.462274509803922,0.442470588235294",98,138,156,#628A9C,"0.384313725490196,0.541176470588235,0.611764705882353","0.431372549019608,0.537254901960784,0.603921568627451",Color/Palettes/Process/PANTONE/PANTONE+/PantonePlusColorBridgeCoated.xml,2026-02-11 17:29:00
PANTONE 2209 CP,3501,2000,true,70.0,27.0,16.0,11.0,"0.7,0.27,0.16,0.11","0.5367,0.449764705882353,0.442156862745098",87,137,153,#578999,"0.341176470588235,0.537254901960784,0.6","0.407843137254902,0.533333333333333,0.592156862745098",Color/Palettes/Process/PANTONE/PANTONE+/PantonePlusColorBridgeCoated.xml,2026-02-11 17:29:00
PANTONE 2210 CP,3502,2000,true,93.0,44.0,9.0,42.0,"0.93,0.44,0.09,0.42","0.3374,0.46043137254902,0.408196078431373",27,86,116,#1B5674,"0.105882352941176,0.337254901960784,0.454901960784314","0.215686274509804,0.341176470588235,0.450980392156863",Color/Palettes/Process/PANTONE/PANTONE+/PantonePlusColorBridgeCoated.xml,2026-02-11 17:29:00
PANTONE 2197 CP,3503,2000,true,47.0,0.0,3.0,0.0,"0.47,0.0,0.03,0.0","0.7798,0.425450980392157,0.439647058823529",137,205,221,#89CDDD,"0.537254901960784,0.803921568627451,0.866666666666667","0.623529411764706,0.8,0.858823529411765",Color/Palettes/Process/PANTONE/PANTONE+/PantonePlusColorBridgeCoated.xml,2026-02-11 17:29:00
PANTONE 2198 CP,3504,2000,true,58.0,0.0,5.0,0.0,"0.58,0.0,0.05,0.0","0.7382,0.406039215686274,0.427411764705882",106,197,214,#6AC5D6,"0.415686274509804,0.772549019607843,0.83921568627451","0.545098039215686,0.764705882352941,0.831372549019608",Color/Palettes/Process/PANTONE/PANTONE+/PantonePlusColorBridgeCoated.xml,2026-02-11 17:29:00
PANTONE 2199 CP,3505,2000,true,73.0,0.0,7.0,0.0,"0.73,0.0,0.07,0.0","0.681,0.379960784313725,0.413647058823529",52,184,204,#34B8CC,"0.203921568627451,0.72156862745098,0.8","0.435294117647059,0.717647058823529,0.792156862745098",Color/Palettes/Process/PANTONE/PANTONE+/PantonePlusColorBridgeCoated.xml,2026-02-11 17:29:00
PANTONE 2200 CP,3506,2000,true,74.0,3.0,9.0,1.0,"0.74,0.03,0.09,0.01","0.648,0.389137254901961,0.419843137254902",57,174,192,#39AEC0,"0.223529411764706,0.682352941176471,0.752941176470588","0.423529411764706,0.674509803921569,0.745098039215686",Color/Palettes/Process/PANTONE/PANTONE+/PantonePlusColorBridgeCoated.xml,2026-02-11 17:29:00
PANTONE 2201 CP,3507,2000,true,85.0,0.0,8.0,0.0,"0.85,0.0,0.08,0.0","0.6312,0.352901960784314,0.395686274509804",0,174,199,#00AEC7,"0.0,0.682352941176471,0.780392156862745","0.32156862745098,0.674509803921569,0.768627450980392",Color/Palettes/Process/PANTONE/PANTONE+/PantonePlusColorBridgeCoated.xml,2026-02-11 17:29:00
PANTONE 2202 CP,3508,2000,true,91.0,0.0,0.0,0.0,"0.91,0.0,0.0,0.0","0.6234,0.363764705882353,0.344117647058824",0,171,220,#00ABDC,"0.0,0.670588235294118,0.862745098039216","0.258823529411765,0.666666666666667,0.850980392156863",Color/Palettes/Process/PANTONE/PANTONE+/PantonePlusColorBridgeCoated.xml,2026-02-11 17:29:00
PANTONE 2203 CP,3509,2000,true,97.0,7.0,10.0,14.0,"0.97,0.07,0.1,0.14","0.4998,0.369098039215686,0.388862745098039",0,137,166,#0089A6,"0.0,0.537254901960784,0.650980392156863","0.2,0.533333333333333,0.63921568627451",Color/Palettes/Process/PANTONE/PANTONE+/PantonePlusColorBridgeCoated.xml,2026-02-11 17:29:00
PANTONE 2218 CP,3510,2000,true,55.0,9.0,16.0,1.0,"0.55,0.09,0.16,0.01","0.6746,0.43756862745098,0.456980392156863",120,175,183,#78AFB7,"0.470588235294118,0.686274509803922,0.717647058823529","0.537254901960784,0.67843137254902,0.713725490196078",Color/Palettes/Process/PANTONE/PANTONE+/PantonePlusColorBridgeCoated.xml,2026-02-11 17:29:00
PANTONE 2219 CP,3511,2000,true,63.0,12.0,18.0,4.0,"0.63,0.12,0.18,0.04","0.6315,0.434470588235294,0.453607843137255",106,164,173,#6AA4AD,"0.415686274509804,0.643137254901961,0.67843137254902","0.490196078431373,0.635294117647059,0.670588235294118",Color/Palettes/Process/PANTONE/PANTONE+/PantonePlusColorBridgeCoated.xml,2026-02-11 17:29:00
PANTONE 2220 CP,3512,2000,true,70.0,15.0,20.0,7.0,"0.7,0.15,0.2,0.07","0.584,0.429294117647059,0.446392156862745",87,152,164,#5798A4,"0.341176470588235,0.596078431372549,0.643137254901961","0.431372549019608,0.588235294117647,0.635294117647059",Color/Palettes/Process/PANTONE/PANTONE+/PantonePlusColorBridgeCoated.xml,2026-02-11 17:29:00
PANTONE 2221 CP,3513,2000,true,76.0,17.0,22.0,11.0,"0.76,0.17,0.22,0.11","0.5413,0.422862745098039,0.442313725490196",69,141,154,#458D9A,"0.270588235294118,0.552941176470588,0.603921568627451","0.380392156862745,0.549019607843137,0.596078431372549",Color/Palettes/Process/PANTONE/PANTONE+/PantonePlusColorBridgeCoated.xml,2026-02-11 17:29:00
PANTONE 2222 CP,3514,2000,true,80.0,19.0,22.0,15.0,"0.8,0.19,0.22,0.15","0.5076,0.423294117647059,0.438117647058824",58,132,147,#3A8493,"0.227450980392157,0.517647058823529,0.576470588235294","0.345098039215686,0.513725490196078,0.568627450980392",Color/Palettes/Process/PANTONE/PANTONE+/PantonePlusColorBridgeCoated.xml,2026-02-11 17:29:00
PANTONE 2223 CP,3515,2000,true,84.0,20.0,22.0,22.0,"0.84,0.2,0.22,0.22","0.4693,0.42043137254902,0.435333333333333",43,123,138,#2B7B8A,"0.168627450980392,0.482352941176471,0.541176470588235","0.305882352941176,0.47843137254902,0.533333333333333",Color/Palettes/Process/PANTONE/PANTONE+/PantonePlusColorBridgeCoated.xml,2026-02-11 17:29:00
PANTONE 2224 CP,3516,2000,true,91.0,20.0,19.0,34.0,"0.91,0.2,0.19,0.34","0.4121,0.416196078431373,0.429882352941176",5,109,126,#056D7E,"0.0196078431372549,0.427450980392157,0.494117647058824","0.243137254901961,0.427450980392157,0.486274509803922",Color/Palettes/Process/PANTONE/PANTONE+/PantonePlusColorBridgeCoated.xml,2026-02-11 17:29:00
PANTONE 2225 CP,3517,2000,true,45.0,0.0,7.0,0.0,"0.45,0.0,0.07,0.0","0.7818,0.424039215686275,0.461254901960784",142,206,211,#8ECED3,"0.556862745098039,0.807843137254902,0.827450980392157","0.635294117647059,0.8,0.819607843137255",Color/Palettes/Process/PANTONE/PANTONE+/PantonePlusColorBridgeCoated.xml,2026-02-11 17:29:00
PANTONE 2226 CP,3518,2000,true,59.0,0.0,12.0,0.0,"0.59,0.0,0.12,0.0","0.7303,0.399294117647059,0.45078431372549",107,195,201,#6BC3C9,"0.419607843137255,0.764705882352941,0.788235294117647","0.541176470588235,0.756862745098039,0.780392156862745",Color/Palettes/Process/PANTONE/PANTONE+/PantonePlusColorBridgeCoated.xml,2026-02-11 17:29:00
PANTONE 2227 CP,3519,2000,true,60.0,0.0,16.0,0.0,"0.6,0.0,0.16,0.0","0.7252,0.396392156862745,0.455137254901961",105,194,198,#69C2C6,"0.411764705882353,0.76078431372549,0.776470588235294","0.537254901960784,0.752941176470588,0.768627450980392",Color/Palettes/Process/PANTONE/PANTONE+/PantonePlusColorBridgeCoated.xml,2026-02-11 17:29:00
PANTONE 2228 CP,3520,2000,true,100.0,0.0,24.0,0.0,"1.0,0.0,0.24,0.0","0.5773,0.309529411764706,0.404",0,163,180,#00A3B4,"0.0,0.63921568627451,0.705882352941177","0.176470588235294,0.635294117647059,0.694117647058824",Color/Palettes/Process/PANTONE/PANTONE+/PantonePlusColorBridgeCoated.xml,2026-02-11 17:29:00
PANTONE 2229 CP,3521,2000,true,100.0,0.0,24.0,0.0,"1.0,0.0,0.24,0.0","0.5637,0.298549019607843,0.407529411764706",0,160,174,#00A0AE,"0.0,0.627450980392157,0.682352941176471","0.125490196078431,0.623529411764706,0.674509803921569",Color/Palettes/Process/PANTONE/PANTONE+/PantonePlusColorBridgeCoated.xml,2026-02-11 17:29:00
PANTONE 2230 CP,3522,2000,true,94.0,4.0,24.0,12.0,"0.94,0.04,0.24,0.12","0.5169,0.348666666666667,0.427843137254902",0,143,153,#008F99,"0.0,0.56078431372549,0.6","0.235294117647059,0.556862745098039,0.592156862745098",Color/Palettes/Process/PANTONE/PANTONE+/PantonePlusColorBridgeCoated.xml,2026-02-11 17:29:00
PANTONE 2231 CP,3523,2000,true,100.0,0.0,23.0,25.0,"1.0,0.0,0.23,0.25","0.4483,0.335529411764706,0.418235294117647",0,126,139,#007E8B,"0.0,0.494117647058824,0.545098039215686","0.105882352941176,0.490196078431373,0.541176470588235",Color/Palettes/Process/PANTONE/PANTONE+/PantonePlusColorBridgeCoated.xml,2026-02-11 17:29:00
PANTONE 2211 CP,3524,2000,true,56.0,21.0,22.0,6.0,"0.56,0.21,0.22,0.06","0.6115,0.454,0.472941176470588",117,155,159,#759B9F,"0.458823529411765,0.607843137254902,0.623529411764706","0.501960784313725,0.603921568627451,0.619607843137255",Color/Palettes/Process/PANTONE/PANTONE+/PantonePlusColorBridgeCoated.xml,2026-02-11 17:29:00
PANTONE 2212 CP,3525,2000,true,67.0,26.0,26.0,13.0,"0.67,0.26,0.26,0.13","0.5277,0.446156862745098,0.459529411764706",88,135,143,#58878F,"0.345098039215686,0.529411764705882,0.56078431372549","0.407843137254902,0.525490196078431,0.556862745098039",Color/Palettes/Process/PANTONE/PANTONE+/PantonePlusColorBridgeCoated.xml,2026-02-11 17:29:00
PANTONE 2213 CP,3526,2000,true,77.0,26.0,33.0,27.0,"0.77,0.26,0.33,0.27","0.4524,0.433137254901961,0.459019607843137",60,117,124,#3C757C,"0.235294117647059,0.458823529411765,0.486274509803922","0.32156862745098,0.454901960784314,0.482352941176471",Color/Palettes/Process/PANTONE/PANTONE+/PantonePlusColorBridgeCoated.xml,2026-02-11 17:29:00
PANTONE 2214 CP,3527,2000,true,78.0,28.0,30.0,27.0,"0.78,0.28,0.3,0.27","0.4444,0.441058823529412,0.45243137254902",61,114,125,#3D727D,"0.23921568627451,0.447058823529412,0.490196078431373","0.32156862745098,0.443137254901961,0.482352941176471",Color/Palettes/Process/PANTONE/PANTONE+/PantonePlusColorBridgeCoated.xml,2026-02-11 17:29:00
PANTONE 2215 CP,3528,2000,true,81.0,39.0,30.0,43.0,"0.81,0.39,0.3,0.43","0.3689,0.458117647058824,0.457254901960784",55,93,104,#375D68,"0.215686274509804,0.364705882352941,0.407843137254902","0.274509803921569,0.368627450980392,0.407843137254902",Color/Palettes/Process/PANTONE/PANTONE+/PantonePlusColorBridgeCoated.xml,2026-02-11 17:29:00
PANTONE 2216 CP,3529,2000,true,81.0,42.0,35.0,50.0,"0.81,0.42,0.35,0.5","0.3385,0.462196078431373,0.468117647058824",53,85,92,#35555C,"0.207843137254902,0.333333333333333,0.36078431372549","0.258823529411765,0.337254901960784,0.36078431372549",Color/Palettes/Process/PANTONE/PANTONE+/PantonePlusColorBridgeCoated.xml,2026-02-11 17:29:00
PANTONE 2217 CP,3530,2000,true,96.0,26.0,35.0,76.0,"0.96,0.26,0.35,0.76","0.2387,0.436078431372549,0.465176470588235",3,65,70,#034146,"0.0117647058823529,0.254901960784314,0.274509803921569","0.149019607843137,0.262745098039216,0.27843137254902",Color/Palettes/Process/PANTONE/PANTONE+/PantonePlusColorBridgeCoated.xml,2026-02-11 17:29:00
PANTONE 2232 CP,3531,2000,true,56.0,8.0,21.0,2.0,"0.56,0.08,0.21,0.02","0.6766,0.429176470588235,0.477176470588235",121,176,174,#79B0AE,"0.474509803921569,0.690196078431373,0.682352941176471","0.541176470588235,0.686274509803922,0.67843137254902",Color/Palettes/Process/PANTONE/PANTONE+/PantonePlusColorBridgeCoated.xml,2026-02-11 17:29:00
PANTONE 2233 CP,3532,2000,true,64.0,9.0,23.0,3.0,"0.64,0.09,0.23,0.03","0.6435,0.417921568627451,0.467764705882353",102,169,170,#66A9AA,"0.4,0.662745098039216,0.666666666666667","0.490196078431373,0.654901960784314,0.658823529411765",Color/Palettes/Process/PANTONE/PANTONE+/PantonePlusColorBridgeCoated.xml,2026-02-11 17:29:00
PANTONE 2234 CP,3533,2000,true,67.0,11.0,26.0,5.0,"0.67,0.11,0.26,0.05","0.6134,0.418470588235294,0.465254901960784",93,161,163,#5DA1A3,"0.364705882352941,0.631372549019608,0.63921568627451","0.458823529411765,0.623529411764706,0.631372549019608",Color/Palettes/Process/PANTONE/PANTONE+/PantonePlusColorBridgeCoated.xml,2026-02-11 17:29:00
PANTONE 2235 CP,3534,2000,true,76.0,11.0,28.0,9.0,"0.76,0.11,0.28,0.09","0.5625,0.404196078431373,0.456235294117647",65,149,153,#419599,"0.254901960784314,0.584313725490196,0.6","0.384313725490196,0.576470588235294,0.596078431372549",Color/Palettes/Process/PANTONE/PANTONE+/PantonePlusColorBridgeCoated.xml,2026-02-11 17:29:00
PANTONE 2236 CP,3535,2000,true,76.0,12.0,29.0,11.0,"0.76,0.12,0.29,0.11","0.5546,0.408,0.457333333333333",66,146,151,#429297,"0.258823529411765,0.572549019607843,0.592156862745098","0.384313725490196,0.568627450980392,0.584313725490196",Color/Palettes/Process/PANTONE/PANTONE+/PantonePlusColorBridgeCoated.xml,2026-02-11 17:29:00
PANTONE 2237 CP,3536,2000,true,81.0,13.0,31.0,16.0,"0.81,0.13,0.31,0.16","0.5129,0.401411764705882,0.455333333333333",46,136,141,#2E888D,"0.180392156862745,0.533333333333333,0.552941176470588","0.333333333333333,0.529411764705882,0.545098039215686",Color/Palettes/Process/PANTONE/PANTONE+/PantonePlusColorBridgeCoated.xml,2026-02-11 17:29:00
PANTONE 2238 CP,3537,2000,true,98.0,6.0,30.0,41.0,"0.98,0.06,0.3,0.41","0.3957,0.376509803921569,0.441058823529412",0,109,117,#006D75,"0.0,0.427450980392157,0.458823529411765","0.180392156862745,0.423529411764706,0.454901960784314",Color/Palettes/Process/PANTONE/PANTONE+/PantonePlusColorBridgeCoated.xml,2026-02-11 17:29:00
PANTONE 2239 CP,3538,2000,true,66.0,0.0,42.0,0.0,"0.66,0.0,0.42,0.0","0.709,0.372196078431373,0.523843137254902",103,191,161,#67BFA1,"0.403921568627451,0.749019607843137,0.631372549019608","0.529411764705882,0.745098039215686,0.627450980392157",Color/Palettes/Process/PANTONE/PANTONE+/PantonePlusColorBridgeCoated.xml,2026-02-11 17:29:00
PANTONE 2240 CP,3539,2000,true,82.0,0.0,56.0,0.0,"0.82,0.0,0.56,0.0","0.65,0.329450980392157,0.531764705882353",44,180,141,#2CB48D,"0.172549019607843,0.705882352941177,0.552941176470588","0.419607843137255,0.698039215686274,0.552941176470588",Color/Palettes/Process/PANTONE/PANTONE+/PantonePlusColorBridgeCoated.xml,2026-02-11 17:29:00
PANTONE 2241 CP,3540,2000,true,65.0,8.0,42.0,6.0,"0.65,0.08,0.42,0.06","0.6434,0.404078431372549,0.512352941176471",105,170,149,#69AA95,"0.411764705882353,0.666666666666667,0.584313725490196","0.498039215686275,0.658823529411765,0.584313725490196",Color/Palettes/Process/PANTONE/PANTONE+/PantonePlusColorBridgeCoated.xml,2026-02-11 17:29:00
PANTONE 2242 CP,3541,2000,true,93.0,0.0,69.0,0.0,"0.93,0.0,0.69,0.0","0.5962,0.290745098039216,0.538392156862745",0,169,123,#00A97B,"0.0,0.662745098039216,0.482352941176471","0.317647058823529,0.654901960784314,0.490196078431373",Color/Palettes/Process/PANTONE/PANTONE+/PantonePlusColorBridgeCoated.xml,2026-02-11 17:29:00
PANTONE 2243 CP,3542,2000,true,84.0,3.0,56.0,9.0,"0.84,0.03,0.56,0.09","0.5719,0.343882352941176,0.515607843137255",22,157,128,#169D80,"0.0862745098039216,0.615686274509804,0.501960784313725","0.352941176470588,0.611764705882353,0.501960784313725",Color/Palettes/Process/PANTONE/PANTONE+/PantonePlusColorBridgeCoated.xml,2026-02-11 17:29:00
PANTONE 2244 CP,3543,2000,true,80.0,10.0,54.0,23.0,"0.8,0.1,0.54,0.23","0.495,0.379921568627451,0.507686274509804",43,133,113,#2B8571,"0.168627450980392,0.52156862745098,0.443137254901961","0.325490196078431,0.517647058823529,0.443137254901961",Color/Palettes/Process/PANTONE/PANTONE+/PantonePlusColorBridgeCoated.xml,2026-02-11 17:29:00
PANTONE 2245 CP,3544,2000,true,100.0,0.0,83.0,10.0,"1.0,0.0,0.83,0.1","0.4782,0.255019607843137,0.531372549019608",0,139,97,#008B61,"0.0,0.545098039215686,0.380392156862745","0.12156862745098,0.541176470588235,0.388235294117647",Color/Palettes/Process/PANTONE/PANTONE+/PantonePlusColorBridgeCoated.xml,2026-02-11 17:29:00
PANTONE 2246 CP,3545,2000,true,33.0,0.0,27.0,0.0,"0.33,0.0,0.27,0.0","0.8199,0.432039215686275,0.539960784313726",174,214,184,#AED6B8,"0.682352941176471,0.83921568627451,0.72156862745098","0.725490196078431,0.835294117647059,0.72156862745098",Color/Palettes/Process/PANTONE/PANTONE+/PantonePlusColorBridgeCoated.xml,2026-02-11 17:29:00
PANTONE 2247 CP,3546,2000,true,53.0,0.0,45.0,0.0,"0.53,0.0,0.45,0.0","0.7473,0.392470588235294,0.554156862745098",134,199,157,#86C79D,"0.525490196078431,0.780392156862745,0.615686274509804","0.607843137254902,0.776470588235294,0.615686274509804",Color/Palettes/Process/PANTONE/PANTONE+/PantonePlusColorBridgeCoated.xml,2026-02-11 17:29:00
PANTONE 2248 CP,3547,2000,true,57.0,0.0,49.0,1.0,"0.57,0.0,0.49,0.01","0.7184,0.391254901960784,0.556392156862745",126,191,148,#7EBF94,"0.494117647058824,0.749019607843137,0.580392156862745","0.576470588235294,0.745098039215686,0.584313725490196",Color/Palettes/Process/PANTONE/PANTONE+/PantonePlusColorBridgeCoated.xml,2026-02-11 17:29:00
PANTONE 2249 CP,3548,2000,true,64.0,3.0,57.0,3.0,"0.64,0.03,0.57,0.03","0.6607,0.37921568627451,0.558901960784314",103,177,132,#67B184,"0.403921568627451,0.694117647058824,0.517647058823529","0.505882352941176,0.690196078431373,0.52156862745098",Color/Palettes/Process/PANTONE/PANTONE+/PantonePlusColorBridgeCoated.xml,2026-02-11 17:29:00
PANTONE 2250 CP,3549,2000,true,78.0,0.0,73.0,0.0,"0.78,0.0,0.73,0.0","0.6387,0.328235294117647,0.582235294117647",61,176,114,#3DB072,"0.23921568627451,0.690196078431373,0.447058823529412","0.431372549019608,0.686274509803922,0.458823529411765",Color/Palettes/Process/PANTONE/PANTONE+/PantonePlusColorBridgeCoated.xml,2026-02-11 17:29:00
PANTONE 2251 CP,3550,2000,true,84.0,0.0,74.0,0.0,"0.84,0.0,0.74,0.0","0.6113,0.308549019607843,0.572235294117647",3,171,111,#03AB6F,"0.0117647058823529,0.670588235294118,0.435294117647059","0.376470588235294,0.662745098039216,0.447058823529412",Color/Palettes/Process/PANTONE/PANTONE+/PantonePlusColorBridgeCoated.xml,2026-02-11 17:29:00
PANTONE 2252 CP,3551,2000,true,92.0,0.0,96.0,0.0,"0.92,0.0,0.96,0.0","0.5618,0.261019607843137,0.613843137254902",0,161,78,#00A14E,"0.0,0.631372549019608,0.305882352941176","0.286274509803922,0.627450980392157,0.329411764705882",Color/Palettes/Process/PANTONE/PANTONE+/PantonePlusColorBridgeCoated.xml,2026-02-11 17:29:00
PANTONE 2253 CP,3552,2000,true,21.0,0.0,21.0,0.0,"0.21,0.0,0.21,0.0","0.8626,0.452156862745098,0.552392156862745",198,223,190,#C6DFBE,"0.776470588235294,0.874509803921569,0.745098039215686","0.803921568627451,0.870588235294118,0.745098039215686",Color/Palettes/Process/PANTONE/PANTONE+/PantonePlusColorBridgeCoated.xml,2026-02-11 17:29:00
PANTONE 2254 CP,3553,2000,true,31.0,0.0,34.0,0.0,"0.31,0.0,0.34,0.0","0.8219,0.432862745098039,0.569098039215686",180,215,170,#B4D7AA,"0.705882352941177,0.843137254901961,0.666666666666667","0.741176470588235,0.835294117647059,0.670588235294118",Color/Palettes/Process/PANTONE/PANTONE+/PantonePlusColorBridgeCoated.xml,2026-02-11 17:29:00
PANTONE 2255 CP,3554,2000,true,45.0,0.0,51.0,0.0,"0.45,0.0,0.51,0.0","0.765,0.403764705882353,0.59078431372549",152,202,144,#98CA90,"0.596078431372549,0.792156862745098,0.564705882352941","0.654901960784314,0.788235294117647,0.572549019607843",Color/Palettes/Process/PANTONE/PANTONE+/PantonePlusColorBridgeCoated.xml,2026-02-11 17:29:00
PANTONE 2256 CP,3555,2000,true,62.0,0.0,71.0,0.0,"0.62,0.0,0.71,0.0","0.6828,0.358901960784314,0.612705882352941",106,185,111,#6AB96F,"0.415686274509804,0.725490196078431,0.435294117647059","0.525490196078431,0.717647058823529,0.450980392156863",Color/Palettes/Process/PANTONE/PANTONE+/PantonePlusColorBridgeCoated.xml,2026-02-11 17:29:00
PANTONE 2257 CP,3556,2000,true,79.0,0.0,91.0,0.0,"0.79,0.0,0.91,0.0","0.605,0.310235294117647,0.62",41,169,87,#29A957,"0.16078431372549,0.662745098039216,0.341176470588235","0.392156862745098,0.654901960784314,0.36078431372549",Color/Palettes/Process/PANTONE/PANTONE+/PantonePlusColorBridgeCoated.xml,2026-02-11 17:29:00
PANTONE 2258 CP,3557,2000,true,82.0,0.0,100.0,18.0,"0.82,0.0,1.0,0.18","0.5089,0.31043137254902,0.63521568627451",0,142,55,#008E37,"0.0,0.556862745098039,0.215686274509804","0.309803921568627,0.552941176470588,0.250980392156863",Color/Palettes/Process/PANTONE/PANTONE+/PantonePlusColorBridgeCoated.xml,2026-02-11 17:29:00
PANTONE 2259 CP,3558,2000,true,81.0,0.0,100.0,37.0,"0.81,0.0,1.0,0.37","0.44,0.332117647058824,0.617803921568627",0,122,48,#007A30,"0.0,0.47843137254902,0.188235294117647","0.266666666666667,0.474509803921569,0.223529411764706",Color/Palettes/Process/PANTONE/PANTONE+/PantonePlusColorBridgeCoated.xml,2026-02-11 17:29:00
PANTONE 2260 CP,3559,2000,true,29.0,1.0,32.0,0.0,"0.29,0.01,0.32,0.0","0.8008,0.440235294117647,0.569137254901961",178,208,165,#B2D0A5,"0.698039215686274,0.815686274509804,0.647058823529412","0.725490196078431,0.807843137254902,0.647058823529412",Color/Palettes/Process/PANTONE/PANTONE+/PantonePlusColorBridgeCoated.xml,2026-02-11 17:29:00
PANTONE 2261 CP,3560,2000,true,41.0,6.0,46.0,2.0,"0.41,0.06,0.46,0.02","0.7097,0.428980392156863,0.583450980392157",149,184,133,#95B885,"0.584313725490196,0.72156862745098,0.52156862745098","0.619607843137255,0.717647058823529,0.529411764705882",Color/Palettes/Process/PANTONE/PANTONE+/PantonePlusColorBridgeCoated.xml,2026-02-11 17:29:00
PANTONE 2262 CP,3561,2000,true,46.0,10.0,47.0,5.0,"0.46,0.1,0.47,0.05","0.6593,0.436078431372549,0.573058823529412",138,170,125,#8AAA7D,"0.541176470588235,0.666666666666667,0.490196078431373","0.572549019607843,0.658823529411765,0.498039215686275",Color/Palettes/Process/PANTONE/PANTONE+/PantonePlusColorBridgeCoated.xml,2026-02-11 17:29:00
PANTONE 2263 CP,3562,2000,true,53.0,14.0,59.0,15.0,"0.53,0.14,0.59,0.15","0.5733,0.430823529411765,0.580274509803922",114,147,100,#729364,"0.447058823529412,0.576470588235294,0.392156862745098","0.482352941176471,0.572549019607843,0.403921568627451",Color/Palettes/Process/PANTONE/PANTONE+/PantonePlusColorBridgeCoated.xml,2026-02-11 17:29:00
PANTONE 2264 CP,3563,2000,true,56.0,9.0,68.0,17.0,"0.56,0.09,0.68,0.17","0.5712,0.412627450980392,0.598196078431373",106,149,91,#6A955B,"0.415686274509804,0.584313725490196,0.356862745098039","0.466666666666667,0.576470588235294,0.372549019607843",Color/Palettes/Process/PANTONE/PANTONE+/PantonePlusColorBridgeCoated.xml,2026-02-11 17:29:00
PANTONE 2265 CP,3564,2000,true,58.0,15.0,71.0,30.0,"0.58,0.15,0.71,0.3","0.4865,0.425529411764706,0.584627450980392",90,125,77,#5A7D4D,"0.352941176470588,0.490196078431373,0.301960784313725","0.396078431372549,0.486274509803922,0.317647058823529",Color/Palettes/Process/PANTONE/PANTONE+/PantonePlusColorBridgeCoated.xml,2026-02-11 17:29:00
PANTONE 2266 CP,3565,2000,true,64.0,1.0,98.0,66.0,"0.64,0.01,0.98,0.66","0.3399,0.414274509803922,0.591607843137255",50,90,40,#325A28,"0.196078431372549,0.352941176470588,0.156862745098039","0.258823529411765,0.352941176470588,0.184313725490196",Color/Palettes/Process/PANTONE/PANTONE+/PantonePlusColorBridgeCoated.xml,2026-02-11 17:29:00
PANTONE 2267 CP,3566,2000,true,36.0,0.0,49.0,0.0,"0.36,0.0,0.49,0.0","0.778,0.41078431372549,0.613450980392157",162,205,136,#A2CD88,"0.635294117647059,0.803921568627451,0.533333333333333","0.682352941176471,0.8,0.545098039215686",Color/Palettes/Process/PANTONE/PANTONE+/PantonePlusColorBridgeCoated.xml,2026-02-11 17:29:00
PANTONE 2268 CP,3567,2000,true,49.0,0.0,65.0,0.0,"0.49,0.0,0.65,0.0","0.7326,0.386392156862745,0.635137254901961",140,195,113,#8CC371,"0.549019607843137,0.764705882352941,0.443137254901961","0.615686274509804,0.76078431372549,0.458823529411765",Color/Palettes/Process/PANTONE/PANTONE+/PantonePlusColorBridgeCoated.xml,2026-02-11 17:29:00
PANTONE 2269 CP,3568,2000,true,52.0,0.0,72.0,0.0,"0.52,0.0,0.72,0.0","0.7193,0.378470588235294,0.657176470588235",135,192,98,#87C062,"0.529411764705882,0.752941176470588,0.384313725490196","0.6,0.749019607843137,0.407843137254902",Color/Palettes/Process/PANTONE/PANTONE+/PantonePlusColorBridgeCoated.xml,2026-02-11 17:29:00
PANTONE 2270 CP,3569,2000,true,66.0,0.0,90.0,0.0,"0.66,0.0,0.9,0.0","0.6549,0.342313725490196,0.666470588235294",96,179,76,#60B34C,"0.376470588235294,0.701960784313725,0.298039215686275","0.494117647058824,0.694117647058824,0.329411764705882",Color/Palettes/Process/PANTONE/PANTONE+/PantonePlusColorBridgeCoated.xml,2026-02-11 17:29:00
PANTONE 2271 CP,3570,2000,true,74.0,0.0,99.0,0.0,"0.74,0.0,0.99,0.0","0.6157,0.315058823529412,0.679725490196078",66,171,57,#42AB39,"0.258823529411765,0.670588235294118,0.223529411764706","0.427450980392157,0.662745098039216,0.266666666666667",Color/Palettes/Process/PANTONE/PANTONE+/PantonePlusColorBridgeCoated.xml,2026-02-11 17:29:00
PANTONE 2272 CP,3571,2000,true,77.0,0.0,100.0,5.0,"0.77,0.0,1.0,0.05","0.5929,0.314745098039216,0.67921568627451",58,164,51,#3AA433,"0.227450980392157,0.643137254901961,0.2","0.403921568627451,0.63921568627451,0.247058823529412",Color/Palettes/Process/PANTONE/PANTONE+/PantonePlusColorBridgeCoated.xml,2026-02-11 17:29:00
PANTONE 2273 CP,3572,2000,true,74.0,0.0,100.0,41.0,"0.74,0.0,1.0,0.41","0.4624,0.360117647058824,0.637254901960784",52,126,44,#347E2C,"0.203921568627451,0.494117647058824,0.172549019607843","0.325490196078431,0.490196078431373,0.211764705882353",Color/Palettes/Process/PANTONE/PANTONE+/PantonePlusColorBridgeCoated.xml,2026-02-11 17:29:00
PANTONE 2274 CP,3573,2000,true,16.0,0.0,31.0,0.0,"0.16,0.0,0.31,0.0","0.8601,0.465294117647059,0.600117647058824",211,220,166,#D3DCA6,"0.827450980392157,0.862745098039216,0.650980392156863","0.831372549019608,0.858823529411765,0.654901960784314",Color/Palettes/Process/PANTONE/PANTONE+/PantonePlusColorBridgeCoated.xml,2026-02-11 17:29:00
PANTONE 2275 CP,3574,2000,true,23.0,0.0,49.0,0.0,"0.23,0.0,0.49,0.0","0.8381,0.438,0.648745098039216",197,218,135,#C5DA87,"0.772549019607843,0.854901960784314,0.529411764705882","0.792156862745098,0.850980392156863,0.545098039215686",Color/Palettes/Process/PANTONE/PANTONE+/PantonePlusColorBridgeCoated.xml,2026-02-11 17:29:00
PANTONE 2276 CP,3575,2000,true,44.0,5.0,78.0,12.0,"0.44,0.05,0.78,0.12","0.6531,0.423019607843137,0.668313725490196",141,169,77,#8DA94D,"0.552941176470588,0.662745098039216,0.301960784313725","0.580392156862745,0.654901960784314,0.329411764705882",Color/Palettes/Process/PANTONE/PANTONE+/PantonePlusColorBridgeCoated.xml,2026-02-11 17:29:00
PANTONE 2277 CP,3576,2000,true,61.0,0.0,100.0,18.0,"0.61,0.0,1.0,0.18","0.5832,0.367686274509804,0.709490196078431",98,156,28,#629C1C,"0.384313725490196,0.611764705882353,0.109803921568627","0.458823529411765,0.607843137254902,0.188235294117647",Color/Palettes/Process/PANTONE/PANTONE+/PantonePlusColorBridgeCoated.xml,2026-02-11 17:29:00
PANTONE 2278 CP,3577,2000,true,58.0,0.0,100.0,35.0,"0.58,0.0,1.0,0.35","0.5048,0.383058823529412,0.682274509803922",83,134,27,#53861B,"0.325490196078431,0.525490196078431,0.105882352941176","0.396078431372549,0.52156862745098,0.172549019607843",Color/Palettes/Process/PANTONE/PANTONE+/PantonePlusColorBridgeCoated.xml,2026-02-11 17:29:00
PANTONE 2279 CP,3578,2000,true,49.0,2.0,98.0,40.0,"0.49,0.02,0.98,0.4","0.4981,0.417137254901961,0.665960784313726",97,129,38,#618126,"0.380392156862745,0.505882352941176,0.149019607843137","0.419607843137255,0.501960784313725,0.196078431372549",Color/Palettes/Process/PANTONE/PANTONE+/PantonePlusColorBridgeCoated.xml,2026-02-11 17:29:00
PANTONE 2280 CP,3579,2000,true,51.0,0.0,100.0,54.0,"0.51,0.0,1.0,0.54","0.4258,0.412235294117647,0.651960784313726",76,111,28,#4C6F1C,"0.298039215686275,0.435294117647059,0.109803921568627","0.345098039215686,0.431372549019608,0.16078431372549",Color/Palettes/Process/PANTONE/PANTONE+/PantonePlusColorBridgeCoated.xml,2026-02-11 17:29:00
PANTONE 2281 CP,3580,2000,true,13.0,0.0,48.0,0.0,"0.13,0.0,0.48,0.0","0.8814,0.45643137254902,0.649411764705882",218,227,147,#DAE393,"0.854901960784314,0.890196078431372,0.576470588235294","0.862745098039216,0.886274509803922,0.588235294117647",Color/Palettes/Process/PANTONE/PANTONE+/PantonePlusColorBridgeCoated.xml,2026-02-11 17:29:00
PANTONE 2282 CP,3581,2000,true,20.0,0.0,50.0,0.0,"0.2,0.0,0.5,0.0","0.8512,0.443019607843137,0.642509803921569",202,221,142,#CADD8E,"0.792156862745098,0.866666666666667,0.556862745098039","0.811764705882353,0.862745098039216,0.568627450980392",Color/Palettes/Process/PANTONE/PANTONE+/PantonePlusColorBridgeCoated.xml,2026-02-11 17:29:00
PANTONE 2283 CP,3582,2000,true,35.0,0.0,75.0,0.0,"0.35,0.0,0.75,0.0","0.7867,0.41243137254902,0.670980392156863",172,207,109,#ACCF6D,"0.674509803921569,0.811764705882353,0.427450980392157","0.709803921568627,0.807843137254902,0.450980392156863",Color/Palettes/Process/PANTONE/PANTONE+/PantonePlusColorBridgeCoated.xml,2026-02-11 17:29:00
PANTONE 2284 CP,3583,2000,true,32.0,0.0,62.0,0.0,"0.32,0.0,0.62,0.0","0.8054,0.421764705882353,0.648117647058824",180,211,126,#B4D37E,"0.705882352941177,0.827450980392157,0.494117647058824","0.737254901960784,0.823529411764706,0.509803921568627",Color/Palettes/Process/PANTONE/PANTONE+/PantonePlusColorBridgeCoated.xml,2026-02-11 17:29:00
PANTONE 2285 CP,3584,2000,true,44.0,0.0,86.0,0.0,"0.44,0.0,0.86,0.0","0.7545,0.396156862745098,0.692705882352941",157,200,88,#9DC858,"0.615686274509804,0.784313725490196,0.345098039215686","0.662745098039216,0.776470588235294,0.380392156862745",Color/Palettes/Process/PANTONE/PANTONE+/PantonePlusColorBridgeCoated.xml,2026-02-11 17:29:00
PANTONE 2286 CP,3585,2000,true,49.0,0.0,100.0,0.0,"0.49,0.0,1.0,0.0","0.7181,0.378039215686275,0.741764705882353",142,192,45,#8EC02D,"0.556862745098039,0.752941176470588,0.176470588235294","0.615686274509804,0.745098039215686,0.247058823529412",Color/Palettes/Process/PANTONE/PANTONE+/PantonePlusColorBridgeCoated.xml,2026-02-11 17:29:00
PANTONE 2287 CP,3586,2000,true,58.0,0.0,100.0,0.0,"0.58,0.0,1.0,0.0","0.6815,0.358117647058823,0.728470588235294",120,184,43,#78B82B,"0.470588235294118,0.72156862745098,0.168627450980392","0.552941176470588,0.717647058823529,0.23921568627451",Color/Palettes/Process/PANTONE/PANTONE+/PantonePlusColorBridgeCoated.xml,2026-02-11 17:29:00
PANTONE 2288 CP,3587,2000,true,21.0,0.0,64.0,0.0,"0.21,0.0,0.64,0.0","0.8444,0.439725490196078,0.678117647058824",202,219,122,#CADB7A,"0.792156862745098,0.858823529411765,0.47843137254902","0.807843137254902,0.854901960784314,0.498039215686275",Color/Palettes/Process/PANTONE/PANTONE+/PantonePlusColorBridgeCoated.xml,2026-02-11 17:29:00
PANTONE 2289 CP,3588,2000,true,23.0,0.0,61.0,0.0,"0.23,0.0,0.61,0.0","0.8398,0.437725490196078,0.660196078431373",198,218,130,#C6DA82,"0.776470588235294,0.854901960784314,0.509803921568627","0.796078431372549,0.850980392156863,0.525490196078431",Color/Palettes/Process/PANTONE/PANTONE+/PantonePlusColorBridgeCoated.xml,2026-02-11 17:29:00
PANTONE 2290 CP,3589,2000,true,34.0,0.0,95.0,0.0,"0.34,0.0,0.95,0.0","0.7868,0.410862745098039,0.727294117647059",176,207,77,#B0CF4D,"0.690196078431373,0.811764705882353,0.301960784313725","0.72156862745098,0.803921568627451,0.345098039215686",Color/Palettes/Process/PANTONE/PANTONE+/PantonePlusColorBridgeCoated.xml,2026-02-11 17:29:00
PANTONE 2291 CP,3590,2000,true,33.0,0.0,100.0,0.0,"0.33,0.0,1.0,0.0","0.782,0.409529411764706,0.76721568627451",177,205,47,#B1CD2F,"0.694117647058824,0.803921568627451,0.184313725490196","0.72156862745098,0.8,0.258823529411765",Color/Palettes/Process/PANTONE/PANTONE+/PantonePlusColorBridgeCoated.xml,2026-02-11 17:29:00
PANTONE 2292 CP,3591,2000,true,43.0,0.0,100.0,0.0,"0.43,0.0,1.0,0.0","0.7436,0.389843137254902,0.737137254901961",155,197,57,#9BC539,"0.607843137254902,0.772549019607843,0.223529411764706","0.654901960784314,0.768627450980392,0.282352941176471",Color/Palettes/Process/PANTONE/PANTONE+/PantonePlusColorBridgeCoated.xml,2026-02-11 17:29:00
PANTONE 2293 CP,3592,2000,true,43.0,0.0,100.0,0.0,"0.43,0.0,1.0,0.0","0.7376,0.388352941176471,0.756588235294118",154,196,39,#9AC427,"0.603921568627451,0.768627450980392,0.152941176470588","0.650980392156863,0.76078431372549,0.23921568627451",Color/Palettes/Process/PANTONE/PANTONE+/PantonePlusColorBridgeCoated.xml,2026-02-11 17:29:00
PANTONE 2294 CP,3593,2000,true,49.0,0.0,100.0,8.0,"0.49,0.0,1.0,0.08","0.6778,0.37878431372549,0.732156862745098",131,181,40,#83B528,"0.513725490196078,0.709803921568627,0.156862745098039","0.572549019607843,0.701960784313725,0.231372549019608",Color/Palettes/Process/PANTONE/PANTONE+/PantonePlusColorBridgeCoated.xml,2026-02-11 17:29:00
PANTONE 2295 CP,3594,2000,true,10.0,0.0,55.0,0.0,"0.1,0.0,0.55,0.0","0.8924,0.460392156862745,0.687333333333333",227,229,130,#E3E582,"0.890196078431372,0.898039215686275,0.509803921568627","0.890196078431372,0.898039215686275,0.529411764705882",Color/Palettes/Process/PANTONE/PANTONE+/PantonePlusColorBridgeCoated.xml,2026-02-11 17:29:00
PANTONE 2296 CP,3595,2000,true,15.0,0.0,71.0,0.0,"0.15,0.0,0.71,0.0","0.8674,0.449411764705882,0.720509803921569",217,224,105,#D9E069,"0.850980392156863,0.87843137254902,0.411764705882353","0.854901960784314,0.874509803921569,0.443137254901961",Color/Palettes/Process/PANTONE/PANTONE+/PantonePlusColorBridgeCoated.xml,2026-02-11 17:29:00
PANTONE 2297 CP,3596,2000,true,26.0,0.0,95.0,0.0,"0.26,0.0,0.95,0.0","0.8164,0.425882352941176,0.775686274509804",195,213,52,#C3D534,"0.764705882352941,0.835294117647059,0.203921568627451","0.780392156862745,0.827450980392157,0.27843137254902",Color/Palettes/Process/PANTONE/PANTONE+/PantonePlusColorBridgeCoated.xml,2026-02-11 17:29:00
PANTONE 2298 CP,3597,2000,true,29.0,0.0,79.0,0.0,"0.29,0.0,0.79,0.0","0.8072,0.421490196078431,0.714",186,211,91,#BAD35B,"0.729411764705882,0.827450980392157,0.356862745098039","0.752941176470588,0.823529411764706,0.392156862745098",Color/Palettes/Process/PANTONE/PANTONE+/PantonePlusColorBridgeCoated.xml,2026-02-11 17:29:00
PANTONE 2299 CP,3598,2000,true,38.0,0.0,94.0,0.0,"0.38,0.0,0.94,0.0","0.7656,0.402117647058824,0.762",169,202,46,#A9CA2E,"0.662745098039216,0.792156862745098,0.180392156862745","0.694117647058824,0.784313725490196,0.254901960784314",Color/Palettes/Process/PANTONE/PANTONE+/PantonePlusColorBridgeCoated.xml,2026-02-11 17:29:00
PANTONE 2300 CP,3599,2000,true,36.0,0.0,87.0,2.0,"0.36,0.0,0.87,0.02","0.7483,0.413960784313726,0.750627450980392",169,195,50,#A9C332,"0.662745098039216,0.764705882352941,0.196078431372549","0.686274509803922,0.76078431372549,0.262745098039216",Color/Palettes/Process/PANTONE/PANTONE+/PantonePlusColorBridgeCoated.xml,2026-02-11 17:29:00
PANTONE 2301 CP,3600,2000,true,40.0,0.0,100.0,11.0,"0.4,0.0,1.0,0.11","0.681,0.407137254901961,0.769098039215686",148,178,0,#94B200,"0.580392156862745,0.698039215686274,0.0","0.611764705882353,0.690196078431373,0.152941176470588",Color/Palettes/Process/PANTONE/PANTONE+/PantonePlusColorBridgeCoated.xml,2026-02-11 17:29:00
PANTONE 2302 CP,3601,2000,true,29.0,8.0,69.0,6.0,"0.29,0.08,0.69,0.06","0.7244,0.451372549019608,0.680823529411765",174,184,89,#AEB859,"0.682352941176471,0.72156862745098,0.349019607843137","0.686274509803922,0.717647058823529,0.376470588235294",Color/Palettes/Process/PANTONE/PANTONE+/PantonePlusColorBridgeCoated.xml,2026-02-11 17:29:00
PANTONE 2303 CP,3602,2000,true,35.0,6.0,75.0,8.0,"0.35,0.06,0.75,0.08","0.6998,0.439294117647059,0.693647058823529",163,179,75,#A3B34B,"0.63921568627451,0.701960784313725,0.294117647058824","0.650980392156863,0.698039215686274,0.329411764705882",Color/Palettes/Process/PANTONE/PANTONE+/PantonePlusColorBridgeCoated.xml,2026-02-11 17:29:00
PANTONE 2304 CP,3603,2000,true,32.0,8.0,77.0,12.0,"0.32,0.08,0.77,0.12","0.6715,0.453176470588235,0.699686274509804",161,170,65,#A1AA41,"0.631372549019608,0.666666666666667,0.254901960784314","0.635294117647059,0.658823529411765,0.290196078431373",Color/Palettes/Process/PANTONE/PANTONE+/PantonePlusColorBridgeCoated.xml,2026-02-11 17:29:00
PANTONE 2305 CP,3604,2000,true,23.0,0.0,100.0,22.0,"0.23,0.0,1.0,0.22","0.6706,0.441960784313725,0.775803921568627",161,170,0,#A1AA00,"0.631372549019608,0.666666666666667,0.0","0.635294117647059,0.662745098039216,0.125490196078431",Color/Palettes/Process/PANTONE/PANTONE+/PantonePlusColorBridgeCoated.xml,2026-02-11 17:29:00
PANTONE 2306 CP,3605,2000,true,31.0,3.0,97.0,35.0,"0.31,0.03,0.97,0.35","0.5749,0.448392156862745,0.715803921568627",134,145,26,#86911A,"0.525490196078431,0.568627450980392,0.101960784313725","0.533333333333333,0.56078431372549,0.172549019607843",Color/Palettes/Process/PANTONE/PANTONE+/PantonePlusColorBridgeCoated.xml,2026-02-11 17:29:00
PANTONE 2307 CP,3606,2000,true,23.0,2.0,100.0,57.0,"0.23,0.02,1.0,0.57","0.4794,0.454156862745098,0.691843137254902",110,119,16,#6E7710,"0.431372549019608,0.466666666666667,0.0627450980392157","0.43921568627451,0.466666666666667,0.137254901960784",Color/Palettes/Process/PANTONE/PANTONE+/PantonePlusColorBridgeCoated.xml,2026-02-11 17:29:00
PANTONE 2308 CP,3607,2000,true,22.0,20.0,99.0,65.0,"0.22,0.2,0.99,0.65","0.3738,0.496392156862745,0.64678431372549",97,88,22,#615816,"0.380392156862745,0.345098039215686,0.0862745098039216","0.372549019607843,0.349019607843137,0.133333333333333",Color/Palettes/Process/PANTONE/PANTONE+/PantonePlusColorBridgeCoated.xml,2026-02-11 17:29:00
PANTONE 2323 CP,3608,2000,true,24.0,20.0,35.0,3.0,"0.24,0.2,0.35,0.03","0.719,0.500313725490196,0.563294117647059",182,177,147,#B6B193,"0.713725490196078,0.694117647058824,0.576470588235294","0.701960784313725,0.686274509803922,0.576470588235294",Color/Palettes/Process/PANTONE/PANTONE+/PantonePlusColorBridgeCoated.xml,2026-02-11 17:29:00
PANTONE 2324 CP,3609,2000,true,24.0,26.0,43.0,7.0,"0.24,0.26,0.43,0.07","0.6712,0.509882352941177,0.573176470588235",174,162,130,#AEA282,"0.682352941176471,0.635294117647059,0.509803921568627","0.662745098039216,0.631372549019608,0.509803921568627",Color/Palettes/Process/PANTONE/PANTONE+/PantonePlusColorBridgeCoated.xml,2026-02-11 17:29:00
PANTONE 2325 CP,3610,2000,true,28.0,31.0,48.0,13.0,"0.28,0.31,0.48,0.13","0.6058,0.512823529411765,0.567333333333333",157,145,116,#9D9174,"0.615686274509804,0.568627450980392,0.454901960784314","0.596078431372549,0.56078431372549,0.458823529411765",Color/Palettes/Process/PANTONE/PANTONE+/PantonePlusColorBridgeCoated.xml,2026-02-11 17:29:00
PANTONE 2326 CP,3611,2000,true,32.0,35.0,56.0,23.0,"0.32,0.35,0.56,0.23","0.5364,0.514980392156863,0.570588235294118",140,126,97,#8C7E61,"0.549019607843137,0.494117647058824,0.380392156862745","0.529411764705882,0.490196078431373,0.388235294117647",Color/Palettes/Process/PANTONE/PANTONE+/PantonePlusColorBridgeCoated.xml,2026-02-11 17:29:00
PANTONE 2327 CP,3612,2000,true,34.0,33.0,60.0,27.0,"0.34,0.33,0.6,0.27","0.5182,0.509411764705882,0.571803921568627",133,123,92,#857B5C,"0.52156862745098,0.482352941176471,0.36078431372549","0.505882352941176,0.47843137254902,0.368627450980392",Color/Palettes/Process/PANTONE/PANTONE+/PantonePlusColorBridgeCoated.xml,2026-02-11 17:29:00
PANTONE 2328 CP,3613,2000,true,33.0,40.0,66.0,37.0,"0.33,0.4,0.66,0.37","0.4661,0.51843137254902,0.575803921568627",123,108,78,#7B6C4E,"0.482352941176471,0.423529411764706,0.305882352941176","0.462745098039216,0.423529411764706,0.317647058823529",Color/Palettes/Process/PANTONE/PANTONE+/PantonePlusColorBridgeCoated.xml,2026-02-11 17:29:00
PANTONE 2329 CP,3614,2000,true,36.0,43.0,71.0,47.0,"0.36,0.43,0.71,0.47","0.411,0.51643137254902,0.575803921568627",108,95,65,#6C5F41,"0.423529411764706,0.372549019607843,0.254901960784314","0.411764705882353,0.372549019607843,0.270588235294118",Color/Palettes/Process/PANTONE/PANTONE+/PantonePlusColorBridgeCoated.xml,2026-02-11 17:29:00
PANTONE 2316 CP,3615,2000,true,16.0,33.0,46.0,8.0,"0.16,0.33,0.46,0.08","0.6454,0.552274509803922,0.592470588235294",186,148,115,#BA9473,"0.729411764705882,0.580392156862745,0.450980392156863","0.682352941176471,0.576470588235294,0.454901960784314",Color/Palettes/Process/PANTONE/PANTONE+/PantonePlusColorBridgeCoated.xml,2026-02-11 17:29:00
PANTONE 2317 CP,3616,2000,true,14.0,40.0,59.0,15.0,"0.14,0.4,0.59,0.15","0.5919,0.568509803921569,0.616745098039216",178,131,91,#B2835B,"0.698039215686274,0.513725490196078,0.356862745098039","0.647058823529412,0.509803921568627,0.364705882352941",Color/Palettes/Process/PANTONE/PANTONE+/PantonePlusColorBridgeCoated.xml,2026-02-11 17:29:00
PANTONE 2318 CP,3617,2000,true,13.0,45.0,68.0,25.0,"0.13,0.45,0.68,0.25","0.5342,0.574196078431373,0.623411764705882",165,116,74,#A5744A,"0.647058823529412,0.454901960784314,0.290196078431373","0.592156862745098,0.450980392156863,0.305882352941176",Color/Palettes/Process/PANTONE/PANTONE+/PantonePlusColorBridgeCoated.xml,2026-02-11 17:29:00
PANTONE 2319 CP,3618,2000,true,11.0,52.0,82.0,41.0,"0.11,0.52,0.82,0.41","0.454,0.580745098039216,0.63121568627451",145,94,52,#915E34,"0.568627450980392,0.368627450980392,0.203921568627451","0.517647058823529,0.372549019607843,0.223529411764706",Color/Palettes/Process/PANTONE/PANTONE+/PantonePlusColorBridgeCoated.xml,2026-02-11 17:29:00
PANTONE 2320 CP,3619,2000,true,10.0,59.0,91.0,58.0,"0.1,0.59,0.91,0.58","0.3404,0.582078431372549,0.612392156862745",114,67,35,#724323,"0.447058823529412,0.262745098039216,0.137254901960784","0.403921568627451,0.270588235294118,0.164705882352941",Color/Palettes/Process/PANTONE/PANTONE+/PantonePlusColorBridgeCoated.xml,2026-02-11 17:29:00
PANTONE 2321 CP,3620,2000,true,27.0,53.0,73.0,49.0,"0.27,0.53,0.73,0.49","0.3868,0.552235294117647,0.592509803921569",116,83,53,#745335,"0.454901960784314,0.325490196078431,0.207843137254902","0.419607843137255,0.329411764705882,0.227450980392157",Color/Palettes/Process/PANTONE/PANTONE+/PantonePlusColorBridgeCoated.xml,2026-02-11 17:29:00
PANTONE 2322 CP,3621,2000,true,27.0,63.0,84.0,72.0,"0.27,0.63,0.84,0.72","0.2671,0.552117647058823,0.577333333333333",85,56,34,#553822,"0.333333333333333,0.219607843137255,0.133333333333333","0.309803921568627,0.231372549019608,0.156862745098039",Color/Palettes/Process/PANTONE/PANTONE+/PantonePlusColorBridgeCoated.xml,2026-02-11 17:29:00
PANTONE 2309 CP,3622,2000,true,3.0,15.0,22.0,0.0,"0.03,0.15,0.22,0.0","0.8428,0.529921568627451,0.576",231,205,175,#E7CDAF,"0.905882352941176,0.803921568627451,0.686274509803922","0.87843137254902,0.8,0.682352941176471",Color/Palettes/Process/PANTONE/PANTONE+/PantonePlusColorBridgeCoated.xml,2026-02-11 17:29:00
PANTONE 2310 CP,3623,2000,true,10.0,20.0,26.0,0.0,"0.1,0.2,0.26,0.0","0.788,0.532,0.565764705882353",215,190,165,#D7BEA5,"0.843137254901961,0.745098039215686,0.647058823529412","0.811764705882353,0.741176470588235,0.643137254901961",Color/Palettes/Process/PANTONE/PANTONE+/PantonePlusColorBridgeCoated.xml,2026-02-11 17:29:00
PANTONE 2311 CP,3624,2000,true,12.0,30.0,42.0,4.0,"0.12,0.3,0.42,0.04","0.7115,0.550823529411765,0.588705882352941",203,166,134,#CBA686,"0.796078431372549,0.650980392156863,0.525490196078431","0.752941176470588,0.643137254901961,0.525490196078431",Color/Palettes/Process/PANTONE/PANTONE+/PantonePlusColorBridgeCoated.xml,2026-02-11 17:29:00
PANTONE 2312 CP,3625,2000,true,20.0,32.0,41.0,7.0,"0.2,0.32,0.41,0.07","0.6518,0.537607843137255,0.566078431372549",179,153,129,#B39981,"0.701960784313725,0.6,0.505882352941176","0.670588235294118,0.592156862745098,0.505882352941176",Color/Palettes/Process/PANTONE/PANTONE+/PantonePlusColorBridgeCoated.xml,2026-02-11 17:29:00
PANTONE 2313 CP,3626,2000,true,11.0,37.0,56.0,10.0,"0.11,0.37,0.56,0.1","0.6445,0.562156862745098,0.617019607843137",191,146,104,#BF9268,"0.749019607843137,0.572549019607843,0.407843137254902","0.698039215686274,0.568627450980392,0.415686274509804",Color/Palettes/Process/PANTONE/PANTONE+/PantonePlusColorBridgeCoated.xml,2026-02-11 17:29:00
PANTONE 2314 CP,3627,2000,true,10.0,46.0,73.0,24.0,"0.1,0.46,0.73,0.24","0.5538,0.575725490196078,0.634745098039216",171,120,74,#AB784A,"0.670588235294118,0.470588235294118,0.290196078431373","0.615686274509804,0.466666666666667,0.301960784313725",Color/Palettes/Process/PANTONE/PANTONE+/PantonePlusColorBridgeCoated.xml,2026-02-11 17:29:00
PANTONE 2315 CP,3628,2000,true,0.0,67.0,100.0,41.0,"0.0,0.67,1.0,0.41","0.4405,0.624117647058824,0.682470588235294",157,82,23,#9D5217,"0.615686274509804,0.32156862745098,0.0901960784313725","0.545098039215686,0.325490196078431,0.133333333333333",Color/Palettes/Process/PANTONE/PANTONE+/PantonePlusColorBridgeCoated.xml,2026-02-11 17:29:00
PANTONE 2330 CP,3629,2000,true,14.0,12.0,11.0,0.0,"0.14,0.12,0.11,0.0","0.8167,0.502627450980392,0.515529411764706",204,203,196,#CCCBC4,"0.8,0.796078431372549,0.768627450980392","0.796078431372549,0.792156862745098,0.764705882352941",Color/Palettes/Process/PANTONE/PANTONE+/PantonePlusColorBridgeCoated.xml,2026-02-11 17:29:00
PANTONE 2331 CP,3630,2000,true,29.0,26.0,23.0,2.0,"0.29,0.26,0.23,0.02","0.6849,0.509843137254902,0.510941176470588",170,166,162,#AAA6A2,"0.666666666666667,0.650980392156863,0.635294117647059","0.658823529411765,0.647058823529412,0.631372549019608",Color/Palettes/Process/PANTONE/PANTONE+/PantonePlusColorBridgeCoated.xml,2026-02-11 17:29:00
PANTONE 2332 CP,3631,2000,true,41.0,34.0,34.0,11.0,"0.41,0.34,0.34,0.11","0.5761,0.506392156862745,0.508980392156863",139,138,135,#8B8A87,"0.545098039215686,0.541176470588235,0.529411764705882","0.541176470588235,0.537254901960784,0.525490196078431",Color/Palettes/Process/PANTONE/PANTONE+/PantonePlusColorBridgeCoated.xml,2026-02-11 17:29:00
PANTONE 2333 CP,3632,2000,true,49.0,43.0,44.0,23.0,"0.49,0.43,0.44,0.23","0.4832,0.508588235294118,0.50843137254902",117,114,111,#75726F,"0.458823529411765,0.447058823529412,0.435294117647059","0.450980392156863,0.447058823529412,0.435294117647059",Color/Palettes/Process/PANTONE/PANTONE+/PantonePlusColorBridgeCoated.xml,2026-02-11 17:29:00
PANTONE 2334 CP,3633,2000,true,50.0,48.0,45.0,27.0,"0.5,0.48,0.45,0.27","0.4552,0.516039215686275,0.50356862745098",112,106,107,#706A6B,"0.43921568627451,0.415686274509804,0.419607843137255","0.431372549019608,0.415686274509804,0.415686274509804",Color/Palettes/Process/PANTONE/PANTONE+/PantonePlusColorBridgeCoated.xml,2026-02-11 17:29:00
PANTONE 2335 CP,3634,2000,true,49.0,55.0,58.0,45.0,"0.49,0.55,0.58,0.45","0.3876,0.521490196078431,0.520078431372549",100,89,83,#645953,"0.392156862745098,0.349019607843137,0.325490196078431","0.380392156862745,0.349019607843137,0.329411764705882",Color/Palettes/Process/PANTONE/PANTONE+/PantonePlusColorBridgeCoated.xml,2026-02-11 17:29:00
PANTONE 2336 CP,3635,2000,true,61.0,55.0,56.0,46.0,"0.61,0.55,0.56,0.46","0.3622,0.504156862745098,0.500666666666667",84,86,85,#545655,"0.329411764705882,0.337254901960784,0.333333333333333","0.333333333333333,0.337254901960784,0.337254901960784",Color/Palettes/Process/PANTONE/PANTONE+/PantonePlusColorBridgeCoated.xml,2026-02-11 17:29:00
PANTONE 2337 CP,3200,2000,true,0.0,26.0,16.0,0.0,"0.0,0.26,0.16,0.0","0.8055,0.566352941176471,0.567647058823529",235,189,169,#EBBDA9,"0.92156862745098,0.741176470588235,0.662745098039216","0.870588235294118,0.733333333333333,0.658823529411765",Color/Palettes/Process/PANTONE/PANTONE+/PantonePlusColorBridgeCoated.xml,2026-02-11 17:29:00
PANTONE 2338 CP,3201,2000,true,4.0,39.0,23.0,1.0,"0.04,0.39,0.23,0.01","0.7181,0.593882352941176,0.566980392156863",220,160,147,#DCA093,"0.862745098039216,0.627450980392157,0.576470588235294","0.8,0.623529411764706,0.572549019607843",Color/Palettes/Process/PANTONE/PANTONE+/PantonePlusColorBridgeCoated.xml,2026-02-11 17:29:00
PANTONE 2339 CP,3202,2000,true,0.0,49.0,28.0,0.0,"0.0,0.49,0.28,0.0","0.6977,0.632823529411765,0.578",229,147,137,#E59389,"0.898039215686275,0.576470588235294,0.537254901960784","0.819607843137255,0.568627450980392,0.533333333333333",Color/Palettes/Process/PANTONE/PANTONE+/PantonePlusColorBridgeCoated.xml,2026-02-11 17:29:00
PANTONE 2340 CP,3203,2000,true,4.0,63.0,32.0,5.0,"0.04,0.63,0.32,0.05","0.5941,0.661019607843137,0.561686274509804",207,113,119,#CF7177,"0.811764705882353,0.443137254901961,0.466666666666667","0.725490196078431,0.43921568627451,0.462745098039216",Color/Palettes/Process/PANTONE/PANTONE+/PantonePlusColorBridgeCoated.xml,2026-02-11 17:29:00
PANTONE 2341 CP,3204,2000,true,12.0,59.0,37.0,12.0,"0.12,0.59,0.37,0.12","0.541,0.62678431372549,0.558627450980392",180,107,106,#B46B6A,"0.705882352941177,0.419607843137255,0.415686274509804","0.635294117647059,0.419607843137255,0.415686274509804",Color/Palettes/Process/PANTONE/PANTONE+/PantonePlusColorBridgeCoated.xml,2026-02-11 17:29:00
PANTONE 2342 CP,3205,2000,true,9.0,71.0,36.0,14.0,"0.09,0.71,0.36,0.14","0.5038,0.660196078431373,0.555019607843137",180,90,99,#B45A63,"0.705882352941177,0.352941176470588,0.388235294117647","0.627450980392157,0.352941176470588,0.388235294117647",Color/Palettes/Process/PANTONE/PANTONE+/PantonePlusColorBridgeCoated.xml,2026-02-11 17:29:00
PANTONE 2343 CP,3206,2000,true,14.0,71.0,31.0,17.0,"0.14,0.71,0.31,0.17","0.481,0.647529411764706,0.536980392156863",169,87,101,#A95765,"0.662745098039216,0.341176470588235,0.396078431372549","0.588235294117647,0.345098039215686,0.392156862745098",Color/Palettes/Process/PANTONE/PANTONE+/PantonePlusColorBridgeCoated.xml,2026-02-11 17:29:00
PANTONE 2344 CP,3207,2000,true,0.0,59.0,49.0,0.0,"0.0,0.59,0.49,0.0","0.6638,0.650941176470588,0.626666666666667",228,133,106,#E4856A,"0.894117647058824,0.52156862745098,0.415686274509804","0.807843137254902,0.517647058823529,0.419607843137255",Color/Palettes/Process/PANTONE/PANTONE+/PantonePlusColorBridgeCoated.xml,2026-02-11 17:29:00
PANTONE 2345 CP,3208,2000,true,0.0,67.0,52.0,0.0,"0.0,0.67,0.52,0.0","0.6224,0.679960784313725,0.629725490196078",226,115,95,#E2735F,"0.886274509803922,0.450980392156863,0.372549019607843","0.788235294117647,0.447058823529412,0.376470588235294",Color/Palettes/Process/PANTONE/PANTONE+/PantonePlusColorBridgeCoated.xml,2026-02-11 17:29:00
PANTONE 2346 CP,3209,2000,true,0.0,75.0,48.0,0.0,"0.0,0.75,0.48,0.0","0.5858,0.709921568627451,0.606745098039216",223,97,98,#DF6162,"0.874509803921569,0.380392156862745,0.384313725490196","0.768627450980392,0.380392156862745,0.384313725490196",Color/Palettes/Process/PANTONE/PANTONE+/PantonePlusColorBridgeCoated.xml,2026-02-11 17:29:00
PANTONE 2347 CP,3210,2000,true,0.0,94.0,100.0,0.0,"0.0,0.94,1.0,0.0","0.5,0.77156862745098,0.713921568627451",218,43,29,#DA2B1D,"0.854901960784314,0.168627450980392,0.113725490196078","0.737254901960784,0.184313725490196,0.137254901960784",Color/Palettes/Process/PANTONE/PANTONE+/PantonePlusColorBridgeCoated.xml,2026-02-11 17:29:00
PANTONE 2348 CP,3211,2000,true,0.0,79.0,64.0,0.0,"0.0,0.79,0.64,0.0","0.5712,0.716862745098039,0.645411764705882",222,90,77,#DE5A4D,"0.870588235294118,0.352941176470588,0.301960784313725","0.764705882352941,0.356862745098039,0.309803921568627",Color/Palettes/Process/PANTONE/PANTONE+/PantonePlusColorBridgeCoated.xml,2026-02-11 17:29:00
PANTONE 2349 CP,3212,2000,true,0.0,87.0,100.0,2.0,"0.0,0.87,1.0,0.02","0.5159,0.730901960784314,0.72121568627451",212,69,25,#D44519,"0.831372549019608,0.270588235294118,0.0980392156862745","0.72156862745098,0.27843137254902,0.133333333333333",Color/Palettes/Process/PANTONE/PANTONE+/PantonePlusColorBridgeCoated.xml,2026-02-11 17:29:00
PANTONE 2350 CP,3213,2000,true,0.0,99.0,100.0,19.0,"0.0,0.99,1.0,0.19","0.424,0.72521568627451,0.671803921568627",181,44,31,#B52C1F,"0.709803921568627,0.172549019607843,0.12156862745098","0.607843137254902,0.188235294117647,0.145098039215686",Color/Palettes/Process/PANTONE/PANTONE+/PantonePlusColorBridgeCoated.xml,2026-02-11 17:29:00
PANTONE 2351 CP,3214,2000,true,22.0,59.0,0.0,0.0,"0.22,0.59,0.0,0.0","0.6073,0.631372549019608,0.438627450980392",189,125,176,#BD7DB0,"0.741176470588235,0.490196078431373,0.690196078431373","0.674509803921569,0.486274509803922,0.67843137254902",Color/Palettes/Process/PANTONE/PANTONE+/PantonePlusColorBridgeCoated.xml,2026-02-11 17:29:00
PANTONE 2352 CP,3215,2000,true,27.0,69.0,0.0,0.0,"0.27,0.69,0.0,0.0","0.565,0.652705882352941,0.433725490196078",184,109,167,#B86DA7,"0.72156862745098,0.427450980392157,0.654901960784314","0.650980392156863,0.423529411764706,0.643137254901961",Color/Palettes/Process/PANTONE/PANTONE+/PantonePlusColorBridgeCoated.xml,2026-02-11 17:29:00
PANTONE 2353 CP,3216,2000,true,23.0,80.0,0.0,0.0,"0.23,0.8,0.0,0.0","0.5309,0.692823529411765,0.440862745098039",189,89,155,#BD599B,"0.741176470588235,0.349019607843137,0.607843137254902","0.654901960784314,0.349019607843137,0.596078431372549",Color/Palettes/Process/PANTONE/PANTONE+/PantonePlusColorBridgeCoated.xml,2026-02-11 17:29:00
PANTONE 2354 CP,3217,2000,true,44.0,78.0,0.0,2.0,"0.44,0.78,0.0,0.02","0.4671,0.640980392156863,0.429843137254902",153,87,143,#99578F,"0.6,0.341176470588235,0.56078431372549","0.537254901960784,0.341176470588235,0.549019607843137",Color/Palettes/Process/PANTONE/PANTONE+/PantonePlusColorBridgeCoated.xml,2026-02-11 17:29:00
PANTONE 2355 CP,3218,2000,true,48.0,100.0,0.0,9.0,"0.48,1.0,0.0,0.09","0.3721,0.714117647058824,0.402117647058824",148,36,131,#942483,"0.580392156862745,0.141176470588235,0.513725490196078","0.498039215686275,0.16078431372549,0.498039215686275",Color/Palettes/Process/PANTONE/PANTONE+/PantonePlusColorBridgeCoated.xml,2026-02-11 17:29:00
PANTONE 2356 CP,3219,2000,true,47.0,100.0,0.0,29.0,"0.47,1.0,0.0,0.29","0.3137,0.684901960784314,0.413294117647059",124,33,111,#7C216F,"0.486274509803922,0.129411764705882,0.435294117647059","0.419607843137255,0.149019607843137,0.423529411764706",Color/Palettes/Process/PANTONE/PANTONE+/PantonePlusColorBridgeCoated.xml,2026-02-11 17:29:00
PANTONE 2357 CP,3220,2000,true,26.0,100.0,0.0,57.0,"0.26,1.0,0.0,0.57","0.2574,0.656117647058824,0.473333333333333",106,28,74,#6A1C4A,"0.415686274509804,0.109803921568627,0.290196078431373","0.36078431372549,0.133333333333333,0.290196078431373",Color/Palettes/Process/PANTONE/PANTONE+/PantonePlusColorBridgeCoated.xml,2026-02-11 17:29:00
PANTONE 2358 CP,3221,2000,true,29.0,30.0,15.0,2.0,"0.29,0.3,0.15,0.02","0.6726,0.525490196078431,0.492901960784314",171,161,168,#ABA1A8,"0.670588235294118,0.631372549019608,0.658823529411765","0.654901960784314,0.623529411764706,0.650980392156863",Color/Palettes/Process/PANTONE/PANTONE+/PantonePlusColorBridgeCoated.xml,2026-02-11 17:29:00
PANTONE 2359 CP,3222,2000,true,47.0,48.0,24.0,14.0,"0.47,0.48,0.24,0.14","0.5062,0.536196078431373,0.478078431372549",130,116,131,#827483,"0.509803921568627,0.454901960784314,0.513725490196078","0.490196078431373,0.454901960784314,0.505882352941176",Color/Palettes/Process/PANTONE/PANTONE+/PantonePlusColorBridgeCoated.xml,2026-02-11 17:29:00
PANTONE 2360 CP,3223,2000,true,50.0,44.0,19.0,11.0,"0.5,0.44,0.19,0.11","0.5372,0.523098039215686,0.468588235294118",131,126,143,#837E8F,"0.513725490196078,0.494117647058824,0.56078431372549","0.501960784313725,0.490196078431373,0.552941176470588",Color/Palettes/Process/PANTONE/PANTONE+/PantonePlusColorBridgeCoated.xml,2026-02-11 17:29:00
PANTONE 2361 CP,3224,2000,true,57.0,49.0,16.0,12.0,"0.57,0.49,0.16,0.12","0.4994,0.523137254901961,0.45243137254902",118,117,140,#76758C,"0.462745098039216,0.458823529411765,0.549019607843137","0.458823529411765,0.454901960784314,0.541176470588235",Color/Palettes/Process/PANTONE/PANTONE+/PantonePlusColorBridgeCoated.xml,2026-02-11 17:29:00
PANTONE 2362 CP,3225,2000,true,56.0,50.0,22.0,16.0,"0.56,0.5,0.22,0.16","0.4785,0.523411764705882,0.464862745098039",115,112,129,#737081,"0.450980392156863,0.43921568627451,0.505882352941176","0.447058823529412,0.435294117647059,0.498039215686275",Color/Palettes/Process/PANTONE/PANTONE+/PantonePlusColorBridgeCoated.xml,2026-02-11 17:29:00
PANTONE 2363 CP,3226,2000,true,61.0,56.0,24.0,22.0,"0.61,0.56,0.24,0.22","0.4338,0.526196078431373,0.461607843137255",105,100,119,#696477,"0.411764705882353,0.392156862745098,0.466666666666667","0.403921568627451,0.392156862745098,0.462745098039216",Color/Palettes/Process/PANTONE/PANTONE+/PantonePlusColorBridgeCoated.xml,2026-02-11 17:29:00
PANTONE 2364 CP,3227,2000,true,56.0,59.0,28.0,25.0,"0.56,0.59,0.28,0.25","0.4209,0.541607843137255,0.475137254901961",110,94,110,#6E5E6E,"0.431372549019608,0.368627450980392,0.431372549019608","0.411764705882353,0.372549019607843,0.427450980392157",Color/Palettes/Process/PANTONE/PANTONE+/PantonePlusColorBridgeCoated.xml,2026-02-11 17:29:00
PANTONE 2366 CP,3228,2000,true,67.0,58.0,0.0,0.0,"0.67,0.58,0.0,0.0","0.5024,0.546078431372549,0.369176470588235",112,115,177,#7073B1,"0.43921568627451,0.450980392156863,0.694117647058824","0.443137254901961,0.450980392156863,0.682352941176471",Color/Palettes/Process/PANTONE/PANTONE+/PantonePlusColorBridgeCoated.xml,2026-02-11 17:29:00
PANTONE 2367 CP,3229,2000,true,84.0,77.0,0.0,0.0,"0.84,0.77,0.0,0.0","0.4005,0.560745098039216,0.345843137254902",87,88,160,#5758A0,"0.341176470588235,0.345098039215686,0.627450980392157","0.345098039215686,0.349019607843137,0.611764705882353",Color/Palettes/Process/PANTONE/PANTONE+/PantonePlusColorBridgeCoated.xml,2026-02-11 17:29:00
PANTONE 2368 CP,3230,2000,true,88.0,79.0,0.0,0.0,"0.88,0.79,0.0,0.0","0.3885,0.556117647058823,0.340117647058823",80,86,159,#50569F,"0.313725490196078,0.337254901960784,0.623529411764706","0.325490196078431,0.341176470588235,0.607843137254902",Color/Palettes/Process/PANTONE/PANTONE+/PantonePlusColorBridgeCoated.xml,2026-02-11 17:29:00
PANTONE 2369 CP,3231,2000,true,94.0,83.0,0.0,0.0,"0.94,0.83,0.0,0.0","0.3578,0.555450980392157,0.330705882352941",68,79,155,#444F9B,"0.266666666666667,0.309803921568627,0.607843137254902","0.286274509803922,0.313725490196078,0.592156862745098",Color/Palettes/Process/PANTONE/PANTONE+/PantonePlusColorBridgeCoated.xml,2026-02-11 17:29:00
PANTONE 2370 CP,3232,2000,true,99.0,94.0,0.0,2.0,"0.99,0.94,0.0,0.02","0.2827,0.569921568627451,0.312392156862745",50,60,143,#323C8F,"0.196078431372549,0.235294117647059,0.56078431372549","0.219607843137255,0.243137254901961,0.545098039215686",Color/Palettes/Process/PANTONE/PANTONE+/PantonePlusColorBridgeCoated.xml,2026-02-11 17:29:00
PANTONE 2371 CP,3233,2000,true,98.0,99.0,0.0,5.0,"0.98,0.99,0.0,0.05","0.2565,0.603960784313725,0.324156862745098",65,47,131,#412F83,"0.254901960784314,0.184313725490196,0.513725490196078","0.247058823529412,0.196078431372549,0.501960784313725",Color/Palettes/Process/PANTONE/PANTONE+/PantonePlusColorBridgeCoated.xml,2026-02-11 17:29:00
PANTONE 2372 CP,3234,2000,true,99.0,97.0,0.0,15.0,"0.99,0.97,0.0,0.15","0.2298,0.591254901960784,0.327803921568627",54,43,123,#362B7B,"0.211764705882353,0.168627450980392,0.482352941176471","0.211764705882353,0.184313725490196,0.470588235294118",Color/Palettes/Process/PANTONE/PANTONE+/PantonePlusColorBridgeCoated.xml,2026-02-11 17:29:00
PANTONE 2373 CP,3235,2000,true,56.0,38.0,13.0,7.0,"0.56,0.38,0.13,0.07","0.579,0.501254901960784,0.454196078431372",129,141,160,#818DA0,"0.505882352941176,0.552941176470588,0.627450980392157","0.513725490196078,0.545098039215686,0.619607843137255",Color/Palettes/Process/PANTONE/PANTONE+/PantonePlusColorBridgeCoated.xml,2026-02-11 17:29:00
PANTONE 2374 CP,3236,2000,true,73.0,53.0,16.0,20.0,"0.73,0.53,0.16,0.2","0.4596,0.497490196078431,0.45",96,111,130,#606F82,"0.376470588235294,0.435294117647059,0.509803921568627","0.396078431372549,0.431372549019608,0.505882352941176",Color/Palettes/Process/PANTONE/PANTONE+/PantonePlusColorBridgeCoated.xml,2026-02-11 17:29:00
PANTONE 2376 CP,3237,2000,true,70.0,53.0,23.0,26.0,"0.7,0.53,0.23,0.26","0.4494,0.500392156862745,0.470117647058824",99,108,119,#636C77,"0.388235294117647,0.423529411764706,0.466666666666667","0.396078431372549,0.419607843137255,0.462745098039216",Color/Palettes/Process/PANTONE/PANTONE+/PantonePlusColorBridgeCoated.xml,2026-02-11 17:29:00
PANTONE 2377 CP,3238,2000,true,82.0,49.0,18.0,35.0,"0.82,0.49,0.18,0.35","0.41,0.477019607843137,0.452627450980392",75,101,116,#4B6574,"0.294117647058824,0.396078431372549,0.454901960784314","0.329411764705882,0.396078431372549,0.450980392156863",Color/Palettes/Process/PANTONE/PANTONE+/PantonePlusColorBridgeCoated.xml,2026-02-11 17:29:00
PANTONE 2378 CP,3239,2000,true,81.0,60.0,18.0,37.0,"0.81,0.6,0.18,0.37","0.3673,0.505843137254902,0.453137254901961",79,87,106,#4F576A,"0.309803921568627,0.341176470588235,0.415686274509804","0.32156862745098,0.345098039215686,0.411764705882353",Color/Palettes/Process/PANTONE/PANTONE+/PantonePlusColorBridgeCoated.xml,2026-02-11 17:29:00
PANTONE 2379 CP,3240,2000,true,78.0,60.0,29.0,45.0,"0.78,0.6,0.29,0.45","0.3407,0.50556862745098,0.475882352941176",76,81,90,#4C515A,"0.298039215686275,0.317647058823529,0.352941176470588","0.309803921568627,0.317647058823529,0.352941176470588",Color/Palettes/Process/PANTONE/PANTONE+/PantonePlusColorBridgeCoated.xml,2026-02-11 17:29:00
PANTONE 2380 CP,3241,2000,true,90.0,67.0,17.0,62.0,"0.9,0.67,0.17,0.62","0.2429,0.507058823529412,0.458745098039216",52,58,74,#343A4A,"0.203921568627451,0.227450980392157,0.290196078431373","0.223529411764706,0.23921568627451,0.294117647058824",Color/Palettes/Process/PANTONE/PANTONE+/PantonePlusColorBridgeCoated.xml,2026-02-11 17:29:00
PANTONE 2381 CP,3242,2000,true,63.0,34.0,0.0,0.0,"0.63,0.34,0.0,0.0","0.6,0.495529411764706,0.378666666666667",113,148,199,#7194C7,"0.443137254901961,0.580392156862745,0.780392156862745","0.482352941176471,0.572549019607843,0.768627450980392",Color/Palettes/Process/PANTONE/PANTONE+/PantonePlusColorBridgeCoated.xml,2026-02-11 17:29:00
PANTONE 2382 CP,3243,2000,true,78.0,33.0,0.0,0.0,"0.78,0.33,0.0,0.0","0.5529,0.45956862745098,0.349882352941176",60,141,199,#3C8DC7,"0.235294117647059,0.552941176470588,0.780392156862745","0.364705882352941,0.549019607843137,0.764705882352941",Color/Palettes/Process/PANTONE/PANTONE+/PantonePlusColorBridgeCoated.xml,2026-02-11 17:29:00
PANTONE 2383 CP,3244,2000,true,83.0,43.0,0.0,2.0,"0.83,0.43,0.0,0.02","0.496,0.46678431372549,0.365411764705882",58,125,176,#3A7DB0,"0.227450980392157,0.490196078431373,0.690196078431373","0.333333333333333,0.486274509803922,0.67843137254902",Color/Palettes/Process/PANTONE/PANTONE+/PantonePlusColorBridgeCoated.xml,2026-02-11 17:29:00
PANTONE 2384 CP,3245,2000,true,100.0,52.0,0.0,5.0,"1.0,0.52,0.0,0.05","0.4052,0.451333333333333,0.337294117647059",0,105,164,#0069A4,"0.0,0.411764705882353,0.643137254901961","0.184313725490196,0.411764705882353,0.627450980392157",Color/Palettes/Process/PANTONE/PANTONE+/PantonePlusColorBridgeCoated.xml,2026-02-11 17:29:00
PANTONE 2386 CP,3246,2000,true,84.0,57.0,0.0,0.0,"0.84,0.57,0.0,0.0","0.4383,0.509921568627451,0.337019607843137",63,105,173,#3F69AD,"0.247058823529412,0.411764705882353,0.67843137254902","0.309803921568627,0.411764705882353,0.666666666666667",Color/Palettes/Process/PANTONE/PANTONE+/PantonePlusColorBridgeCoated.xml,2026-02-11 17:29:00
PANTONE 2387 CP,3247,2000,true,91.0,60.0,0.0,0.0,"0.91,0.6,0.0,0.0","0.4181,0.502588235294118,0.328196078431373",45,102,172,#2D66AC,"0.176470588235294,0.4,0.674509803921569","0.270588235294118,0.4,0.658823529411765",Color/Palettes/Process/PANTONE/PANTONE+/PantonePlusColorBridgeCoated.xml,2026-02-11 17:29:00
PANTONE 2388 CP,3248,2000,true,100.0,69.0,0.0,0.0,"1.0,0.69,0.0,0.0","0.3573,0.49643137254902,0.310470588235294",0,88,163,#0058A3,"0.0,0.345098039215686,0.63921568627451","0.172549019607843,0.349019607843137,0.623529411764706",Color/Palettes/Process/PANTONE/PANTONE+/PantonePlusColorBridgeCoated.xml,2026-02-11 17:29:00
PANTONE 2389 CP,3249,2000,true,67.0,16.0,2.0,1.0,"0.67,0.16,0.02,0.01","0.6273,0.443647058823529,0.400588235294118",94,162,196,#5EA2C4,"0.368627450980392,0.635294117647059,0.768627450980392","0.462745098039216,0.627450980392157,0.76078431372549",Color/Palettes/Process/PANTONE/PANTONE+/PantonePlusColorBridgeCoated.xml,2026-02-11 17:29:00
PANTONE 2390 CP,3250,2000,true,84.0,31.0,4.0,8.0,"0.84,0.31,0.04,0.08","0.4928,0.441372549019608,0.386",43,127,166,#2B7FA6,"0.168627450980392,0.498039215686275,0.650980392156863","0.313725490196078,0.494117647058824,0.63921568627451",Color/Palettes/Process/PANTONE/PANTONE+/PantonePlusColorBridgeCoated.xml,2026-02-11 17:29:00
PANTONE 2391 CP,3251,2000,true,85.0,21.0,11.0,13.0,"0.85,0.21,0.11,0.13","0.4961,0.414235294117647,0.404470588235294",16,131,159,#10839F,"0.0627450980392157,0.513725490196078,0.623529411764706","0.294117647058824,0.509803921568627,0.611764705882353",Color/Palettes/Process/PANTONE/PANTONE+/PantonePlusColorBridgeCoated.xml,2026-02-11 17:29:00
PANTONE 2392 CP,3252,2000,true,85.0,33.0,15.0,26.0,"0.85,0.33,0.15,0.26","0.4192,0.440823529411765,0.424156862745098",42,108,130,#2A6C82,"0.164705882352941,0.423529411764706,0.509803921568627","0.27843137254902,0.423529411764706,0.505882352941176",Color/Palettes/Process/PANTONE/PANTONE+/PantonePlusColorBridgeCoated.xml,2026-02-11 17:29:00
PANTONE 2393 CP,3253,2000,true,93.0,11.0,0.0,1.0,"0.93,0.11,0.0,0.01","0.549,0.378549019607843,0.343490196078431",0,150,200,#0096C8,"0.0,0.588235294117647,0.784313725490196","0.2,0.580392156862745,0.772549019607843",Color/Palettes/Process/PANTONE/PANTONE+/PantonePlusColorBridgeCoated.xml,2026-02-11 17:29:00
PANTONE 2394 CP,3254,2000,true,100.0,14.0,0.0,1.0,"1.0,0.14,0.0,0.01","0.5171,0.378862745098039,0.314549019607843",0,142,204,#008ECC,"0.0,0.556862745098039,0.8","0.0,0.552941176470588,0.784313725490196",Color/Palettes/Process/PANTONE/PANTONE+/PantonePlusColorBridgeCoated.xml,2026-02-11 17:29:00
PANTONE 2396 CP,3255,2000,true,90.0,3.0,20.0,4.0,"0.9,0.03,0.2,0.04","0.5653,0.340274509803922,0.415960784313725",0,157,171,#009DAB,"0.0,0.615686274509804,0.670588235294118","0.254901960784314,0.607843137254902,0.662745098039216",Color/Palettes/Process/PANTONE/PANTONE+/PantonePlusColorBridgeCoated.xml,2026-02-11 17:29:00
PANTONE 2397 CP,3256,2000,true,78.0,0.0,27.0,0.0,"0.78,0.0,0.27,0.0","0.6401,0.352196078431373,0.462078431372549",24,175,171,#18AFAB,"0.0941176470588235,0.686274509803922,0.670588235294118","0.396078431372549,0.682352941176471,0.662745098039216",Color/Palettes/Process/PANTONE/PANTONE+/PantonePlusColorBridgeCoated.xml,2026-02-11 17:29:00
PANTONE 2398 CP,3257,2000,true,75.0,0.0,34.0,0.0,"0.75,0.0,0.34,0.0","0.6493,0.356666666666667,0.488470588235294",57,177,161,#39B1A1,"0.223529411764706,0.694117647058824,0.631372549019608","0.427450980392157,0.690196078431373,0.627450980392157",Color/Palettes/Process/PANTONE/PANTONE+/PantonePlusColorBridgeCoated.xml,2026-02-11 17:29:00
PANTONE 2399 CP,3258,2000,true,97.0,0.0,49.0,0.0,"0.97,0.0,0.49,0.0","0.5554,0.283137254901961,0.477137254901961",0,159,141,#009F8D,"0.0,0.623529411764706,0.552941176470588","0.203921568627451,0.615686274509804,0.549019607843137",Color/Palettes/Process/PANTONE/PANTONE+/PantonePlusColorBridgeCoated.xml,2026-02-11 17:29:00
PANTONE 2400 CP,3259,2000,true,85.0,0.0,52.0,0.0,"0.85,0.0,0.52,0.0","0.6021,0.31756862745098,0.510352941176471",0,168,138,#00A88A,"0.0,0.658823529411765,0.541176470588235","0.341176470588235,0.650980392156863,0.541176470588235",Color/Palettes/Process/PANTONE/PANTONE+/PantonePlusColorBridgeCoated.xml,2026-02-11 17:29:00
PANTONE 2401 CP,3260,2000,true,72.0,3.0,41.0,3.0,"0.72,0.03,0.41,0.03","0.6265,0.365882352941176,0.507254901960784",69,170,146,#45AA92,"0.270588235294118,0.666666666666667,0.572549019607843","0.431372549019608,0.658823529411765,0.572549019607843",Color/Palettes/Process/PANTONE/PANTONE+/PantonePlusColorBridgeCoated.xml,2026-02-11 17:29:00
PANTONE 2402 CP,3261,2000,true,100.0,0.0,58.0,0.0,"1.0,0.0,0.58,0.0","0.5421,0.261490196078431,0.505921568627451",0,156,124,#009C7C,"0.0,0.611764705882353,0.486274509803922","0.180392156862745,0.607843137254902,0.490196078431373",Color/Palettes/Process/PANTONE/PANTONE+/PantonePlusColorBridgeCoated.xml,2026-02-11 17:29:00
PANTONE 2403 CP,3262,2000,true,100.0,0.0,58.0,10.0,"1.0,0.0,0.58,0.1","0.4897,0.266,0.503019607843137",0,142,112,#008E70,"0.0,0.556862745098039,0.43921568627451","0.12156862745098,0.549019607843137,0.443137254901961",Color/Palettes/Process/PANTONE/PANTONE+/PantonePlusColorBridgeCoated.xml,2026-02-11 17:29:00
PANTONE 2404 CP,3263,2000,true,34.0,11.0,37.0,2.0,"0.34,0.11,0.37,0.02","0.7231,0.460117647058824,0.555960784313726",164,184,151,#A4B897,"0.643137254901961,0.72156862745098,0.592156862745098","0.658823529411765,0.713725490196078,0.592156862745098",Color/Palettes/Process/PANTONE/PANTONE+/PantonePlusColorBridgeCoated.xml,2026-02-11 17:29:00
PANTONE 2406 CP,3264,2000,true,48.0,18.0,43.0,8.0,"0.48,0.18,0.43,0.08","0.632,0.448823529411765,0.545176470588235",133,161,132,#85A184,"0.52156862745098,0.631372549019608,0.517647058823529","0.549019607843137,0.623529411764706,0.517647058823529",Color/Palettes/Process/PANTONE/PANTONE+/PantonePlusColorBridgeCoated.xml,2026-02-11 17:29:00
PANTONE 2407 CP,3265,2000,true,56.0,19.0,51.0,16.0,"0.56,0.19,0.51,0.16","0.5657,0.440980392156863,0.548823529411765",112,144,113,#709071,"0.43921568627451,0.564705882352941,0.443137254901961","0.47843137254902,0.56078431372549,0.447058823529412",Color/Palettes/Process/PANTONE/PANTONE+/PantonePlusColorBridgeCoated.xml,2026-02-11 17:29:00
PANTONE 2408 CP,3266,2000,true,66.0,16.0,66.0,30.0,"0.66,0.16,0.66,0.3","0.4791,0.413803921568627,0.559960784313725",78,125,86,#4E7D56,"0.305882352941176,0.490196078431373,0.337254901960784","0.372549019607843,0.486274509803922,0.349019607843137",Color/Palettes/Process/PANTONE/PANTONE+/PantonePlusColorBridgeCoated.xml,2026-02-11 17:29:00
PANTONE 2409 CP,3267,2000,true,62.0,26.0,69.0,43.0,"0.62,0.26,0.69,0.43","0.411,0.447254901960784,0.552235294117647",78,104,74,#4E684A,"0.305882352941176,0.407843137254902,0.290196078431373","0.341176470588235,0.407843137254902,0.301960784313725",Color/Palettes/Process/PANTONE/PANTONE+/PantonePlusColorBridgeCoated.xml,2026-02-11 17:29:00
PANTONE 2410 CP,3268,2000,true,63.0,26.0,73.0,51.0,"0.63,0.26,0.73,0.51","0.3775,0.446078431372549,0.554235294117647",70,96,65,#466041,"0.274509803921569,0.376470588235294,0.254901960784314","0.309803921568627,0.376470588235294,0.270588235294118",Color/Palettes/Process/PANTONE/PANTONE+/PantonePlusColorBridgeCoated.xml,2026-02-11 17:29:00
PANTONE 2411 CP,3269,2000,true,75.0,2.0,100.0,77.0,"0.75,0.02,1.0,0.77","0.2816,0.415372549019608,0.563137254901961",32,76,40,#204C28,"0.125490196078431,0.298039215686275,0.156862745098039","0.207843137254902,0.301960784313725,0.180392156862745",Color/Palettes/Process/PANTONE/PANTONE+/PantonePlusColorBridgeCoated.xml,2026-02-11 17:29:00
PANTONE 2412 CP,3270,2000,true,56.0,0.0,56.0,0.0,"0.56,0.0,0.56,0.0","0.7291,0.381254901960784,0.572313725490196",126,195,143,#7EC38F,"0.494117647058824,0.764705882352941,0.56078431372549","0.584313725490196,0.76078431372549,0.564705882352941",Color/Palettes/Process/PANTONE/PANTONE+/PantonePlusColorBridgeCoated.xml,2026-02-11 17:29:00
PANTONE 2413 CP,3271,2000,true,71.0,0.0,55.0,0.0,"0.71,0.0,0.55,0.0","0.6778,0.354980392156863,0.543960784313726",86,185,143,#56B98F,"0.337254901960784,0.725490196078431,0.56078431372549","0.486274509803922,0.717647058823529,0.56078431372549",Color/Palettes/Process/PANTONE/PANTONE+/PantonePlusColorBridgeCoated.xml,2026-02-11 17:29:00
PANTONE 2414 CP,3272,2000,true,74.0,0.0,68.0,0.0,"0.74,0.0,0.68,0.0","0.6598,0.341803921568627,0.571882352941176",78,181,124,#4EB57C,"0.305882352941176,0.709803921568627,0.486274509803922","0.466666666666667,0.701960784313725,0.494117647058824",Color/Palettes/Process/PANTONE/PANTONE+/PantonePlusColorBridgeCoated.xml,2026-02-11 17:29:00
PANTONE 2416 CP,3273,2000,true,82.0,0.0,71.0,0.0,"0.82,0.0,0.71,0.0","0.6134,0.313372549019608,0.559725490196078",7,171,118,#07AB76,"0.0274509803921569,0.670588235294118,0.462745098039216","0.376470588235294,0.666666666666667,0.470588235294118",Color/Palettes/Process/PANTONE/PANTONE+/PantonePlusColorBridgeCoated.xml,2026-02-11 17:29:00
PANTONE 2417 CP,3274,2000,true,76.0,2.0,68.0,6.0,"0.76,0.02,0.68,0.06","0.5959,0.34478431372549,0.559176470588235",57,163,114,#39A372,"0.223529411764706,0.63921568627451,0.447058823529412","0.4,0.635294117647059,0.454901960784314",Color/Palettes/Process/PANTONE/PANTONE+/PantonePlusColorBridgeCoated.xml,2026-02-11 17:29:00
PANTONE 2418 CP,3275,2000,true,100.0,0.0,98.0,6.0,"1.0,0.0,0.98,0.06","0.4909,0.234039215686275,0.584549019607843",0,144,75,#00904B,"0.0,0.564705882352941,0.294117647058824","0.149019607843137,0.556862745098039,0.313725490196078",Color/Palettes/Process/PANTONE/PANTONE+/PantonePlusColorBridgeCoated.xml,2026-02-11 17:29:00
PANTONE 2419 CP,3276,2000,true,93.0,2.0,71.0,25.0,"0.93,0.02,0.71,0.25","0.4613,0.324549019607843,0.531450980392157",0,129,93,#00815D,"0.0,0.505882352941176,0.364705882352941","0.235294117647059,0.501960784313725,0.372549019607843",Color/Palettes/Process/PANTONE/PANTONE+/PantonePlusColorBridgeCoated.xml,2026-02-11 17:29:00
PANTONE 2420 CP,3277,2000,true,71.0,0.0,84.0,0.0,"0.71,0.0,0.84,0.0","0.6588,0.340862745098039,0.635882352941176",91,180,93,#5BB45D,"0.356862745098039,0.705882352941177,0.364705882352941","0.486274509803922,0.701960784313725,0.384313725490196",Color/Palettes/Process/PANTONE/PANTONE+/PantonePlusColorBridgeCoated.xml,2026-02-11 17:29:00
PANTONE 2421 CP,3278,2000,true,65.0,0.0,100.0,0.0,"0.65,0.0,1.0,0.0","0.6704,0.346980392156863,0.714",109,182,50,#6DB632,"0.427450980392157,0.713725490196078,0.196078431372549","0.525490196078431,0.709803921568627,0.254901960784314",Color/Palettes/Process/PANTONE/PANTONE+/PantonePlusColorBridgeCoated.xml,2026-02-11 17:29:00
PANTONE 2422 CP,3279,2000,true,80.0,0.0,100.0,0.0,"0.8,0.0,1.0,0.0","0.6103,0.302039215686275,0.670509803921569",49,170,60,#31AA3C,"0.192156862745098,0.666666666666667,0.235294117647059","0.403921568627451,0.662745098039216,0.27843137254902",Color/Palettes/Process/PANTONE/PANTONE+/PantonePlusColorBridgeCoated.xml,2026-02-11 17:29:00
PANTONE 2423 CP,3280,2000,true,81.0,0.0,100.0,0.0,"0.81,0.0,1.0,0.0","0.5932,0.291686274509804,0.661921568627451",19,167,61,#13A73D,"0.0745098039215686,0.654901960784314,0.23921568627451","0.372549019607843,0.647058823529412,0.27843137254902",Color/Palettes/Process/PANTONE/PANTONE+/PantonePlusColorBridgeCoated.xml,2026-02-11 17:29:00
PANTONE 2424 CP,3281,2000,true,71.0,0.0,100.0,5.0,"0.71,0.0,1.0,0.05","0.6184,0.324823529411765,0.687333333333333",76,170,53,#4CAA35,"0.298039215686275,0.666666666666667,0.207843137254902","0.443137254901961,0.662745098039216,0.258823529411765",Color/Palettes/Process/PANTONE/PANTONE+/PantonePlusColorBridgeCoated.xml,2026-02-11 17:29:00
PANTONE 2426 CP,3282,2000,true,92.0,0.0,100.0,7.0,"0.92,0.0,1.0,0.07","0.5326,0.264039215686274,0.637607843137255",0,153,58,#00993A,"0.0,0.6,0.227450980392157","0.274509803921569,0.592156862745098,0.266666666666667",Color/Palettes/Process/PANTONE/PANTONE+/PantonePlusColorBridgeCoated.xml,2026-02-11 17:29:00
PANTONE 2427 CP,3283,2000,true,81.0,0.0,100.0,54.0,"0.81,0.0,1.0,0.54","0.3803,0.354705882352941,0.60843137254902",12,105,40,#0C6928,"0.0470588235294118,0.411764705882353,0.156862745098039","0.23921568627451,0.411764705882353,0.188235294117647",Color/Palettes/Process/PANTONE/PANTONE+/PantonePlusColorBridgeCoated.xml,2026-02-11 17:29:00
PANTONE 3514 CP,3000,2000,true,0.0,20.0,100.0,0.0,"0.0,0.2,1.0,0.0","0.7878,0.550039215686274,0.817529411764706",239,185,0,#EFB900,"0.937254901960784,0.725490196078431,0.0","0.87843137254902,0.72156862745098,0.16078431372549",Color/Palettes/Process/PANTONE/PANTONE+/PantonePlusColorBridgeCoated.xml,2026-02-11 17:29:00
PANTONE 3596 CP,3001,2000,true,6.0,22.0,48.0,2.0,"0.06,0.22,0.48,0.02","0.7717,0.545647058823529,0.628274509803922",222,183,131,#DEB783,"0.870588235294118,0.717647058823529,0.513725490196078","0.827450980392157,0.709803921568627,0.517647058823529",Color/Palettes/Process/PANTONE/PANTONE+/PantonePlusColorBridgeCoated.xml,2026-02-11 17:29:00
PANTONE 3547 CP,3002,2000,true,0.0,34.0,100.0,18.0,"0.0,0.34,1.0,0.18","0.6285,0.573333333333333,0.724117647058824",196,139,43,#C48B2B,"0.768627450980392,0.545098039215686,0.168627450980392","0.709803921568627,0.541176470588235,0.215686274509804",Color/Palettes/Process/PANTONE/PANTONE+/PantonePlusColorBridgeCoated.xml,2026-02-11 17:29:00
PANTONE 3588 CP,3003,2000,true,0.0,45.0,97.0,0.0,"0.0,0.45,0.97,0.0","0.6775,0.630274509803922,0.745882352941176",231,141,45,#E78D2D,"0.905882352941176,0.552941176470588,0.176470588235294","0.819607843137255,0.545098039215686,0.223529411764706",Color/Palettes/Process/PANTONE/PANTONE+/PantonePlusColorBridgeCoated.xml,2026-02-11 17:29:00
PANTONE 3564 CP,3004,2000,true,0.0,62.0,100.0,0.0,"0.0,0.62,1.0,0.0","0.6067,0.683647058823529,0.749137254901961",226,109,26,#E26D1A,"0.886274509803922,0.427450980392157,0.101960784313725","0.784313725490196,0.427450980392157,0.152941176470588",Color/Palettes/Process/PANTONE/PANTONE+/PantonePlusColorBridgeCoated.xml,2026-02-11 17:29:00
PANTONE 2428 CP,3005,2000,true,1.0,49.0,89.0,3.0,"0.01,0.49,0.89,0.03","0.6481,0.627176470588235,0.725803921568627",220,134,51,#DC8633,"0.862745098039216,0.525490196078431,0.2","0.780392156862745,0.52156862745098,0.235294117647059",Color/Palettes/Process/PANTONE/PANTONE+/PantonePlusColorBridgeCoated.xml,2026-02-11 17:29:00
PANTONE 2429 CP,3006,2000,true,0.0,67.0,100.0,15.0,"0.0,0.67,1.0,0.15","0.5276,0.662392156862745,0.711529411764706",195,94,30,#C35E1E,"0.764705882352941,0.368627450980392,0.117647058823529","0.674509803921569,0.368627450980392,0.156862745098039",Color/Palettes/Process/PANTONE/PANTONE+/PantonePlusColorBridgeCoated.xml,2026-02-11 17:29:00
PANTONE 2430 CP,3007,2000,true,6.0,35.0,48.0,4.0,"0.06,0.35,0.48,0.04","0.717,0.564862745098039,0.626862745098039",213,165,117,#D5A575,"0.835294117647059,0.647058823529412,0.458823529411765","0.784313725490196,0.63921568627451,0.466666666666667",Color/Palettes/Process/PANTONE/PANTONE+/PantonePlusColorBridgeCoated.xml,2026-02-11 17:29:00
PANTONE 2431 CP,3008,2000,true,1.0,44.0,69.0,3.0,"0.01,0.44,0.69,0.03","0.694,0.597490196078431,0.666509803921569",221,152,93,#DD985D,"0.866666666666667,0.596078431372549,0.364705882352941","0.796078431372549,0.592156862745098,0.380392156862745",Color/Palettes/Process/PANTONE/PANTONE+/PantonePlusColorBridgeCoated.xml,2026-02-11 17:29:00
PANTONE 2432 CP,3009,2000,true,1.0,48.0,64.0,3.0,"0.01,0.48,0.64,0.03","0.6885,0.606392156862745,0.650666666666667",222,149,100,#DE9564,"0.870588235294118,0.584313725490196,0.392156862745098","0.796078431372549,0.580392156862745,0.4",Color/Palettes/Process/PANTONE/PANTONE+/PantonePlusColorBridgeCoated.xml,2026-02-11 17:29:00
PANTONE 2433 CP,3010,2000,true,1.0,58.0,67.0,3.0,"0.01,0.58,0.67,0.03","0.6435,0.636039215686275,0.647529411764706",218,131,91,#DA835B,"0.854901960784314,0.513725490196078,0.356862745098039","0.772549019607843,0.509803921568627,0.364705882352941",Color/Palettes/Process/PANTONE/PANTONE+/PantonePlusColorBridgeCoated.xml,2026-02-11 17:29:00
PANTONE 2434 CP,3011,2000,true,0.0,61.0,59.0,0.0,"0.0,0.61,0.59,0.0","0.6588,0.651882352941176,0.643058823529412",228,131,97,#E48361,"0.894117647058824,0.513725490196078,0.380392156862745","0.803921568627451,0.509803921568627,0.388235294117647",Color/Palettes/Process/PANTONE/PANTONE+/PantonePlusColorBridgeCoated.xml,2026-02-11 17:29:00
PANTONE 2435 CP,3012,2000,true,6.0,58.0,57.0,13.0,"0.06,0.58,0.57,0.13","0.586,0.619686274509804,0.615764705882353",194,120,91,#C2785B,"0.76078431372549,0.470588235294118,0.356862745098039","0.690196078431373,0.466666666666667,0.364705882352941",Color/Palettes/Process/PANTONE/PANTONE+/PantonePlusColorBridgeCoated.xml,2026-02-11 17:29:00
PANTONE 2436 CP,3013,2000,true,3.0,73.0,72.0,19.0,"0.03,0.73,0.72,0.19","0.5123,0.652235294117647,0.63156862745098",184,93,67,#B85D43,"0.72156862745098,0.364705882352941,0.262745098039216","0.63921568627451,0.368627450980392,0.274509803921569",Color/Palettes/Process/PANTONE/PANTONE+/PantonePlusColorBridgeCoated.xml,2026-02-11 17:29:00
PANTONE 3544 CP,3021,2000,true,6.0,26.0,31.0,0.0,"0.06,0.26,0.31,0.0","0.7744,0.556588235294118,0.594470588235294",224,182,148,#E0B694,"0.87843137254902,0.713725490196078,0.580392156862745","0.831372549019608,0.705882352941177,0.580392156862745",Color/Palettes/Process/PANTONE/PANTONE+/PantonePlusColorBridgeCoated.xml,2026-02-11 17:29:00
PANTONE 2444 CP,3022,2000,true,5.0,36.0,26.0,1.0,"0.05,0.36,0.26,0.01","0.7291,0.582901960784314,0.578",220,165,144,#DCA590,"0.862745098039216,0.647058823529412,0.564705882352941","0.803921568627451,0.63921568627451,0.564705882352941",Color/Palettes/Process/PANTONE/PANTONE+/PantonePlusColorBridgeCoated.xml,2026-02-11 17:29:00
PANTONE 3519 CP,3023,2000,true,2.0,38.0,19.0,0.0,"0.02,0.38,0.19,0.0","0.7474,0.594666666666667,0.567490196078431",229,168,154,#E5A89A,"0.898039215686275,0.658823529411765,0.603921568627451","0.835294117647059,0.650980392156863,0.6",Color/Palettes/Process/PANTONE/PANTONE+/PantonePlusColorBridgeCoated.xml,2026-02-11 17:29:00
PANTONE 3572 CP,3024,2000,true,0.0,45.0,29.0,0.0,"0.0,0.45,0.29,0.0","0.7064,0.623882352941176,0.596039215686274",230,151,131,#E69783,"0.901960784313726,0.592156862745098,0.513725490196078","0.823529411764706,0.584313725490196,0.509803921568627",Color/Palettes/Process/PANTONE/PANTONE+/PantonePlusColorBridgeCoated.xml,2026-02-11 17:29:00
PANTONE 2445 CP,3025,2000,true,2.0,54.0,26.0,1.0,"0.02,0.54,0.26,0.01","0.6577,0.64356862745098,0.579450980392157",221,134,126,#DD867E,"0.866666666666667,0.525490196078431,0.494117647058824","0.784313725490196,0.517647058823529,0.494117647058824",Color/Palettes/Process/PANTONE/PANTONE+/PantonePlusColorBridgeCoated.xml,2026-02-11 17:29:00
PANTONE 2446 CP,3026,2000,true,6.0,52.0,26.0,3.0,"0.06,0.52,0.26,0.03","0.6356,0.628549019607843,0.566509803921569",208,131,126,#D0837E,"0.815686274509804,0.513725490196078,0.494117647058824","0.741176470588235,0.509803921568627,0.490196078431373",Color/Palettes/Process/PANTONE/PANTONE+/PantonePlusColorBridgeCoated.xml,2026-02-11 17:29:00
PANTONE 2447 CP,3027,2000,true,16.0,58.0,31.0,12.0,"0.16,0.58,0.31,0.12","0.5439,0.610862745098039,0.56",176,111,106,#B06F6A,"0.690196078431373,0.435294117647059,0.415686274509804","0.623529411764706,0.435294117647059,0.415686274509804",Color/Palettes/Process/PANTONE/PANTONE+/PantonePlusColorBridgeCoated.xml,2026-02-11 17:29:00
PANTONE 2437 CP,3014,2000,true,0.0,24.0,32.0,0.0,"0.0,0.24,0.32,0.0","0.7938,0.563843137254902,0.623764705882353",235,186,139,#EBBA8B,"0.92156862745098,0.729411764705882,0.545098039215686","0.870588235294118,0.72156862745098,0.549019607843137",Color/Palettes/Process/PANTONE/PANTONE+/PantonePlusColorBridgeCoated.xml,2026-02-11 17:29:00
PANTONE 2438 CP,3015,2000,true,1.0,39.0,40.0,1.0,"0.01,0.39,0.4,0.01","0.708,0.602823529411765,0.627529411764706",225,155,116,#E19B74,"0.882352941176471,0.607843137254902,0.454901960784314","0.811764705882353,0.603921568627451,0.458823529411765",Color/Palettes/Process/PANTONE/PANTONE+/PantonePlusColorBridgeCoated.xml,2026-02-11 17:29:00
PANTONE 2439 CP,3016,2000,true,9.0,47.0,45.0,8.0,"0.09,0.47,0.45,0.08","0.6082,0.596117647058824,0.604862745098039",192,130,101,#C08265,"0.752941176470588,0.509803921568627,0.396078431372549","0.690196078431373,0.505882352941176,0.4",Color/Palettes/Process/PANTONE/PANTONE+/PantonePlusColorBridgeCoated.xml,2026-02-11 17:29:00
PANTONE 2440 CP,3017,2000,true,20.0,39.0,34.0,7.0,"0.2,0.39,0.34,0.07","0.6143,0.556392156862745,0.561647058823529",176,140,122,#B08C7A,"0.690196078431373,0.549019607843137,0.47843137254902","0.647058823529412,0.541176470588235,0.47843137254902",Color/Palettes/Process/PANTONE/PANTONE+/PantonePlusColorBridgeCoated.xml,2026-02-11 17:29:00
PANTONE 2441 CP,3018,2000,true,15.0,53.0,51.0,19.0,"0.15,0.53,0.51,0.19","0.5125,0.594274509803921,0.594823529411765",164,107,82,#A46B52,"0.643137254901961,0.419607843137255,0.32156862745098","0.584313725490196,0.415686274509804,0.329411764705882",Color/Palettes/Process/PANTONE/PANTONE+/PantonePlusColorBridgeCoated.xml,2026-02-11 17:29:00
PANTONE 2442 CP,3019,2000,true,14.0,61.0,53.0,24.0,"0.14,0.61,0.53,0.24","0.4748,0.611137254901961,0.59521568627451",159,94,74,#9F5E4A,"0.623529411764706,0.368627450980392,0.290196078431373","0.56078431372549,0.368627450980392,0.298039215686275",Color/Palettes/Process/PANTONE/PANTONE+/PantonePlusColorBridgeCoated.xml,2026-02-11 17:29:00
PANTONE 2443 CP,3020,2000,true,1.0,82.0,92.0,42.0,"0.01,0.82,0.92,0.42","0.3854,0.650470588235294,0.645764705882353",148,62,32,#943E20,"0.580392156862745,0.243137254901961,0.125490196078431","0.505882352941176,0.250980392156863,0.152941176470588",Color/Palettes/Process/PANTONE/PANTONE+/PantonePlusColorBridgeCoated.xml,2026-02-11 17:29:00
PANTONE 2448 CP,3028,2000,true,1.0,71.0,61.0,2.0,"0.01,0.71,0.61,0.02","0.5998,0.67756862745098,0.629098039215686",218,110,90,#DA6E5A,"0.854901960784314,0.431372549019608,0.352941176470588","0.76078431372549,0.427450980392157,0.356862745098039",Color/Palettes/Process/PANTONE/PANTONE+/PantonePlusColorBridgeCoated.xml,2026-02-11 17:29:00
PANTONE 3556 CP,3029,2000,true,0.0,88.0,94.0,0.0,"0.0,0.88,0.94,0.0","0.5264,0.751725490196078,0.676352941176471",220,63,53,#DC3F35,"0.862745098039216,0.247058823529412,0.207843137254902","0.745098039215686,0.254901960784314,0.223529411764706",Color/Palettes/Process/PANTONE/PANTONE+/PantonePlusColorBridgeCoated.xml,2026-02-11 17:29:00
PANTONE 3516 CP,3030,2000,true,0.0,88.0,100.0,0.0,"0.0,0.88,1.0,0.0","0.5296,0.747333333333333,0.712196078431373",221,66,35,#DD4223,"0.866666666666667,0.258823529411765,0.137254901960784","0.749019607843137,0.266666666666667,0.164705882352941",Color/Palettes/Process/PANTONE/PANTONE+/PantonePlusColorBridgeCoated.xml,2026-02-11 17:29:00
PANTONE 3546 CP,3031,2000,true,0.0,100.0,100.0,0.0,"0.0,1.0,1.0,0.0","0.4753,0.773960784313726,0.68956862745098",211,30,37,#D31E25,"0.827450980392157,0.117647058823529,0.145098039215686","0.709803921568627,0.141176470588235,0.16078431372549",Color/Palettes/Process/PANTONE/PANTONE+/PantonePlusColorBridgeCoated.xml,2026-02-11 17:29:00
PANTONE 3517 CP,3032,2000,true,0.0,100.0,96.0,6.0,"0.0,1.0,0.96,0.06","0.4455,0.759607843137255,0.673921568627451",197,29,37,#C51D25,"0.772549019607843,0.113725490196078,0.145098039215686","0.662745098039216,0.137254901960784,0.16078431372549",Color/Palettes/Process/PANTONE/PANTONE+/PantonePlusColorBridgeCoated.xml,2026-02-11 17:29:00
PANTONE 3523 CP,3033,2000,true,11.0,87.0,62.0,53.0,"0.11,0.87,0.62,0.53","0.3085,0.626980392156863,0.563137254901961",117,50,50,#753232,"0.458823529411765,0.196078431372549,0.196078431372549","0.403921568627451,0.207843137254902,0.207843137254902",Color/Palettes/Process/PANTONE/PANTONE+/PantonePlusColorBridgeCoated.xml,2026-02-11 17:29:00
PANTONE 2449 CP,3034,2000,true,28.0,89.0,60.0,77.0,"0.28,0.89,0.6,0.77","0.1997,0.57078431372549,0.531725490196078",72,38,38,#482626,"0.282352941176471,0.149019607843137,0.149019607843137","0.258823529411765,0.164705882352941,0.164705882352941",Color/Palettes/Process/PANTONE/PANTONE+/PantonePlusColorBridgeCoated.xml,2026-02-11 17:29:00
PANTONE 3568 CP,3035,2000,true,0.0,21.0,4.0,0.0,"0.0,0.21,0.04,0.0","0.8372,0.561294117647059,0.530196078431373",238,199,196,#EEC7C4,"0.933333333333333,0.780392156862745,0.768627450980392","0.890196078431372,0.772549019607843,0.76078431372549",Color/Palettes/Process/PANTONE/PANTONE+/PantonePlusColorBridgeCoated.xml,2026-02-11 17:29:00
PANTONE 3595 CP,3036,2000,true,0.0,29.0,2.0,0.0,"0.0,0.29,0.02,0.0","0.7989,0.586627450980392,0.516666666666667",235,184,192,#EBB8C0,"0.92156862745098,0.72156862745098,0.752941176470588","0.866666666666667,0.713725490196078,0.745098039215686",Color/Palettes/Process/PANTONE/PANTONE+/PantonePlusColorBridgeCoated.xml,2026-02-11 17:29:00
PANTONE 2450 CP,3037,2000,true,2.0,83.0,1.0,0.0,"0.02,0.83,0.01,0.0","0.5511,0.751725490196078,0.500705882352941",220,73,136,#DC4988,"0.862745098039216,0.286274509803922,0.533333333333333","0.749019607843137,0.290196078431373,0.52156862745098",Color/Palettes/Process/PANTONE/PANTONE+/PantonePlusColorBridgeCoated.xml,2026-02-11 17:29:00
PANTONE 3527 CP,3038,2000,true,6.0,83.0,0.0,0.0,"0.06,0.83,0.0,0.0","0.5367,0.756196078431372,0.478117647058824",215,66,142,#D7428E,"0.843137254901961,0.258823529411765,0.556862745098039","0.729411764705882,0.266666666666667,0.545098039215686",Color/Palettes/Process/PANTONE/PANTONE+/PantonePlusColorBridgeCoated.xml,2026-02-11 17:29:00
PANTONE 3582 CP,3039,2000,true,7.0,63.0,2.0,1.0,"0.07,0.63,0.02,0.01","0.603,0.676509803921569,0.491019607843137",209,112,152,#D17098,"0.819607843137255,0.43921568627451,0.596078431372549","0.733333333333333,0.435294117647059,0.588235294117647",Color/Palettes/Process/PANTONE/PANTONE+/PantonePlusColorBridgeCoated.xml,2026-02-11 17:29:00
PANTONE 2451 CP,3040,2000,true,10.0,83.0,15.0,10.0,"0.1,0.83,0.15,0.1","0.4813,0.701882352941176,0.506352941176471",184,72,115,#B84873,"0.72156862745098,0.282352941176471,0.450980392156863","0.627450980392157,0.286274509803922,0.443137254901961",Color/Palettes/Process/PANTONE/PANTONE+/PantonePlusColorBridgeCoated.xml,2026-02-11 17:29:00
PANTONE 2452 CP,3041,2000,true,5.0,89.0,15.0,7.0,"0.05,0.89,0.15,0.07","0.4848,0.738509803921569,0.515490196078431",197,58,113,#C53A71,"0.772549019607843,0.227450980392157,0.443137254901961","0.666666666666667,0.235294117647059,0.431372549019608",Color/Palettes/Process/PANTONE/PANTONE+/PantonePlusColorBridgeCoated.xml,2026-02-11 17:29:00
PANTONE 2453 CP,3042,2000,true,25.0,42.0,0.0,0.0,"0.25,0.42,0.0,0.0","0.6732,0.57556862745098,0.439647058823529",185,153,193,#B999C1,"0.725490196078431,0.6,0.756862745098039","0.686274509803922,0.592156862745098,0.745098039215686",Color/Palettes/Process/PANTONE/PANTONE+/PantonePlusColorBridgeCoated.xml,2026-02-11 17:29:00
PANTONE 3520 CP,3043,2000,true,29.0,57.0,0.0,0.0,"0.29,0.57,0.0,0.0","0.5954,0.611450980392157,0.42643137254902",176,126,178,#B07EB2,"0.690196078431373,0.494117647058824,0.698039215686274","0.635294117647059,0.490196078431373,0.686274509803922",Color/Palettes/Process/PANTONE/PANTONE+/PantonePlusColorBridgeCoated.xml,2026-02-11 17:29:00
PANTONE 3559 CP,3044,2000,true,51.0,79.0,0.0,0.0,"0.51,0.79,0.0,0.0","0.4772,0.625607843137255,0.396470588235294",145,93,159,#915D9F,"0.568627450980392,0.364705882352941,0.623529411764706","0.517647058823529,0.364705882352941,0.611764705882353",Color/Palettes/Process/PANTONE/PANTONE+/PantonePlusColorBridgeCoated.xml,2026-02-11 17:29:00
PANTONE 3593 CP,3045,2000,true,42.0,63.0,0.0,0.0,"0.42,0.63,0.0,0.0","0.546,0.603333333333333,0.407333333333333",157,115,173,#9D73AD,"0.615686274509804,0.450980392156863,0.67843137254902","0.568627450980392,0.447058823529412,0.666666666666667",Color/Palettes/Process/PANTONE/PANTONE+/PantonePlusColorBridgeCoated.xml,2026-02-11 17:29:00
PANTONE 3575 CP,3046,2000,true,46.0,60.0,0.0,0.0,"0.46,0.6,0.0,0.0","0.5376,0.595490196078431,0.400941176470588",150,115,173,#9673AD,"0.588235294117647,0.450980392156863,0.67843137254902","0.549019607843137,0.447058823529412,0.666666666666667",Color/Palettes/Process/PANTONE/PANTONE+/PantonePlusColorBridgeCoated.xml,2026-02-11 17:29:00
PANTONE 3543 CP,3047,2000,true,36.0,45.0,0.0,0.0,"0.36,0.45,0.0,0.0","0.6251,0.567137254901961,0.415490196078431",164,142,190,#A48EBE,"0.643137254901961,0.556862745098039,0.745098039215686","0.615686274509804,0.552941176470588,0.733333333333333",Color/Palettes/Process/PANTONE/PANTONE+/PantonePlusColorBridgeCoated.xml,2026-02-11 17:29:00
PANTONE 3515 CP,3048,2000,true,74.0,100.0,0.0,12.0,"0.74,1.0,0.0,0.12","0.2874,0.660745098039216,0.368078431372549",104,37,122,#68257A,"0.407843137254902,0.145098039215686,0.47843137254902","0.356862745098039,0.16078431372549,0.466666666666667",Color/Palettes/Process/PANTONE/PANTONE+/PantonePlusColorBridgeCoated.xml,2026-02-11 17:29:00
PANTONE 3558 CP,3049,2000,true,44.0,31.0,0.0,0.0,"0.44,0.31,0.0,0.0","0.6684,0.521843137254902,0.419921568627451",156,161,200,#9CA1C8,"0.611764705882353,0.631372549019608,0.784313725490196","0.611764705882353,0.627450980392157,0.772549019607843",Color/Palettes/Process/PANTONE/PANTONE+/PantonePlusColorBridgeCoated.xml,2026-02-11 17:29:00
PANTONE 3555 CP,3050,2000,true,81.0,100.0,0.0,9.0,"0.81,1.0,0.0,0.09","0.2752,0.650196078431373,0.365803921568627",97,37,120,#612578,"0.380392156862745,0.145098039215686,0.470588235294118","0.333333333333333,0.164705882352941,0.458823529411765",Color/Palettes/Process/PANTONE/PANTONE+/PantonePlusColorBridgeCoated.xml,2026-02-11 17:29:00
PANTONE 3583 CP,3051,2000,true,84.0,100.0,0.0,6.0,"0.84,1.0,0.0,0.06","0.2891,0.650274509803922,0.34678431372549",97,41,131,#612983,"0.380392156862745,0.16078431372549,0.513725490196078","0.337254901960784,0.176470588235294,0.501960784313725",Color/Palettes/Process/PANTONE/PANTONE+/PantonePlusColorBridgeCoated.xml,2026-02-11 17:29:00
PANTONE 3574 CP,3052,2000,true,70.0,79.0,5.0,16.0,"0.7,0.79,0.05,0.16","0.3684,0.577764705882353,0.413137254901961",101,76,123,#654C7B,"0.396078431372549,0.298039215686275,0.482352941176471","0.372549019607843,0.305882352941176,0.474509803921569",Color/Palettes/Process/PANTONE/PANTONE+/PantonePlusColorBridgeCoated.xml,2026-02-11 17:29:00
PANTONE 3566 CP,3053,2000,true,83.0,100.0,0.0,16.0,"0.83,1.0,0.0,0.16","0.2678,0.613725490196078,0.373372549019608",83,46,114,#532E72,"0.325490196078431,0.180392156862745,0.447058823529412","0.298039215686275,0.192156862745098,0.43921568627451",Color/Palettes/Process/PANTONE/PANTONE+/PantonePlusColorBridgeCoated.xml,2026-02-11 17:29:00
PANTONE 3535 CP,3054,2000,true,94.0,100.0,0.0,10.0,"0.94,1.0,0.0,0.1","0.2278,0.622549019607843,0.33956862745098",70,35,118,#462376,"0.274509803921569,0.137254901960784,0.462745098039216","0.250980392156863,0.156862745098039,0.450980392156863",Color/Palettes/Process/PANTONE/PANTONE+/PantonePlusColorBridgeCoated.xml,2026-02-11 17:29:00
PANTONE 3542 CP,3055,2000,true,97.0,100.0,0.0,12.0,"0.97,1.0,0.0,0.12","0.2118,0.608862745098039,0.335411764705882",60,35,115,#3C2373,"0.235294117647059,0.137254901960784,0.450980392156863","0.223529411764706,0.156862745098039,0.443137254901961",Color/Palettes/Process/PANTONE/PANTONE+/PantonePlusColorBridgeCoated.xml,2026-02-11 17:29:00
PANTONE 3506 CP,3056,2000,true,92.0,59.0,0.0,0.0,"0.92,0.59,0.0,0.0","0.4487,0.497058823529412,0.344980392156863",60,110,173,#3C6EAD,"0.235294117647059,0.431372549019608,0.67843137254902","0.309803921568627,0.427450980392157,0.662745098039216",Color/Palettes/Process/PANTONE/PANTONE+/PantonePlusColorBridgeCoated.xml,2026-02-11 17:29:00
PANTONE 3590 CP,3057,2000,true,85.0,66.0,0.0,0.0,"0.85,0.66,0.0,0.0","0.4203,0.530117647058824,0.362235294117647",81,98,158,#51629E,"0.317647058823529,0.384313725490196,0.619607843137255","0.341176470588235,0.384313725490196,0.607843137254902",Color/Palettes/Process/PANTONE/PANTONE+/PantonePlusColorBridgeCoated.xml,2026-02-11 17:29:00
PANTONE 3584 CP,3058,2000,true,99.0,83.0,0.0,17.0,"0.99,0.83,0.0,0.17","0.3094,0.53921568627451,0.362823529411765",58,70,129,#3A4681,"0.227450980392157,0.274509803921569,0.505882352941176","0.250980392156863,0.282352941176471,0.494117647058824",Color/Palettes/Process/PANTONE/PANTONE+/PantonePlusColorBridgeCoated.xml,2026-02-11 17:29:00
PANTONE 3591 CP,3059,2000,true,100.0,87.0,0.0,25.0,"1.0,0.87,0.0,0.25","0.2475,0.550901960784314,0.338941176470588",40,54,123,#28367B,"0.156862745098039,0.211764705882353,0.482352941176471","0.188235294117647,0.223529411764706,0.470588235294118",Color/Palettes/Process/PANTONE/PANTONE+/PantonePlusColorBridgeCoated.xml,2026-02-11 17:29:00
PANTONE 3597 CP,3060,2000,true,100.0,83.0,0.0,28.0,"1.0,0.83,0.0,0.28","0.2596,0.531607843137255,0.359411764705882",40,60,117,#283C75,"0.156862745098039,0.235294117647059,0.458823529411765","0.196078431372549,0.243137254901961,0.450980392156863",Color/Palettes/Process/PANTONE/PANTONE+/PantonePlusColorBridgeCoated.xml,2026-02-11 17:29:00
PANTONE 3581 CP,3061,2000,true,100.0,87.0,0.0,31.0,"1.0,0.87,0.0,0.31","0.2456,0.539725490196078,0.363294117647059",43,55,112,#2B3770,"0.168627450980392,0.215686274509804,0.43921568627451","0.196078431372549,0.227450980392157,0.431372549019608",Color/Palettes/Process/PANTONE/PANTONE+/PantonePlusColorBridgeCoated.xml,2026-02-11 17:29:00
PANTONE 3524 CP,3062,2000,true,92.0,92.0,0.0,58.0,"0.92,0.92,0.0,0.58","0.2055,0.550274509803922,0.418823529411765",54,44,81,#362C51,"0.211764705882353,0.172549019607843,0.317647058823529","0.211764705882353,0.188235294117647,0.317647058823529",Color/Palettes/Process/PANTONE/PANTONE+/PantonePlusColorBridgeCoated.xml,2026-02-11 17:29:00
PANTONE 3577 CP,3063,2000,true,45.0,9.0,3.0,0.0,"0.45,0.09,0.03,0.0","0.7339,0.456078431372549,0.438901960784314",143,188,208,#8FBCD0,"0.56078431372549,0.737254901960784,0.815686274509804","0.611764705882353,0.733333333333333,0.807843137254902",Color/Palettes/Process/PANTONE/PANTONE+/PantonePlusColorBridgeCoated.xml,2026-02-11 17:29:00
PANTONE 3545 CP,3064,2000,true,71.0,0.0,11.0,0.0,"0.71,0.0,0.11,0.0","0.6814,0.379411764705882,0.417450980392157",55,184,203,#37B8CB,"0.215686274509804,0.72156862745098,0.796078431372549","0.43921568627451,0.717647058823529,0.788235294117647",Color/Palettes/Process/PANTONE/PANTONE+/PantonePlusColorBridgeCoated.xml,2026-02-11 17:29:00
PANTONE 3551 CP,3065,2000,true,100.0,0.0,22.0,0.0,"1.0,0.0,0.22,0.0","0.5568,0.304705882352941,0.387411764705882",0,158,181,#009EB5,"0.0,0.619607843137255,0.709803921568627","0.0470588235294118,0.615686274509804,0.701960784313725",Color/Palettes/Process/PANTONE/PANTONE+/PantonePlusColorBridgeCoated.xml,2026-02-11 17:29:00
PANTONE 3538 CP,3066,2000,true,93.0,10.0,0.0,0.0,"0.93,0.1,0.0,0.0","0.5627,0.374039215686275,0.340235294117647",0,154,205,#009ACD,"0.0,0.603921568627451,0.803921568627451","0.2,0.596078431372549,0.792156862745098",Color/Palettes/Process/PANTONE/PANTONE+/PantonePlusColorBridgeCoated.xml,2026-02-11 17:29:00
PANTONE 3553 CP,3067,2000,true,100.0,28.0,0.0,16.0,"1.0,0.28,0.0,0.16","0.42,0.411764705882353,0.331960784313725",0,113,170,#0071AA,"0.0,0.443137254901961,0.666666666666667","0.0666666666666667,0.43921568627451,0.650980392156863",Color/Palettes/Process/PANTONE/PANTONE+/PantonePlusColorBridgeCoated.xml,2026-02-11 17:29:00
PANTONE 2454 CP,3068,2000,true,79.0,28.0,12.0,12.0,"0.79,0.28,0.12,0.12","0.4969,0.43956862745098,0.404823529411765",54,128,159,#36809F,"0.211764705882353,0.501960784313725,0.623529411764706","0.329411764705882,0.498039215686275,0.611764705882353",Color/Palettes/Process/PANTONE/PANTONE+/PantonePlusColorBridgeCoated.xml,2026-02-11 17:29:00
PANTONE 3526 CP,3069,2000,true,50.0,26.0,28.0,8.0,"0.5,0.26,0.28,0.08","0.5915,0.47756862745098,0.489019607843137",127,147,147,#7F9393,"0.498039215686275,0.576470588235294,0.576470588235294","0.517647058823529,0.568627450980392,0.572549019607843",Color/Palettes/Process/PANTONE/PANTONE+/PantonePlusColorBridgeCoated.xml,2026-02-11 17:29:00
PANTONE 2455 CP,3070,2000,true,43.0,7.0,25.0,0.0,"0.43,0.07,0.25,0.0","0.733,0.440274509803922,0.502039215686275",148,190,178,#94BEB2,"0.580392156862745,0.745098039215686,0.698039215686274","0.627450980392157,0.737254901960784,0.694117647058824",Color/Palettes/Process/PANTONE/PANTONE+/PantonePlusColorBridgeCoated.xml,2026-02-11 17:29:00
PANTONE 3533 CP,3071,2000,true,47.0,0.0,32.0,0.0,"0.47,0.0,0.32,0.0","0.7641,0.408627450980392,0.520313725490196",142,202,178,#8ECAB2,"0.556862745098039,0.792156862745098,0.698039215686274","0.631372549019608,0.788235294117647,0.694117647058824",Color/Palettes/Process/PANTONE/PANTONE+/PantonePlusColorBridgeCoated.xml,2026-02-11 17:29:00
PANTONE 3534 CP,3072,2000,true,92.0,0.0,51.0,0.0,"0.92,0.0,0.51,0.0","0.5852,0.300039215686274,0.481764705882353",0,165,146,#00A592,"0.0,0.647058823529412,0.572549019607843","0.274509803921569,0.643137254901961,0.572549019607843",Color/Palettes/Process/PANTONE/PANTONE+/PantonePlusColorBridgeCoated.xml,2026-02-11 17:29:00
PANTONE 2456 CP,3073,2000,true,74.0,6.0,46.0,8.0,"0.74,0.06,0.46,0.08","0.5826,0.381176470588235,0.500392156862745",67,156,138,#439C8A,"0.262745098039216,0.611764705882353,0.541176470588235","0.403921568627451,0.607843137254902,0.541176470588235",Color/Palettes/Process/PANTONE/PANTONE+/PantonePlusColorBridgeCoated.xml,2026-02-11 17:29:00
PANTONE 3560 CP,3074,2000,true,99.0,0.0,52.0,0.0,"0.99,0.0,0.52,0.0","0.572,0.284666666666667,0.476549019607843",0,163,145,#00A391,"0.0,0.63921568627451,0.568627450980392","0.227450980392157,0.635294117647059,0.568627450980392",Color/Palettes/Process/PANTONE/PANTONE+/PantonePlusColorBridgeCoated.xml,2026-02-11 17:29:00
PANTONE 3557 CP,3075,2000,true,100.0,0.0,42.0,25.0,"1.0,0.0,0.42,0.25","0.4601,0.322117647058824,0.456509803921569",0,130,126,#00827E,"0.0,0.509803921568627,0.494117647058824","0.156862745098039,0.505882352941176,0.490196078431373",Color/Palettes/Process/PANTONE/PANTONE+/PantonePlusColorBridgeCoated.xml,2026-02-11 17:29:00
PANTONE 3541 CP,3076,2000,true,100.0,0.0,39.0,4.0,"1.0,0.0,0.39,0.04","0.5516,0.281333333333333,0.443843137254902",0,158,154,#009E9A,"0.0,0.619607843137255,0.603921568627451","0.141176470588235,0.615686274509804,0.6",Color/Palettes/Process/PANTONE/PANTONE+/PantonePlusColorBridgeCoated.xml,2026-02-11 17:29:00
PANTONE 2457 CP,3077,2000,true,46.0,15.0,36.0,4.0,"0.46,0.15,0.36,0.04","0.6781,0.45043137254902,0.53356862745098",144,173,149,#90AD95,"0.564705882352941,0.67843137254902,0.584313725490196","0.596078431372549,0.670588235294118,0.584313725490196",Color/Palettes/Process/PANTONE/PANTONE+/PantonePlusColorBridgeCoated.xml,2026-02-11 17:29:00
PANTONE 2458 CP,3078,2000,true,58.0,15.0,47.0,11.0,"0.58,0.15,0.47,0.11","0.6038,0.428588235294118,0.532980392156863",113,156,130,#719C82,"0.443137254901961,0.611764705882353,0.509803921568627","0.494117647058824,0.607843137254902,0.509803921568627",Color/Palettes/Process/PANTONE/PANTONE+/PantonePlusColorBridgeCoated.xml,2026-02-11 17:29:00
PANTONE 2459 CP,3079,2000,true,64.0,2.0,46.0,1.0,"0.64,0.02,0.46,0.01","0.6878,0.380156862745098,0.530509803921569",105,185,152,#69B998,"0.411764705882353,0.725490196078431,0.596078431372549","0.52156862745098,0.717647058823529,0.596078431372549",Color/Palettes/Process/PANTONE/PANTONE+/PantonePlusColorBridgeCoated.xml,2026-02-11 17:29:00
PANTONE 2460 CP,3080,2000,true,58.0,7.0,29.0,2.0,"0.58,0.07,0.29,0.02","0.6885,0.418117647058824,0.492901960784314",121,181,170,#79B5AA,"0.474509803921569,0.709803921568627,0.666666666666667","0.549019607843137,0.701960784313725,0.662745098039216",Color/Palettes/Process/PANTONE/PANTONE+/PantonePlusColorBridgeCoated.xml,2026-02-11 17:29:00
PANTONE 2461 CP,3081,2000,true,76.0,9.0,37.0,10.0,"0.76,0.09,0.37,0.1","0.5752,0.392705882352941,0.486705882352941",70,153,143,#46998F,"0.274509803921569,0.6,0.56078431372549","0.403921568627451,0.596078431372549,0.556862745098039",Color/Palettes/Process/PANTONE/PANTONE+/PantonePlusColorBridgeCoated.xml,2026-02-11 17:29:00
PANTONE 2462 CP,3082,2000,true,63.0,19.0,40.0,14.0,"0.63,0.19,0.4,0.14","0.5569,0.433333333333333,0.503686274509804",98,143,131,#628F83,"0.384313725490196,0.56078431372549,0.513725490196078","0.443137254901961,0.556862745098039,0.509803921568627",Color/Palettes/Process/PANTONE/PANTONE+/PantonePlusColorBridgeCoated.xml,2026-02-11 17:29:00
PANTONE 2463 CP,3083,2000,true,61.0,32.0,43.0,23.0,"0.61,0.32,0.43,0.23","0.4785,0.462156862745098,0.502705882352941",93,120,112,#5D7870,"0.364705882352941,0.470588235294118,0.43921568627451","0.4,0.466666666666667,0.43921568627451",Color/Palettes/Process/PANTONE/PANTONE+/PantonePlusColorBridgeCoated.xml,2026-02-11 17:29:00
PANTONE 2464 CP,3084,2000,true,55.0,0.0,68.0,0.0,"0.55,0.0,0.68,0.0","0.7148,0.37721568627451,0.626588235294118",129,192,113,#81C071,"0.505882352941176,0.752941176470588,0.443137254901961","0.584313725490196,0.745098039215686,0.458823529411765",Color/Palettes/Process/PANTONE/PANTONE+/PantonePlusColorBridgeCoated.xml,2026-02-11 17:29:00
PANTONE 2465 CP,3085,2000,true,78.0,0.0,99.0,43.0,"0.78,0.0,0.99,0.43","0.4343,0.365058823529412,0.600862745098039",41,118,56,#297638,"0.16078431372549,0.462745098039216,0.219607843137255","0.294117647058824,0.458823529411765,0.247058823529412",Color/Palettes/Process/PANTONE/PANTONE+/PantonePlusColorBridgeCoated.xml,2026-02-11 17:29:00
PANTONE 3522 CP,3086,2000,true,100.0,0.0,100.0,4.0,"1.0,0.0,1.0,0.04","0.4887,0.228980392156863,0.608588235294118",0,143,62,#008F3E,"0.0,0.56078431372549,0.243137254901961","0.156862745098039,0.556862745098039,0.274509803921569",Color/Palettes/Process/PANTONE/PANTONE+/PantonePlusColorBridgeCoated.xml,2026-02-11 17:29:00
PANTONE 3536 CP,3087,2000,true,100.0,0.0,95.0,21.0,"1.0,0.0,0.95,0.21","0.4349,0.25478431372549,0.581333333333333",0,127,63,#007F3F,"0.0,0.498039215686275,0.247058823529412","0.129411764705882,0.494117647058824,0.270588235294118",Color/Palettes/Process/PANTONE/PANTONE+/PantonePlusColorBridgeCoated.xml,2026-02-11 17:29:00
PANTONE 3500 CP,3088,2000,true,100.0,0.0,100.0,31.0,"1.0,0.0,1.0,0.31","0.3905,0.274705882352941,0.569019607843137",0,114,59,#00723B,"0.0,0.447058823529412,0.231372549019608","0.113725490196078,0.443137254901961,0.254901960784314",Color/Palettes/Process/PANTONE/PANTONE+/PantonePlusColorBridgeCoated.xml,2026-02-11 17:29:00
PANTONE 3537 CP,3089,2000,true,100.0,0.0,100.0,69.0,"1.0,0.0,1.0,0.69","0.2644,0.345333333333333,0.552666666666667",0,77,40,#004D28,"0.0,0.301960784313725,0.156862745098039","0.109803921568627,0.305882352941176,0.180392156862745",Color/Palettes/Process/PANTONE/PANTONE+/PantonePlusColorBridgeCoated.xml,2026-02-11 17:29:00
PANTONE 2466 CP,3090,2000,true,80.0,32.0,52.0,54.0,"0.8,0.32,0.52,0.54","0.3266,0.436588235294118,0.495764705882353",42,85,78,#2A554E,"0.164705882352941,0.333333333333333,0.305882352941176","0.23921568627451,0.337254901960784,0.309803921568627",Color/Palettes/Process/PANTONE/PANTONE+/PantonePlusColorBridgeCoated.xml,2026-02-11 17:29:00
PANTONE 3570 CP,3091,2000,true,28.0,0.0,100.0,0.0,"0.28,0.0,1.0,0.0","0.796,0.421176470588235,0.797803921568627",188,207,17,#BCCF11,"0.737254901960784,0.811764705882353,0.0666666666666667","0.756862745098039,0.807843137254902,0.207843137254902",Color/Palettes/Process/PANTONE/PANTONE+/PantonePlusColorBridgeCoated.xml,2026-02-11 17:29:00
PANTONE 3507 CP,3092,2000,true,30.0,0.0,100.0,0.0,"0.3,0.0,1.0,0.0","0.7848,0.415019607843137,0.785019607843137",182,205,30,#B6CD1E,"0.713725490196078,0.803921568627451,0.117647058823529","0.733333333333333,0.8,0.223529411764706",Color/Palettes/Process/PANTONE/PANTONE+/PantonePlusColorBridgeCoated.xml,2026-02-11 17:29:00
PANTONE 3561 CP,3093,2000,true,50.0,0.0,100.0,0.0,"0.5,0.0,1.0,0.0","0.707,0.374156862745098,0.736313725490196",137,189,46,#89BD2E,"0.537254901960784,0.741176470588235,0.180392156862745","0.596078431372549,0.737254901960784,0.247058823529412",Color/Palettes/Process/PANTONE/PANTONE+/PantonePlusColorBridgeCoated.xml,2026-02-11 17:29:00
PANTONE 3501 CP,3094,2000,true,65.0,0.0,100.0,0.0,"0.65,0.0,1.0,0.0","0.6356,0.335294117647059,0.692196078431373",89,174,55,#59AE37,"0.349019607843137,0.682352941176471,0.215686274509804","0.474509803921569,0.67843137254902,0.262745098039216",Color/Palettes/Process/PANTONE/PANTONE+/PantonePlusColorBridgeCoated.xml,2026-02-11 17:29:00
PANTONE 3529 CP,3095,2000,true,73.0,0.0,100.0,0.0,"0.73,0.0,1.0,0.0","0.5987,0.311843137254902,0.670588235294118",55,166,57,#37A639,"0.215686274509804,0.650980392156863,0.223529411764706","0.403921568627451,0.647058823529412,0.270588235294118",Color/Palettes/Process/PANTONE/PANTONE+/PantonePlusColorBridgeCoated.xml,2026-02-11 17:29:00
PANTONE 3539 CP,3096,2000,true,71.0,0.0,100.0,10.0,"0.71,0.0,1.0,0.1","0.5791,0.328980392156863,0.664549019607843",64,159,57,#409F39,"0.250980392156863,0.623529411764706,0.223529411764706","0.403921568627451,0.619607843137255,0.262745098039216",Color/Palettes/Process/PANTONE/PANTONE+/PantonePlusColorBridgeCoated.xml,2026-02-11 17:29:00
PANTONE 3508 CP,3097,2000,true,47.0,7.0,93.0,43.0,"0.47,0.07,0.93,0.43","0.4989,0.424627450980392,0.637098039215686",98,128,55,#628037,"0.384313725490196,0.501960784313725,0.215686274509804","0.423529411764706,0.498039215686275,0.247058823529412",Color/Palettes/Process/PANTONE/PANTONE+/PantonePlusColorBridgeCoated.xml,2026-02-11 17:29:00
PANTONE 3599 CP,3098,2000,true,9.0,16.0,52.0,2.0,"0.09,0.16,0.52,0.02","0.7878,0.515490196078431,0.658862745098039",217,192,119,#D9C077,"0.850980392156863,0.752941176470588,0.466666666666667","0.819607843137255,0.749019607843137,0.47843137254902",Color/Palettes/Process/PANTONE/PANTONE+/PantonePlusColorBridgeCoated.xml,2026-02-11 17:29:00
PANTONE 2467 CP,3099,2000,true,15.0,35.0,53.0,11.0,"0.15,0.35,0.53,0.11","0.6259,0.544666666666667,0.604078431372549",178,144,105,#B29069,"0.698039215686274,0.564705882352941,0.411764705882353","0.658823529411765,0.56078431372549,0.415686274509804",Color/Palettes/Process/PANTONE/PANTONE+/PantonePlusColorBridgeCoated.xml,2026-02-11 17:29:00
PANTONE 2468 CP,3100,2000,true,17.0,51.0,63.0,28.0,"0.17,0.51,0.63,0.28","0.5044,0.560156862745098,0.590745098039216",150,111,82,#966F52,"0.588235294117647,0.435294117647059,0.32156862745098","0.545098039215686,0.431372549019608,0.329411764705882",Color/Palettes/Process/PANTONE/PANTONE+/PantonePlusColorBridgeCoated.xml,2026-02-11 17:29:00
PANTONE 2469 CP,3101,2000,true,13.0,59.0,72.0,36.0,"0.13,0.59,0.72,0.36","0.4547,0.578352941176471,0.602941176470588",143,95,65,#8F5F41,"0.56078431372549,0.372549019607843,0.254901960784314","0.513725490196078,0.372549019607843,0.266666666666667",Color/Palettes/Process/PANTONE/PANTONE+/PantonePlusColorBridgeCoated.xml,2026-02-11 17:29:00
PANTONE 2470 CP,3102,2000,true,25.0,38.0,55.0,20.0,"0.25,0.38,0.55,0.2","0.551,0.528823529411765,0.58443137254902",150,128,95,#96805F,"0.588235294117647,0.501960784313725,0.372549019607843","0.56078431372549,0.498039215686275,0.380392156862745",Color/Palettes/Process/PANTONE/PANTONE+/PantonePlusColorBridgeCoated.xml,2026-02-11 17:29:00
PANTONE 2471 CP,3103,2000,true,24.0,38.0,43.0,13.0,"0.24,0.38,0.43,0.13","0.5859,0.537764705882353,0.569019607843137",162,135,111,#A2876F,"0.635294117647059,0.529411764705882,0.435294117647059","0.6,0.525490196078431,0.435294117647059",Color/Palettes/Process/PANTONE/PANTONE+/PantonePlusColorBridgeCoated.xml,2026-02-11 17:29:00
PANTONE 2472 CP,3104,2000,true,22.0,61.0,81.0,61.0,"0.22,0.61,0.81,0.61","0.3172,0.551803921568627,0.585058823529412",97,67,41,#614329,"0.380392156862745,0.262745098039216,0.16078431372549","0.356862745098039,0.270588235294118,0.180392156862745",Color/Palettes/Process/PANTONE/PANTONE+/PantonePlusColorBridgeCoated.xml,2026-02-11 17:29:00
PANTONE 2473 CP,3105,2000,true,19.0,23.0,13.0,0.0,"0.19,0.23,0.13,0.0","0.7471,0.525372549019608,0.51156862745098",194,181,179,#C2B5B3,"0.76078431372549,0.709803921568627,0.701960784313725","0.741176470588235,0.701960784313725,0.698039215686274",Color/Palettes/Process/PANTONE/PANTONE+/PantonePlusColorBridgeCoated.xml,2026-02-11 17:29:00
PANTONE 2474 CP,3106,2000,true,26.0,29.0,30.0,4.0,"0.26,0.29,0.3,0.04","0.6602,0.52478431372549,0.540235294117647",174,157,143,#AE9D8F,"0.682352941176471,0.615686274509804,0.56078431372549","0.658823529411765,0.611764705882353,0.556862745098039",Color/Palettes/Process/PANTONE/PANTONE+/PantonePlusColorBridgeCoated.xml,2026-02-11 17:29:00
PANTONE 2475 CP,3107,2000,true,28.0,40.0,36.0,11.0,"0.28,0.4,0.36,0.11","0.5714,0.543921568627451,0.541490196078431",157,131,120,#9D8378,"0.615686274509804,0.513725490196078,0.470588235294118","0.584313725490196,0.509803921568627,0.466666666666667",Color/Palettes/Process/PANTONE/PANTONE+/PantonePlusColorBridgeCoated.xml,2026-02-11 17:29:00
PANTONE 2476 CP,3108,2000,true,38.0,49.0,41.0,22.0,"0.38,0.49,0.41,0.22","0.4737,0.540666666666667,0.523960784313726",129,107,103,#816B67,"0.505882352941176,0.419607843137255,0.403921568627451","0.47843137254902,0.419607843137255,0.403921568627451",Color/Palettes/Process/PANTONE/PANTONE+/PantonePlusColorBridgeCoated.xml,2026-02-11 17:29:00
PANTONE 2477 CP,3109,2000,true,41.0,55.0,51.0,35.0,"0.41,0.55,0.51,0.35","0.3996,0.544509803921569,0.531725490196078",112,88,82,#705852,"0.43921568627451,0.345098039215686,0.32156862745098","0.415686274509804,0.349019607843137,0.325490196078431",Color/Palettes/Process/PANTONE/PANTONE+/PantonePlusColorBridgeCoated.xml,2026-02-11 17:29:00
PANTONE 2478 CP,3110,2000,true,50.0,73.0,51.0,61.0,"0.5,0.73,0.51,0.61","0.2756,0.544509803921569,0.513294117647059",80,59,61,#503B3D,"0.313725490196078,0.231372549019608,0.23921568627451","0.298039215686275,0.243137254901961,0.247058823529412",Color/Palettes/Process/PANTONE/PANTONE+/PantonePlusColorBridgeCoated.xml,2026-02-11 17:29:00
PANTONE 2479 CP,3111,2000,true,55.0,64.0,67.0,70.0,"0.55,0.64,0.67,0.7","0.2461,0.519137254901961,0.528235294117647",66,57,48,#423930,"0.258823529411765,0.223529411764706,0.188235294117647","0.258823529411765,0.231372549019608,0.203921568627451",Color/Palettes/Process/PANTONE/PANTONE+/PantonePlusColorBridgeCoated.xml,2026-02-11 17:29:00
PANTONE 4001 CP,4001,2200,true,4.0,6.0,40.0,0.0,"0.04,0.06,0.4,0.0","0.8795,0.501843137254902,0.627960784313725",236,220,158,#ECDC9E,"0.925490196078431,0.862745098039216,0.619607843137255","0.901960784313726,0.858823529411765,0.627450980392157",Color/Palettes/Process/PANTONE/PANTONE+/PantonePlusColorBridgeCoated.xml,2026-02-11 17:29:00
PANTONE 4002 CP,4002,2200,true,9.0,14.0,51.0,1.0,"0.09,0.14,0.51,0.01","0.8025,0.516627450980392,0.641921568627451",220,196,131,#DCC483,"0.862745098039216,0.768627450980392,0.513725490196078","0.835294117647059,0.764705882352941,0.52156862745098",Color/Palettes/Process/PANTONE/PANTONE+/PantonePlusColorBridgeCoated.xml,2026-02-11 17:29:00
PANTONE 4003 CP,4003,2200,true,13.0,13.0,40.0,1.0,"0.13,0.13,0.4,0.01","0.8053,0.51156862745098,0.603372549019608",216,198,151,#D8C697,"0.847058823529412,0.776470588235294,0.592156862745098","0.823529411764706,0.768627450980392,0.596078431372549",Color/Palettes/Process/PANTONE/PANTONE+/PantonePlusColorBridgeCoated.xml,2026-02-11 17:29:00
PANTONE 4004 CP,4004,2200,true,15.0,18.0,54.0,5.0,"0.15,0.18,0.54,0.05","0.741,0.517254901960784,0.624901960784314",202,179,124,#CAB37C,"0.792156862745098,0.701960784313725,0.486274509803922","0.76078431372549,0.698039215686274,0.490196078431373",Color/Palettes/Process/PANTONE/PANTONE+/PantonePlusColorBridgeCoated.xml,2026-02-11 17:29:00
PANTONE 4005 CP,4005,2200,true,18.0,22.0,50.0,6.0,"0.18,0.22,0.5,0.06","0.7058,0.523803921568627,0.60278431372549",192,169,125,#C0A97D,"0.752941176470588,0.662745098039216,0.490196078431373","0.725490196078431,0.654901960784314,0.494117647058824",Color/Palettes/Process/PANTONE/PANTONE+/PantonePlusColorBridgeCoated.xml,2026-02-11 17:29:00
PANTONE 4006 CP,4006,2200,true,17.0,26.0,53.0,8.0,"0.17,0.26,0.53,0.08","0.6736,0.525176470588235,0.607803921568628",184,160,115,#B8A073,"0.72156862745098,0.627450980392157,0.450980392156863","0.690196078431373,0.623529411764706,0.454901960784314",Color/Palettes/Process/PANTONE/PANTONE+/PantonePlusColorBridgeCoated.xml,2026-02-11 17:29:00
PANTONE 4007 CP,4007,2200,true,19.0,28.0,61.0,15.0,"0.19,0.28,0.61,0.15","0.6115,0.526509803921569,0.613450980392157",168,144,96,#A89060,"0.658823529411765,0.564705882352941,0.376470588235294","0.627450980392157,0.556862745098039,0.388235294117647",Color/Palettes/Process/PANTONE/PANTONE+/PantonePlusColorBridgeCoated.xml,2026-02-11 17:29:00
PANTONE 4008 CP,4008,2200,true,0.0,31.0,97.0,0.0,"0.0,0.31,0.97,0.0","0.7362,0.58756862745098,0.775764705882353",235,165,37,#EBA525,"0.92156862745098,0.647058823529412,0.145098039215686","0.850980392156863,0.63921568627451,0.211764705882353",Color/Palettes/Process/PANTONE/PANTONE+/PantonePlusColorBridgeCoated.xml,2026-02-11 17:29:00
PANTONE 4009 CP,4009,2200,true,0.0,42.0,76.0,0.0,"0.0,0.42,0.76,0.0","0.6936,0.621882352941176,0.711921568627451",231,147,70,#E79346,"0.905882352941176,0.576470588235294,0.274509803921569","0.827450980392157,0.572549019607843,0.301960784313725",Color/Palettes/Process/PANTONE/PANTONE+/PantonePlusColorBridgeCoated.xml,2026-02-11 17:29:00
PANTONE 4010 CP,4010,2200,true,0.0,67.0,100.0,0.0,"0.0,0.67,1.0,0.0","0.597,0.692274509803922,0.759490196078431",226,104,14,#E2680E,"0.886274509803922,0.407843137254902,0.0549019607843137","0.784313725490196,0.407843137254902,0.12156862745098",Color/Palettes/Process/PANTONE/PANTONE+/PantonePlusColorBridgeCoated.xml,2026-02-11 17:29:00
PANTONE 4011 CP,4011,2200,true,0.0,63.0,69.0,0.0,"0.0,0.63,0.69,0.0","0.6235,0.675254901960784,0.691019607843137",227,116,66,#E37442,"0.890196078431372,0.454901960784314,0.258823529411765","0.792156862745098,0.450980392156863,0.27843137254902",Color/Palettes/Process/PANTONE/PANTONE+/PantonePlusColorBridgeCoated.xml,2026-02-11 17:29:00
PANTONE 4012 CP,4012,2200,true,0.0,64.0,80.0,0.0,"0.0,0.64,0.8,0.0","0.6122,0.681764705882353,0.726",227,111,44,#E36F2C,"0.890196078431372,0.435294117647059,0.172549019607843","0.788235294117647,0.435294117647059,0.203921568627451",Color/Palettes/Process/PANTONE/PANTONE+/PantonePlusColorBridgeCoated.xml,2026-02-11 17:29:00
PANTONE 4013 CP,4013,2200,true,1.0,61.0,92.0,11.0,"0.01,0.61,0.92,0.11","0.5704,0.651647058823529,0.74321568627451",205,108,16,#CD6C10,"0.803921568627451,0.423529411764706,0.0627450980392157","0.713725490196078,0.419607843137255,0.129411764705882",Color/Palettes/Process/PANTONE/PANTONE+/PantonePlusColorBridgeCoated.xml,2026-02-11 17:29:00
PANTONE 4014 CP,4014,2200,true,5.0,62.0,65.0,18.0,"0.05,0.62,0.65,0.18","0.5362,0.635254901960784,0.651098039215686",187,103,63,#BB673F,"0.733333333333333,0.403921568627451,0.247058823529412","0.654901960784314,0.403921568627451,0.262745098039216",Color/Palettes/Process/PANTONE/PANTONE+/PantonePlusColorBridgeCoated.xml,2026-02-11 17:29:00
PANTONE 4015 CP,4015,2200,true,13.0,10.0,66.0,2.0,"0.13,0.1,0.66,0.02","0.7881,0.497333333333333,0.682705882352941",212,195,106,#D4C36A,"0.831372549019608,0.764705882352941,0.415686274509804","0.807843137254902,0.756862745098039,0.435294117647059",Color/Palettes/Process/PANTONE/PANTONE+/PantonePlusColorBridgeCoated.xml,2026-02-11 17:29:00
PANTONE 4016 CP,4016,2200,true,9.0,12.0,83.0,5.0,"0.09,0.12,0.83,0.05","0.7746,0.509137254901961,0.722509803921569",215,189,81,#D7BD51,"0.843137254901961,0.741176470588235,0.317647058823529","0.811764705882353,0.737254901960784,0.349019607843137",Color/Palettes/Process/PANTONE/PANTONE+/PantonePlusColorBridgeCoated.xml,2026-02-11 17:29:00
PANTONE 4017 CP,4017,2200,true,5.0,18.0,81.0,4.0,"0.05,0.18,0.81,0.04","0.7622,0.53643137254902,0.720196078431373",222,181,80,#DEB550,"0.870588235294118,0.709803921568627,0.313725490196078","0.823529411764706,0.705882352941177,0.345098039215686",Color/Palettes/Process/PANTONE/PANTONE+/PantonePlusColorBridgeCoated.xml,2026-02-11 17:29:00
PANTONE 4018 CP,4018,2200,true,9.0,19.0,76.0,7.0,"0.09,0.19,0.76,0.07","0.7264,0.535490196078431,0.696549019607843",210,172,84,#D2AC54,"0.823529411764706,0.674509803921569,0.329411764705882","0.776470588235294,0.666666666666667,0.352941176470588",Color/Palettes/Process/PANTONE/PANTONE+/PantonePlusColorBridgeCoated.xml,2026-02-11 17:29:00
PANTONE 4019 CP,4019,2200,true,13.0,21.0,73.0,10.0,"0.13,0.21,0.73,0.1","0.681,0.530705882352941,0.677372549019608",194,161,82,#C2A152,"0.76078431372549,0.631372549019608,0.32156862745098","0.717647058823529,0.623529411764706,0.345098039215686",Color/Palettes/Process/PANTONE/PANTONE+/PantonePlusColorBridgeCoated.xml,2026-02-11 17:29:00
PANTONE 4020 CP,4020,2200,true,0.0,16.0,100.0,21.0,"0.0,0.16,1.0,0.21","0.6791,0.527529411764706,0.784980392156863",197,160,0,#C5A000,"0.772549019607843,0.627450980392157,0.0","0.729411764705882,0.623529411764706,0.12156862745098",Color/Palettes/Process/PANTONE/PANTONE+/PantonePlusColorBridgeCoated.xml,2026-02-11 17:29:00
PANTONE 4021 CP,4021,2200,true,12.0,25.0,83.0,21.0,"0.12,0.25,0.83,0.21","0.62,0.532117647058823,0.673686274509804",177,144,69,#B19045,"0.694117647058824,0.564705882352941,0.270588235294118","0.654901960784314,0.56078431372549,0.294117647058824",Color/Palettes/Process/PANTONE/PANTONE+/PantonePlusColorBridgeCoated.xml,2026-02-11 17:29:00
PANTONE 4022 CP,4022,2200,true,12.0,23.0,49.0,4.0,"0.12,0.23,0.49,0.04","0.7332,0.532392156862745,0.624392156862745",205,175,122,#CDAF7A,"0.803921568627451,0.686274509803922,0.47843137254902","0.768627450980392,0.67843137254902,0.486274509803922",Color/Palettes/Process/PANTONE/PANTONE+/PantonePlusColorBridgeCoated.xml,2026-02-11 17:29:00
PANTONE 4023 CP,4023,2200,true,10.0,21.0,62.0,5.0,"0.1,0.21,0.62,0.05","0.7385,0.530117647058824,0.666196078431373",209,176,103,#D1B067,"0.819607843137255,0.690196078431373,0.403921568627451","0.780392156862745,0.686274509803922,0.419607843137255",Color/Palettes/Process/PANTONE/PANTONE+/PantonePlusColorBridgeCoated.xml,2026-02-11 17:29:00
PANTONE 4024 CP,4024,2200,true,8.0,26.0,61.0,5.0,"0.08,0.26,0.61,0.05","0.7234,0.54843137254902,0.668392156862745",212,169,98,#D4A962,"0.831372549019608,0.662745098039216,0.384313725490196","0.784313725490196,0.654901960784314,0.4",Color/Palettes/Process/PANTONE/PANTONE+/PantonePlusColorBridgeCoated.xml,2026-02-11 17:29:00
PANTONE 4025 CP,4025,2200,true,3.0,33.0,75.0,6.0,"0.03,0.33,0.75,0.06","0.6952,0.578862745098039,0.706313725490196",217,156,72,#D99C48,"0.850980392156863,0.611764705882353,0.282352941176471","0.788235294117647,0.603921568627451,0.309803921568627",Color/Palettes/Process/PANTONE/PANTONE+/PantonePlusColorBridgeCoated.xml,2026-02-11 17:29:00
PANTONE 4026 CP,4026,2200,true,7.0,37.0,79.0,17.0,"0.07,0.37,0.79,0.17","0.6187,0.569921568627451,0.679647058823529",190,138,67,#BE8A43,"0.745098039215686,0.541176470588235,0.262745098039216","0.690196078431373,0.533333333333333,0.286274509803922",Color/Palettes/Process/PANTONE/PANTONE+/PantonePlusColorBridgeCoated.xml,2026-02-11 17:29:00
PANTONE 4027 CP,4027,2200,true,5.0,43.0,94.0,44.0,"0.05,0.43,0.94,0.44","0.4834,0.555019607843137,0.666392156862745",146,106,40,#926A28,"0.572549019607843,0.415686274509804,0.156862745098039","0.529411764705882,0.415686274509804,0.192156862745098",Color/Palettes/Process/PANTONE/PANTONE+/PantonePlusColorBridgeCoated.xml,2026-02-11 17:29:00
PANTONE 4028 CP,4028,2200,true,13.0,43.0,86.0,45.0,"0.13,0.43,0.86,0.45","0.4684,0.547725490196078,0.630392156862745",138,104,55,#8A6837,"0.541176470588235,0.407843137254902,0.215686274509804","0.501960784313725,0.403921568627451,0.235294117647059",Color/Palettes/Process/PANTONE/PANTONE+/PantonePlusColorBridgeCoated.xml,2026-02-11 17:29:00
PANTONE 4029 CP,4029,2200,true,3.0,15.0,30.0,0.0,"0.03,0.15,0.3,0.0","0.8321,0.535490196078431,0.60043137254902",233,201,160,#E9C9A0,"0.913725490196078,0.788235294117647,0.627450980392157","0.87843137254902,0.784313725490196,0.627450980392157",Color/Palettes/Process/PANTONE/PANTONE+/PantonePlusColorBridgeCoated.xml,2026-02-11 17:29:00
PANTONE 4030 CP,4030,2200,true,0.0,18.0,25.0,0.0,"0.0,0.18,0.25,0.0","0.8265,0.551450980392157,0.585647058823529",237,197,166,#EDC5A6,"0.929411764705882,0.772549019607843,0.650980392156863","0.882352941176471,0.768627450980392,0.650980392156863",Color/Palettes/Process/PANTONE/PANTONE+/PantonePlusColorBridgeCoated.xml,2026-02-11 17:29:00
PANTONE 4031 CP,4031,2200,true,1.0,18.0,16.0,0.0,"0.01,0.18,0.16,0.0","0.8313,0.553294117647059,0.560196078431373",236,198,179,#ECC6B3,"0.925490196078431,0.776470588235294,0.701960784313725","0.882352941176471,0.772549019607843,0.701960784313725",Color/Palettes/Process/PANTONE/PANTONE+/PantonePlusColorBridgeCoated.xml,2026-02-11 17:29:00
PANTONE 4032 CP,4032,2200,true,0.0,21.0,14.0,0.0,"0.0,0.21,0.14,0.0","0.82,0.562509803921569,0.549803921568627",236,194,182,#ECC2B6,"0.925490196078431,0.76078431372549,0.713725490196078","0.87843137254902,0.752941176470588,0.709803921568627",Color/Palettes/Process/PANTONE/PANTONE+/PantonePlusColorBridgeCoated.xml,2026-02-11 17:29:00
PANTONE 4033 CP,4033,2200,true,0.0,28.0,23.0,0.0,"0.0,0.28,0.23,0.0","0.7763,0.584078431372549,0.569490196078431",233,177,161,#E9B1A1,"0.913725490196078,0.694117647058824,0.631372549019608","0.854901960784314,0.690196078431373,0.627450980392157",Color/Palettes/Process/PANTONE/PANTONE+/PantonePlusColorBridgeCoated.xml,2026-02-11 17:29:00
PANTONE 4034 CP,4034,2200,true,9.0,40.0,46.0,6.0,"0.09,0.4,0.46,0.06","0.6442,0.587529411764706,0.592352941176471",198,142,116,#C68E74,"0.776470588235294,0.556862745098039,0.454901960784314","0.717647058823529,0.549019607843137,0.454901960784314",Color/Palettes/Process/PANTONE/PANTONE+/PantonePlusColorBridgeCoated.xml,2026-02-11 17:29:00
PANTONE 4035 CP,4035,2200,true,10.0,39.0,47.0,7.0,"0.1,0.39,0.47,0.07","0.6354,0.579490196078431,0.590745098039216",193,141,114,#C18D72,"0.756862745098039,0.552941176470588,0.447058823529412","0.698039215686274,0.545098039215686,0.450980392156863",Color/Palettes/Process/PANTONE/PANTONE+/PantonePlusColorBridgeCoated.xml,2026-02-11 17:29:00
PANTONE 4036 CP,4036,2200,true,17.0,37.0,25.0,4.0,"0.17,0.37,0.25,0.04","0.657,0.56756862745098,0.530588235294118",189,149,147,#BD9593,"0.741176470588235,0.584313725490196,0.576470588235294","0.694117647058824,0.580392156862745,0.572549019607843",Color/Palettes/Process/PANTONE/PANTONE+/PantonePlusColorBridgeCoated.xml,2026-02-11 17:29:00
PANTONE 4037 CP,4037,2200,true,16.0,49.0,38.0,11.0,"0.16,0.49,0.38,0.11","0.5776,0.588235294117647,0.549921568627451",176,125,118,#B07D76,"0.690196078431373,0.490196078431373,0.462745098039216","0.635294117647059,0.486274509803922,0.462745098039216",Color/Palettes/Process/PANTONE/PANTONE+/PantonePlusColorBridgeCoated.xml,2026-02-11 17:29:00
PANTONE 4038 CP,4038,2200,true,14.0,54.0,44.0,15.0,"0.14,0.54,0.44,0.15","0.5492,0.601411764705882,0.562941176470588",174,115,106,#AE736A,"0.682352941176471,0.450980392156863,0.415686274509804","0.623529411764706,0.447058823529412,0.415686274509804",Color/Palettes/Process/PANTONE/PANTONE+/PantonePlusColorBridgeCoated.xml,2026-02-11 17:29:00
PANTONE 4039 CP,4039,2200,true,13.0,59.0,45.0,17.0,"0.13,0.59,0.45,0.17","0.5261,0.61478431372549,0.566666666666667",173,106,99,#AD6A63,"0.67843137254902,0.415686274509804,0.388235294117647","0.611764705882353,0.415686274509804,0.388235294117647",Color/Palettes/Process/PANTONE/PANTONE+/PantonePlusColorBridgeCoated.xml,2026-02-11 17:29:00
PANTONE 4040 CP,4040,2200,true,26.0,53.0,44.0,21.0,"0.26,0.53,0.44,0.21","0.4932,0.573098039215686,0.543019607843137",147,106,100,#936A64,"0.576470588235294,0.415686274509804,0.392156862745098","0.533333333333333,0.415686274509804,0.392156862745098",Color/Palettes/Process/PANTONE/PANTONE+/PantonePlusColorBridgeCoated.xml,2026-02-11 17:29:00
PANTONE 4041 CP,4041,2200,true,32.0,56.0,47.0,29.0,"0.32,0.56,0.47,0.29","0.4526,0.558117647058823,0.537490196078431",131,99,92,#83635C,"0.513725490196078,0.388235294117647,0.36078431372549","0.47843137254902,0.388235294117647,0.364705882352941",Color/Palettes/Process/PANTONE/PANTONE+/PantonePlusColorBridgeCoated.xml,2026-02-11 17:29:00
PANTONE 4042 CP,4042,2200,true,35.0,53.0,52.0,32.0,"0.35,0.53,0.52,0.32","0.445,0.548941176470588,0.540470588235294",126,98,89,#7E6259,"0.494117647058824,0.384313725490196,0.349019607843137","0.462745098039216,0.384313725490196,0.352941176470588",Color/Palettes/Process/PANTONE/PANTONE+/PantonePlusColorBridgeCoated.xml,2026-02-11 17:29:00
PANTONE 4043 CP,4043,2200,true,6.0,20.0,23.0,0.0,"0.06,0.2,0.23,0.0","0.8012,0.542588235294118,0.574901960784314",224,192,164,#E0C0A4,"0.87843137254902,0.752941176470588,0.643137254901961","0.843137254901961,0.745098039215686,0.643137254901961",Color/Palettes/Process/PANTONE/PANTONE+/PantonePlusColorBridgeCoated.xml,2026-02-11 17:29:00
PANTONE 4044 CP,4044,2200,true,15.0,33.0,36.0,4.0,"0.15,0.33,0.36,0.04","0.6818,0.553137254901961,0.570235294117647",194,158,135,#C29E87,"0.76078431372549,0.619607843137255,0.529411764705882","0.717647058823529,0.611764705882353,0.529411764705882",Color/Palettes/Process/PANTONE/PANTONE+/PantonePlusColorBridgeCoated.xml,2026-02-11 17:29:00
PANTONE 4045 CP,4045,2200,true,18.0,36.0,38.0,7.0,"0.18,0.36,0.38,0.07","0.6519,0.552,0.562666666666667",185,150,131,#B99683,"0.725490196078431,0.588235294117647,0.513725490196078","0.682352941176471,0.584313725490196,0.509803921568627",Color/Palettes/Process/PANTONE/PANTONE+/PantonePlusColorBridgeCoated.xml,2026-02-11 17:29:00
PANTONE 4046 CP,4046,2200,true,21.0,34.0,40.0,8.0,"0.21,0.34,0.4,0.08","0.6365,0.543960784313726,0.557019607843137",177,148,129,#B19481,"0.694117647058824,0.580392156862745,0.505882352941176","0.658823529411765,0.572549019607843,0.505882352941176",Color/Palettes/Process/PANTONE/PANTONE+/PantonePlusColorBridgeCoated.xml,2026-02-11 17:29:00
PANTONE 4047 CP,4047,2200,true,22.0,38.0,44.0,12.0,"0.22,0.38,0.44,0.12","0.6019,0.546862745098039,0.560862745098039",169,138,119,#A98A77,"0.662745098039216,0.541176470588235,0.466666666666667","0.623529411764706,0.537254901960784,0.466666666666667",Color/Palettes/Process/PANTONE/PANTONE+/PantonePlusColorBridgeCoated.xml,2026-02-11 17:29:00
PANTONE 4048 CP,4048,2200,true,24.0,40.0,49.0,17.0,"0.24,0.4,0.49,0.17","0.5769,0.542901960784314,0.564745098039216",161,132,111,#A1846F,"0.631372549019608,0.517647058823529,0.435294117647059","0.596078431372549,0.513725490196078,0.435294117647059",Color/Palettes/Process/PANTONE/PANTONE+/PantonePlusColorBridgeCoated.xml,2026-02-11 17:29:00
PANTONE 4049 CP,4049,2200,true,29.0,38.0,46.0,17.0,"0.29,0.38,0.46,0.17","0.5661,0.528666666666667,0.548509803921569",151,132,115,#978473,"0.592156862745098,0.517647058823529,0.450980392156863","0.564705882352941,0.513725490196078,0.450980392156863",Color/Palettes/Process/PANTONE/PANTONE+/PantonePlusColorBridgeCoated.xml,2026-02-11 17:29:00
PANTONE 4050 CP,4050,2200,true,7.0,32.0,31.0,1.0,"0.07,0.32,0.31,0.01","0.7246,0.572235294117647,0.579490196078431",215,166,142,#D7A68E,"0.843137254901961,0.650980392156863,0.556862745098039","0.788235294117647,0.643137254901961,0.556862745098039",Color/Palettes/Process/PANTONE/PANTONE+/PantonePlusColorBridgeCoated.xml,2026-02-11 17:29:00
PANTONE 4051 CP,4051,2200,true,1.0,53.0,41.0,1.0,"0.01,0.53,0.41,0.01","0.6626,0.634470588235294,0.598901960784314",221,137,118,#DD8976,"0.866666666666667,0.537254901960784,0.462745098039216","0.784313725490196,0.529411764705882,0.462745098039216",Color/Palettes/Process/PANTONE/PANTONE+/PantonePlusColorBridgeCoated.xml,2026-02-11 17:29:00
PANTONE 4052 CP,4052,2200,true,2.0,52.0,40.0,2.0,"0.02,0.52,0.4,0.02","0.6612,0.625176470588235,0.592352941176471",217,138,121,#D98A79,"0.850980392156863,0.541176470588235,0.474509803921569","0.772549019607843,0.537254901960784,0.474509803921569",Color/Palettes/Process/PANTONE/PANTONE+/PantonePlusColorBridgeCoated.xml,2026-02-11 17:29:00
PANTONE 4053 CP,4053,2200,true,3.0,57.0,46.0,6.0,"0.03,0.57,0.46,0.06","0.6131,0.639372549019608,0.600313725490196",208,123,105,#D07B69,"0.815686274509804,0.482352941176471,0.411764705882353","0.733333333333333,0.47843137254902,0.415686274509804",Color/Palettes/Process/PANTONE/PANTONE+/PantonePlusColorBridgeCoated.xml,2026-02-11 17:29:00
PANTONE 4054 CP,4054,2200,true,6.0,71.0,67.0,24.0,"0.06,0.71,0.67,0.24","0.4721,0.642,0.610941176470588",169,86,67,#A95643,"0.662745098039216,0.337254901960784,0.262745098039216","0.584313725490196,0.337254901960784,0.274509803921569",Color/Palettes/Process/PANTONE/PANTONE+/PantonePlusColorBridgeCoated.xml,2026-02-11 17:29:00
PANTONE 4055 CP,4055,2200,true,8.0,70.0,63.0,25.0,"0.08,0.7,0.63,0.25","0.4587,0.636039215686275,0.599098039215686",162,84,69,#A25445,"0.635294117647059,0.329411764705882,0.270588235294118","0.564705882352941,0.333333333333333,0.27843137254902",Color/Palettes/Process/PANTONE/PANTONE+/PantonePlusColorBridgeCoated.xml,2026-02-11 17:29:00
PANTONE 4056 CP,4056,2200,true,20.0,66.0,55.0,35.0,"0.2,0.66,0.55,0.35","0.409,0.597372549019608,0.56243137254902",134,81,72,#865148,"0.525490196078431,0.317647058823529,0.282352941176471","0.474509803921569,0.32156862745098,0.290196078431373",Color/Palettes/Process/PANTONE/PANTONE+/PantonePlusColorBridgeCoated.xml,2026-02-11 17:29:00
PANTONE 4057 CP,4057,2200,true,0.0,71.0,55.0,0.0,"0.0,0.71,0.55,0.0","0.5966,0.692313725490196,0.628588235294118",222,105,90,#DE695A,"0.870588235294118,0.411764705882353,0.352941176470588","0.768627450980392,0.407843137254902,0.356862745098039",Color/Palettes/Process/PANTONE/PANTONE+/PantonePlusColorBridgeCoated.xml,2026-02-11 17:29:00
PANTONE 4058 CP,4058,2200,true,0.0,82.0,56.0,0.0,"0.0,0.82,0.56,0.0","0.5527,0.727882352941177,0.620588235294118",219,81,84,#DB5154,"0.858823529411765,0.317647058823529,0.329411764705882","0.749019607843137,0.32156862745098,0.333333333333333",Color/Palettes/Process/PANTONE/PANTONE+/PantonePlusColorBridgeCoated.xml,2026-02-11 17:29:00
PANTONE 4059 CP,4059,2200,true,1.0,94.0,61.0,12.0,"0.01,0.94,0.61,0.12","0.4562,0.737372549019608,0.606627450980392",192,48,68,#C03044,"0.752941176470588,0.188235294117647,0.266666666666667","0.647058823529412,0.203921568627451,0.270588235294118",Color/Palettes/Process/PANTONE/PANTONE+/PantonePlusColorBridgeCoated.xml,2026-02-11 17:29:00
PANTONE 4060 CP,4060,2200,true,1.0,91.0,60.0,14.0,"0.01,0.91,0.6,0.14","0.4553,0.731294117647059,0.607803921568628",190,51,67,#BE3343,"0.745098039215686,0.2,0.262745098039216","0.643137254901961,0.211764705882353,0.266666666666667",Color/Palettes/Process/PANTONE/PANTONE+/PantonePlusColorBridgeCoated.xml,2026-02-11 17:29:00
PANTONE 4061 CP,4061,2200,true,6.0,66.0,46.0,13.0,"0.06,0.66,0.46,0.13","0.5234,0.653647058823529,0.58921568627451",186,96,89,#BA6059,"0.729411764705882,0.376470588235294,0.349019607843137","0.647058823529412,0.376470588235294,0.352941176470588",Color/Palettes/Process/PANTONE/PANTONE+/PantonePlusColorBridgeCoated.xml,2026-02-11 17:29:00
PANTONE 4062 CP,4062,2200,true,6.0,80.0,57.0,24.0,"0.06,0.8,0.57,0.24","0.4303,0.669921568627451,0.600039215686274",165,68,63,#A5443F,"0.647058823529412,0.266666666666667,0.247058823529412","0.564705882352941,0.270588235294118,0.254901960784314",Color/Palettes/Process/PANTONE/PANTONE+/PantonePlusColorBridgeCoated.xml,2026-02-11 17:29:00
PANTONE 4063 CP,4063,2200,true,5.0,81.0,71.0,32.0,"0.05,0.81,0.71,0.32","0.3883,0.653882352941176,0.614705882352941",148,62,47,#943E2F,"0.580392156862745,0.243137254901961,0.184313725490196","0.509803921568627,0.250980392156863,0.2",Color/Palettes/Process/PANTONE/PANTONE+/PantonePlusColorBridgeCoated.xml,2026-02-11 17:29:00
PANTONE 4064 CP,4064,2200,true,0.0,32.0,6.0,0.0,"0.0,0.32,0.06,0.0","0.7757,0.592549019607843,0.526901960784314",232,176,181,#E8B0B5,"0.909803921568627,0.690196078431373,0.709803921568627","0.850980392156863,0.686274509803922,0.701960784313725",Color/Palettes/Process/PANTONE/PANTONE+/PantonePlusColorBridgeCoated.xml,2026-02-11 17:29:00
PANTONE 4065 CP,4065,2200,true,1.0,34.0,11.0,0.0,"0.01,0.34,0.11,0.0","0.7651,0.590588235294118,0.534039215686275",229,174,175,#E5AEAF,"0.898039215686275,0.682352941176471,0.686274509803922","0.83921568627451,0.674509803921569,0.67843137254902",Color/Palettes/Process/PANTONE/PANTONE+/PantonePlusColorBridgeCoated.xml,2026-02-11 17:29:00
PANTONE 4066 CP,4066,2200,true,0.0,42.0,22.0,0.0,"0.0,0.42,0.22,0.0","0.7246,0.614823529411765,0.560078431372549",229,158,152,#E59E98,"0.898039215686275,0.619607843137255,0.596078431372549","0.827450980392157,0.611764705882353,0.592156862745098",Color/Palettes/Process/PANTONE/PANTONE+/PantonePlusColorBridgeCoated.xml,2026-02-11 17:29:00
PANTONE 4067 CP,4067,2200,true,0.0,43.0,20.0,0.0,"0.0,0.43,0.2,0.0","0.7279,0.616196078431373,0.55443137254902",230,158,156,#E69E9C,"0.901960784313726,0.619607843137255,0.611764705882353","0.831372549019608,0.615686274509804,0.603921568627451",Color/Palettes/Process/PANTONE/PANTONE+/PantonePlusColorBridgeCoated.xml,2026-02-11 17:29:00
PANTONE 4068 CP,4068,2200,true,0.0,50.0,22.0,0.0,"0.0,0.5,0.22,0.0","0.69,0.641333333333333,0.554",228,143,146,#E48F92,"0.894117647058824,0.56078431372549,0.572549019607843","0.811764705882353,0.552941176470588,0.568627450980392",Color/Palettes/Process/PANTONE/PANTONE+/PantonePlusColorBridgeCoated.xml,2026-02-11 17:29:00
PANTONE 4069 CP,4069,2200,true,3.0,78.0,36.0,8.0,"0.03,0.78,0.36,0.08","0.5247,0.700039215686274,0.56243137254902",199,84,102,#C75466,"0.780392156862745,0.329411764705882,0.4","0.686274509803922,0.329411764705882,0.396078431372549",Color/Palettes/Process/PANTONE/PANTONE+/PantonePlusColorBridgeCoated.xml,2026-02-11 17:29:00
PANTONE 4070 CP,4070,2200,true,4.0,86.0,43.0,17.0,"0.04,0.86,0.43,0.17","0.4486,0.703921568627451,0.570078431372549",179,61,80,#B33D50,"0.701960784313725,0.23921568627451,0.313725490196078","0.607843137254902,0.250980392156863,0.317647058823529",Color/Palettes/Process/PANTONE/PANTONE+/PantonePlusColorBridgeCoated.xml,2026-02-11 17:29:00
PANTONE 4071 CP,4071,2200,true,9.0,52.0,10.0,2.0,"0.09,0.52,0.1,0.02","0.6515,0.629803921568627,0.514627450980392",209,136,154,#D1889A,"0.819607843137255,0.533333333333333,0.603921568627451","0.745098039215686,0.525490196078431,0.596078431372549",Color/Palettes/Process/PANTONE/PANTONE+/PantonePlusColorBridgeCoated.xml,2026-02-11 17:29:00
PANTONE 4072 CP,4072,2200,true,0.0,61.0,8.0,0.0,"0.0,0.61,0.08,0.0","0.6599,0.673529411764706,0.525764705882353",228,127,152,#E47F98,"0.894117647058824,0.498039215686275,0.596078431372549","0.803921568627451,0.494117647058824,0.584313725490196",Color/Palettes/Process/PANTONE/PANTONE+/PantonePlusColorBridgeCoated.xml,2026-02-11 17:29:00
PANTONE 4073 CP,4073,2200,true,6.0,81.0,18.0,6.0,"0.06,0.81,0.18,0.06","0.5319,0.70878431372549,0.529490196078431",202,83,118,#CA5376,"0.792156862745098,0.325490196078431,0.462745098039216","0.694117647058824,0.329411764705882,0.454901960784314",Color/Palettes/Process/PANTONE/PANTONE+/PantonePlusColorBridgeCoated.xml,2026-02-11 17:29:00
PANTONE 4074 CP,4074,2200,true,11.0,100.0,9.0,47.0,"0.11,1.0,0.09,0.47","0.3286,0.692156862745098,0.50443137254902",138,32,79,#8A204F,"0.541176470588235,0.125490196078431,0.309803921568627","0.462745098039216,0.145098039215686,0.309803921568627",Color/Palettes/Process/PANTONE/PANTONE+/PantonePlusColorBridgeCoated.xml,2026-02-11 17:29:00
PANTONE 4075 CP,4075,2200,true,21.0,87.0,24.0,37.0,"0.21,0.87,0.24,0.37","0.3764,0.655137254901961,0.514470588235294",141,59,85,#8D3B55,"0.552941176470588,0.231372549019608,0.333333333333333","0.482352941176471,0.23921568627451,0.333333333333333",Color/Palettes/Process/PANTONE/PANTONE+/PantonePlusColorBridgeCoated.xml,2026-02-11 17:29:00
PANTONE 4076 CP,4076,2200,true,29.0,77.0,28.0,31.0,"0.29,0.77,0.28,0.31","0.4105,0.622352941176471,0.511254901960784",139,76,94,#8B4C5E,"0.545098039215686,0.298039215686275,0.368627450980392","0.486274509803922,0.301960784313725,0.368627450980392",Color/Palettes/Process/PANTONE/PANTONE+/PantonePlusColorBridgeCoated.xml,2026-02-11 17:29:00
PANTONE 4077 CP,4077,2200,true,26.0,75.0,35.0,32.0,"0.26,0.75,0.35,0.32","0.4133,0.620313725490196,0.527058823529412",141,77,88,#8D4D58,"0.552941176470588,0.301960784313725,0.345098039215686","0.494117647058824,0.305882352941176,0.345098039215686",Color/Palettes/Process/PANTONE/PANTONE+/PantonePlusColorBridgeCoated.xml,2026-02-11 17:29:00
PANTONE 4078 CP,4078,2200,true,2.0,25.0,0.0,0.0,"0.02,0.25,0.0,0.0","0.8141,0.575607843137255,0.485882352941176",232,190,211,#E8BED3,"0.909803921568627,0.745098039215686,0.827450980392157","0.862745098039216,0.741176470588235,0.819607843137255",Color/Palettes/Process/PANTONE/PANTONE+/PantonePlusColorBridgeCoated.xml,2026-02-11 17:29:00
PANTONE 4079 CP,4079,2200,true,14.0,36.0,0.0,0.0,"0.14,0.36,0.0,0.0","0.7114,0.58356862745098,0.472549019607843",204,161,188,#CCA1BC,"0.8,0.631372549019608,0.737254901960784","0.749019607843137,0.627450980392157,0.729411764705882",Color/Palettes/Process/PANTONE/PANTONE+/PantonePlusColorBridgeCoated.xml,2026-02-11 17:29:00
PANTONE 4080 CP,4080,2200,true,13.0,31.0,0.0,0.0,"0.13,0.31,0.0,0.0","0.7382,0.573254901960784,0.466941176470588",206,170,198,#CEAAC6,"0.807843137254902,0.666666666666667,0.776470588235294","0.764705882352941,0.662745098039216,0.768627450980392",Color/Palettes/Process/PANTONE/PANTONE+/PantonePlusColorBridgeCoated.xml,2026-02-11 17:29:00
PANTONE 4081 CP,4081,2200,true,27.0,42.0,9.0,3.0,"0.27,0.42,0.09,0.03","0.6246,0.567686274509804,0.470588235294118",173,141,165,#AD8DA5,"0.67843137254902,0.552941176470588,0.647058823529412","0.63921568627451,0.549019607843137,0.63921568627451",Color/Palettes/Process/PANTONE/PANTONE+/PantonePlusColorBridgeCoated.xml,2026-02-11 17:29:00
PANTONE 4082 CP,4082,2200,true,29.0,66.0,5.0,5.0,"0.29,0.66,0.05,0.05","0.5132,0.633372549019608,0.454509803921569",165,100,144,#A56490,"0.647058823529412,0.392156862745098,0.564705882352941","0.584313725490196,0.392156862745098,0.552941176470588",Color/Palettes/Process/PANTONE/PANTONE+/PantonePlusColorBridgeCoated.xml,2026-02-11 17:29:00
PANTONE 4083 CP,4083,2200,true,50.0,71.0,1.0,3.0,"0.5,0.71,0.01,0.03","0.4621,0.607882352941176,0.413921568627451",137,93,148,#895D94,"0.537254901960784,0.364705882352941,0.580392156862745","0.490196078431373,0.364705882352941,0.568627450980392",Color/Palettes/Process/PANTONE/PANTONE+/PantonePlusColorBridgeCoated.xml,2026-02-11 17:29:00
PANTONE 4084 CP,4084,2200,true,46.0,82.0,13.0,28.0,"0.46,0.82,0.13,0.28","0.3525,0.613921568627451,0.452901960784314",116,65,104,#744168,"0.454901960784314,0.254901960784314,0.407843137254902","0.407843137254902,0.262745098039216,0.4",Color/Palettes/Process/PANTONE/PANTONE+/PantonePlusColorBridgeCoated.xml,2026-02-11 17:29:00
PANTONE 4085 CP,4085,2200,true,17.0,24.0,21.0,0.0,"0.17,0.24,0.21,0.0","0.742,0.528588235294118,0.542980392156863",198,178,163,#C6B2A3,"0.776470588235294,0.698039215686274,0.63921568627451","0.749019607843137,0.694117647058824,0.635294117647059",Color/Palettes/Process/PANTONE/PANTONE+/PantonePlusColorBridgeCoated.xml,2026-02-11 17:29:00
PANTONE 4086 CP,4086,2200,true,21.0,31.0,20.0,2.0,"0.21,0.31,0.2,0.02","0.6869,0.544039215686274,0.527803921568627",187,161,156,#BBA19C,"0.733333333333333,0.631372549019608,0.611764705882353","0.701960784313725,0.627450980392157,0.603921568627451",Color/Palettes/Process/PANTONE/PANTONE+/PantonePlusColorBridgeCoated.xml,2026-02-11 17:29:00
PANTONE 4087 CP,4087,2200,true,22.0,33.0,27.0,4.0,"0.22,0.33,0.27,0.04","0.6623,0.542980392156863,0.544392156862745",182,155,142,#B69B8E,"0.713725490196078,0.607843137254902,0.556862745098039","0.67843137254902,0.6,0.552941176470588",Color/Palettes/Process/PANTONE/PANTONE+/PantonePlusColorBridgeCoated.xml,2026-02-11 17:29:00
PANTONE 4088 CP,4088,2200,true,26.0,39.0,36.0,10.0,"0.26,0.39,0.36,0.1","0.6027,0.546980392156863,0.553607843137255",168,138,122,#A88A7A,"0.658823529411765,0.541176470588235,0.47843137254902","0.623529411764706,0.537254901960784,0.47843137254902",Color/Palettes/Process/PANTONE/PANTONE+/PantonePlusColorBridgeCoated.xml,2026-02-11 17:29:00
PANTONE 4089 CP,4089,2200,true,29.0,39.0,31.0,9.0,"0.29,0.39,0.31,0.09","0.5934,0.544196078431373,0.536509803921569",163,137,127,#A3897F,"0.63921568627451,0.537254901960784,0.498039215686275","0.607843137254902,0.529411764705882,0.498039215686275",Color/Palettes/Process/PANTONE/PANTONE+/PantonePlusColorBridgeCoated.xml,2026-02-11 17:29:00
PANTONE 4090 CP,4090,2200,true,32.0,46.0,45.0,21.0,"0.32,0.46,0.45,0.21","0.5151,0.546666666666667,0.561019607843137",145,116,97,#917461,"0.568627450980392,0.454901960784314,0.380392156862745","0.533333333333333,0.450980392156863,0.384313725490196",Color/Palettes/Process/PANTONE/PANTONE+/PantonePlusColorBridgeCoated.xml,2026-02-11 17:29:00
PANTONE 4091 CP,4091,2200,true,38.0,55.0,44.0,28.0,"0.38,0.55,0.44,0.28","0.4357,0.556078431372549,0.545254901960784",126,95,85,#7E5F55,"0.494117647058824,0.372549019607843,0.333333333333333","0.462745098039216,0.372549019607843,0.337254901960784",Color/Palettes/Process/PANTONE/PANTONE+/PantonePlusColorBridgeCoated.xml,2026-02-11 17:29:00
PANTONE 4092 CP,4092,2200,true,15.0,34.0,8.0,0.0,"0.15,0.34,0.08,0.0","0.7194,0.55756862745098,0.508235294117647",200,168,174,#C8A8AE,"0.784313725490196,0.658823529411765,0.682352941176471","0.745098039215686,0.650980392156863,0.674509803921569",Color/Palettes/Process/PANTONE/PANTONE+/PantonePlusColorBridgeCoated.xml,2026-02-11 17:29:00
PANTONE 4093 CP,4093,2200,true,25.0,40.0,24.0,6.0,"0.25,0.4,0.24,0.06","0.6244,0.550196078431373,0.525921568627451",173,144,140,#AD908C,"0.67843137254902,0.564705882352941,0.549019607843137","0.63921568627451,0.556862745098039,0.545098039215686",Color/Palettes/Process/PANTONE/PANTONE+/PantonePlusColorBridgeCoated.xml,2026-02-11 17:29:00
PANTONE 4094 CP,4094,2200,true,33.0,56.0,28.0,17.0,"0.33,0.56,0.28,0.17","0.4962,0.576078431372549,0.501803921568627",145,107,119,#916B77,"0.568627450980392,0.419607843137255,0.466666666666667","0.529411764705882,0.415686274509804,0.458823529411765",Color/Palettes/Process/PANTONE/PANTONE+/PantonePlusColorBridgeCoated.xml,2026-02-11 17:29:00
PANTONE 4095 CP,4095,2200,true,33.0,64.0,27.0,21.0,"0.33,0.64,0.27,0.21","0.4549,0.596901960784314,0.500196078431373",142,92,109,#8E5C6D,"0.556862745098039,0.36078431372549,0.427450980392157","0.505882352941176,0.364705882352941,0.423529411764706",Color/Palettes/Process/PANTONE/PANTONE+/PantonePlusColorBridgeCoated.xml,2026-02-11 17:29:00
PANTONE 4096 CP,4096,2200,true,30.0,69.0,46.0,38.0,"0.3,0.69,0.46,0.38","0.389,0.592549019607843,0.523686274509804",125,77,83,#7D4D53,"0.490196078431373,0.301960784313725,0.325490196078431","0.443137254901961,0.305882352941176,0.329411764705882",Color/Palettes/Process/PANTONE/PANTONE+/PantonePlusColorBridgeCoated.xml,2026-02-11 17:29:00
PANTONE 4097 CP,4097,2200,true,35.0,66.0,43.0,36.0,"0.35,0.66,0.43,0.36","0.4052,0.583137254901961,0.519882352941176",126,83,89,#7E5359,"0.494117647058824,0.325490196078431,0.349019607843137","0.450980392156863,0.329411764705882,0.349019607843137",Color/Palettes/Process/PANTONE/PANTONE+/PantonePlusColorBridgeCoated.xml,2026-02-11 17:29:00
PANTONE 4098 CP,4098,2200,true,35.0,65.0,59.0,49.0,"0.35,0.65,0.59,0.49","0.3605,0.567490196078431,0.54243137254902",111,75,69,#6F4B45,"0.435294117647059,0.294117647058824,0.270588235294118","0.4,0.298039215686275,0.27843137254902",Color/Palettes/Process/PANTONE/PANTONE+/PantonePlusColorBridgeCoated.xml,2026-02-11 17:29:00
PANTONE 4099 CP,4099,2200,true,23.0,44.0,30.0,9.0,"0.23,0.44,0.3,0.09","0.605,0.564117647058824,0.530705882352941",173,136,133,#AD8885,"0.67843137254902,0.533333333333333,0.52156862745098","0.635294117647059,0.529411764705882,0.517647058823529",Color/Palettes/Process/PANTONE/PANTONE+/PantonePlusColorBridgeCoated.xml,2026-02-11 17:29:00
PANTONE 4100 CP,4100,2200,true,28.0,66.0,48.0,35.0,"0.28,0.66,0.48,0.35","0.4253,0.590117647058824,0.532862745098039",134,86,88,#865658,"0.525490196078431,0.337254901960784,0.345098039215686","0.47843137254902,0.341176470588235,0.349019607843137",Color/Palettes/Process/PANTONE/PANTONE+/PantonePlusColorBridgeCoated.xml,2026-02-11 17:29:00
PANTONE 4101 CP,4101,2200,true,4.0,100.0,59.0,67.0,"0.04,1.0,0.59,0.67","0.2925,0.634745098039216,0.541725490196078",114,44,55,#722C37,"0.447058823529412,0.172549019607843,0.215686274509804","0.392156862745098,0.188235294117647,0.223529411764706",Color/Palettes/Process/PANTONE/PANTONE+/PantonePlusColorBridgeCoated.xml,2026-02-11 17:29:00
PANTONE 4102 CP,4102,2200,true,5.0,100.0,50.0,74.0,"0.05,1.0,0.5,0.74","0.2601,0.636,0.534078431372549",105,35,51,#692333,"0.411764705882353,0.137254901960784,0.2","0.36078431372549,0.156862745098039,0.211764705882353",Color/Palettes/Process/PANTONE/PANTONE+/PantonePlusColorBridgeCoated.xml,2026-02-11 17:29:00
PANTONE 4103 CP,4103,2200,true,29.0,92.0,41.0,70.0,"0.29,0.92,0.41,0.7","0.2675,0.601647058823529,0.513764705882353",96,47,60,#602F3C,"0.376470588235294,0.184313725490196,0.235294117647059","0.337254901960784,0.196078431372549,0.243137254901961",Color/Palettes/Process/PANTONE/PANTONE+/PantonePlusColorBridgeCoated.xml,2026-02-11 17:29:00
PANTONE 4104 CP,4104,2200,true,45.0,70.0,54.0,57.0,"0.45,0.7,0.54,0.57","0.3244,0.559019607843137,0.518823529411765",97,68,70,#614446,"0.380392156862745,0.266666666666667,0.274509803921569","0.352941176470588,0.274509803921569,0.27843137254902",Color/Palettes/Process/PANTONE/PANTONE+/PantonePlusColorBridgeCoated.xml,2026-02-11 17:29:00
PANTONE 4105 CP,4105,2200,true,27.0,67.0,68.0,54.0,"0.27,0.67,0.68,0.54","0.3429,0.572745098039216,0.548",108,70,63,#6C463F,"0.423529411764706,0.274509803921569,0.247058823529412","0.388235294117647,0.27843137254902,0.254901960784314",Color/Palettes/Process/PANTONE/PANTONE+/PantonePlusColorBridgeCoated.xml,2026-02-11 17:29:00
PANTONE 4106 CP,4106,2200,true,18.0,31.0,13.0,1.0,"0.18,0.31,0.13,0.01","0.7183,0.553176470588235,0.50678431372549",197,168,174,#C5A8AE,"0.772549019607843,0.658823529411765,0.682352941176471","0.737254901960784,0.654901960784314,0.674509803921569",Color/Palettes/Process/PANTONE/PANTONE+/PantonePlusColorBridgeCoated.xml,2026-02-11 17:29:00
PANTONE 4107 CP,4107,2200,true,28.0,40.0,13.0,3.0,"0.28,0.4,0.13,0.03","0.6433,0.55721568627451,0.485372549019608",176,148,164,#B094A4,"0.690196078431373,0.580392156862745,0.643137254901961","0.654901960784314,0.572549019607843,0.635294117647059",Color/Palettes/Process/PANTONE/PANTONE+/PantonePlusColorBridgeCoated.xml,2026-02-11 17:29:00
PANTONE 4108 CP,4108,2200,true,30.0,47.0,16.0,6.0,"0.3,0.47,0.16,0.06","0.606,0.565607843137255,0.489647058823529",169,137,152,#A98998,"0.662745098039216,0.537254901960784,0.596078431372549","0.623529411764706,0.529411764705882,0.588235294117647",Color/Palettes/Process/PANTONE/PANTONE+/PantonePlusColorBridgeCoated.xml,2026-02-11 17:29:00
PANTONE 4109 CP,4109,2200,true,31.0,51.0,20.0,9.0,"0.31,0.51,0.2,0.09","0.5751,0.572941176470588,0.493058823529412",164,127,142,#A47F8E,"0.643137254901961,0.498039215686275,0.556862745098039","0.6,0.494117647058824,0.552941176470588",Color/Palettes/Process/PANTONE/PANTONE+/PantonePlusColorBridgeCoated.xml,2026-02-11 17:29:00
PANTONE 4110 CP,4110,2200,true,40.0,53.0,23.0,14.0,"0.4,0.53,0.23,0.14","0.5319,0.560901960784314,0.48678431372549",147,119,134,#937786,"0.576470588235294,0.466666666666667,0.525490196078431","0.545098039215686,0.462745098039216,0.517647058823529",Color/Palettes/Process/PANTONE/PANTONE+/PantonePlusColorBridgeCoated.xml,2026-02-11 17:29:00
PANTONE 4111 CP,4111,2200,true,42.0,63.0,28.0,24.0,"0.42,0.63,0.28,0.24","0.4566,0.577490196078431,0.492980392156863",135,97,112,#876170,"0.529411764705882,0.380392156862745,0.43921568627451","0.486274509803922,0.380392156862745,0.435294117647059",Color/Palettes/Process/PANTONE/PANTONE+/PantonePlusColorBridgeCoated.xml,2026-02-11 17:29:00
PANTONE 4112 CP,4112,2200,true,36.0,52.0,33.0,18.0,"0.36,0.52,0.33,0.18","0.5219,0.557372549019608,0.51078431372549",146,116,121,#927479,"0.572549019607843,0.454901960784314,0.474509803921569","0.537254901960784,0.454901960784314,0.470588235294118",Color/Palettes/Process/PANTONE/PANTONE+/PantonePlusColorBridgeCoated.xml,2026-02-11 17:29:00
PANTONE 4113 CP,4113,2200,true,31.0,39.0,25.0,7.0,"0.31,0.39,0.25,0.07","0.5981,0.533607843137255,0.506862745098039",156,140,142,#9C8C8E,"0.611764705882353,0.549019607843137,0.556862745098039","0.592156862745098,0.545098039215686,0.549019607843137",Color/Palettes/Process/PANTONE/PANTONE+/PantonePlusColorBridgeCoated.xml,2026-02-11 17:29:00
PANTONE 4114 CP,4114,2200,true,34.0,38.0,23.0,7.0,"0.34,0.38,0.23,0.07","0.5885,0.530705882352941,0.498745098039216",152,138,143,#988A8F,"0.596078431372549,0.541176470588235,0.56078431372549","0.576470588235294,0.537254901960784,0.552941176470588",Color/Palettes/Process/PANTONE/PANTONE+/PantonePlusColorBridgeCoated.xml,2026-02-11 17:29:00
PANTONE 4115 CP,4115,2200,true,35.0,43.0,30.0,12.0,"0.35,0.43,0.3,0.12","0.5563,0.534039215686275,0.503137254901961",145,129,133,#918185,"0.568627450980392,0.505882352941176,0.52156862745098","0.549019607843137,0.501960784313725,0.513725490196078",Color/Palettes/Process/PANTONE/PANTONE+/PantonePlusColorBridgeCoated.xml,2026-02-11 17:29:00
PANTONE 4116 CP,4116,2200,true,34.0,41.0,32.0,11.0,"0.34,0.41,0.32,0.11","0.5558,0.532901960784314,0.506470588235294",145,129,131,#918183,"0.568627450980392,0.505882352941176,0.513725490196078","0.545098039215686,0.501960784313725,0.509803921568627",Color/Palettes/Process/PANTONE/PANTONE+/PantonePlusColorBridgeCoated.xml,2026-02-11 17:29:00
PANTONE 4117 CP,4117,2200,true,52.0,54.0,26.0,19.0,"0.52,0.54,0.26,0.19","0.4463,0.534352941176471,0.471843137254902",113,102,118,#716676,"0.443137254901961,0.4,0.462745098039216","0.427450980392157,0.4,0.458823529411765",Color/Palettes/Process/PANTONE/PANTONE+/PantonePlusColorBridgeCoated.xml,2026-02-11 17:29:00
PANTONE 4118 CP,4118,2200,true,68.0,74.0,27.0,47.0,"0.68,0.74,0.27,0.47","0.3034,0.533921568627451,0.466156862745098",77,68,86,#4D4456,"0.301960784313725,0.266666666666667,0.337254901960784","0.298039215686275,0.274509803921569,0.337254901960784",Color/Palettes/Process/PANTONE/PANTONE+/PantonePlusColorBridgeCoated.xml,2026-02-11 17:29:00
PANTONE 4119 CP,4119,2200,true,69.0,71.0,37.0,56.0,"0.69,0.71,0.37,0.56","0.2914,0.518627450980392,0.483882352941176",71,67,76,#47434C,"0.27843137254902,0.262745098039216,0.298039215686275","0.282352941176471,0.270588235294118,0.298039215686275",Color/Palettes/Process/PANTONE/PANTONE+/PantonePlusColorBridgeCoated.xml,2026-02-11 17:29:00
PANTONE 4120 CP,4120,2200,true,26.0,29.0,0.0,0.0,"0.26,0.29,0.0,0.0","0.7213,0.548039215686275,0.43843137254902",186,171,206,#BAABCE,"0.729411764705882,0.670588235294118,0.807843137254902","0.705882352941177,0.662745098039216,0.8",Color/Palettes/Process/PANTONE/PANTONE+/PantonePlusColorBridgeCoated.xml,2026-02-11 17:29:00
PANTONE 4121 CP,4121,2200,true,40.0,44.0,0.0,0.0,"0.4,0.44,0.0,0.0","0.6172,0.554941176470588,0.42878431372549",159,142,182,#9F8EB6,"0.623529411764706,0.556862745098039,0.713725490196078","0.6,0.552941176470588,0.701960784313725",Color/Palettes/Process/PANTONE/PANTONE+/PantonePlusColorBridgeCoated.xml,2026-02-11 17:29:00
PANTONE 4122 CP,4122,2200,true,60.0,60.0,0.0,0.0,"0.6,0.6,0.0,0.0","0.5277,0.563372549019608,0.382196078431373",130,118,179,#8276B3,"0.509803921568627,0.462745098039216,0.701960784313725","0.494117647058824,0.462745098039216,0.686274509803922",Color/Palettes/Process/PANTONE/PANTONE+/PantonePlusColorBridgeCoated.xml,2026-02-11 17:29:00
PANTONE 4123 CP,4123,2200,true,34.0,27.0,7.0,1.0,"0.34,0.27,0.07,0.01","0.6883,0.516549019607843,0.469176470588235",168,167,183,#A8A7B7,"0.658823529411765,0.654901960784314,0.717647058823529","0.650980392156863,0.647058823529412,0.705882352941177",Color/Palettes/Process/PANTONE/PANTONE+/PantonePlusColorBridgeCoated.xml,2026-02-11 17:29:00
PANTONE 4124 CP,4124,2200,true,45.0,37.0,6.0,3.0,"0.45,0.37,0.06,0.03","0.6182,0.525725490196078,0.445843137254902",149,147,174,#9593AE,"0.584313725490196,0.576470588235294,0.682352941176471","0.576470588235294,0.572549019607843,0.674509803921569",Color/Palettes/Process/PANTONE/PANTONE+/PantonePlusColorBridgeCoated.xml,2026-02-11 17:29:00
PANTONE 4125 CP,4125,2200,true,63.0,55.0,23.0,22.0,"0.63,0.55,0.23,0.22","0.442,0.520470588235294,0.455921568627451",103,103,124,#67677C,"0.403921568627451,0.403921568627451,0.486274509803922","0.403921568627451,0.403921568627451,0.47843137254902",Color/Palettes/Process/PANTONE/PANTONE+/PantonePlusColorBridgeCoated.xml,2026-02-11 17:29:00
PANTONE 4126 CP,4126,2200,true,68.0,74.0,16.0,32.0,"0.68,0.74,0.16,0.32","0.3547,0.550117647058823,0.441921568627451",92,78,108,#5C4E6C,"0.36078431372549,0.305882352941176,0.423529411764706","0.349019607843137,0.309803921568627,0.415686274509804",Color/Palettes/Process/PANTONE/PANTONE+/PantonePlusColorBridgeCoated.xml,2026-02-11 17:29:00
PANTONE 4127 CP,4127,2200,true,49.0,41.0,18.0,9.0,"0.49,0.41,0.18,0.09","0.5517,0.521058823529412,0.474980392156863",134,130,144,#868290,"0.525490196078431,0.509803921568627,0.564705882352941","0.517647058823529,0.505882352941176,0.556862745098039",Color/Palettes/Process/PANTONE/PANTONE+/PantonePlusColorBridgeCoated.xml,2026-02-11 17:29:00
PANTONE 4128 CP,4128,2200,true,56.0,47.0,21.0,15.0,"0.56,0.47,0.21,0.15","0.4991,0.515019607843137,0.468470588235294",117,118,133,#757685,"0.458823529411765,0.462745098039216,0.52156862745098","0.458823529411765,0.458823529411765,0.513725490196078",Color/Palettes/Process/PANTONE/PANTONE+/PantonePlusColorBridgeCoated.xml,2026-02-11 17:29:00
PANTONE 4129 CP,4129,2200,true,58.0,45.0,26.0,17.0,"0.58,0.45,0.26,0.17","0.4923,0.507921568627451,0.469960784313726",113,117,130,#717582,"0.443137254901961,0.458823529411765,0.509803921568627","0.447058823529412,0.458823529411765,0.505882352941176",Color/Palettes/Process/PANTONE/PANTONE+/PantonePlusColorBridgeCoated.xml,2026-02-11 17:29:00
PANTONE 4130 CP,4130,2200,true,68.0,53.0,28.0,28.0,"0.68,0.53,0.28,0.28","0.412,0.508078431372549,0.463686274509804",92,97,113,#5C6171,"0.36078431372549,0.380392156862745,0.443137254901961","0.368627450980392,0.380392156862745,0.43921568627451",Color/Palettes/Process/PANTONE/PANTONE+/PantonePlusColorBridgeCoated.xml,2026-02-11 17:29:00
PANTONE 4131 CP,4131,2200,true,71.0,60.0,30.0,38.0,"0.71,0.6,0.3,0.38","0.3566,0.519921568627451,0.466078431372549",84,82,98,#545262,"0.329411764705882,0.32156862745098,0.384313725490196","0.333333333333333,0.325490196078431,0.384313725490196",Color/Palettes/Process/PANTONE/PANTONE+/PantonePlusColorBridgeCoated.xml,2026-02-11 17:29:00
PANTONE 4132 CP,4132,2200,true,74.0,67.0,34.0,53.0,"0.74,0.67,0.34,0.53","0.2956,0.521137254901961,0.475647058823529",72,68,80,#484450,"0.282352941176471,0.266666666666667,0.313725490196078","0.282352941176471,0.274509803921569,0.313725490196078",Color/Palettes/Process/PANTONE/PANTONE+/PantonePlusColorBridgeCoated.xml,2026-02-11 17:29:00
PANTONE 4133 CP,4133,2200,true,73.0,66.0,39.0,56.0,"0.73,0.66,0.39,0.56","0.2852,0.519372549019608,0.482980392156863",70,66,74,#46424A,"0.274509803921569,0.258823529411765,0.290196078431373","0.27843137254902,0.266666666666667,0.294117647058824",Color/Palettes/Process/PANTONE/PANTONE+/PantonePlusColorBridgeCoated.xml,2026-02-11 17:29:00
PANTONE 4134 CP,4134,2200,true,35.0,28.0,13.0,2.0,"0.35,0.28,0.13,0.02","0.6702,0.513529411764706,0.482117647058824",164,162,172,#A4A2AC,"0.643137254901961,0.635294117647059,0.674509803921569","0.635294117647059,0.631372549019608,0.666666666666667",Color/Palettes/Process/PANTONE/PANTONE+/PantonePlusColorBridgeCoated.xml,2026-02-11 17:29:00
PANTONE 4135 CP,4135,2200,true,52.0,38.0,16.0,8.0,"0.52,0.38,0.16,0.08","0.57,0.50878431372549,0.466901960784314",132,137,152,#848998,"0.517647058823529,0.537254901960784,0.596078431372549","0.52156862745098,0.533333333333333,0.588235294117647",Color/Palettes/Process/PANTONE/PANTONE+/PantonePlusColorBridgeCoated.xml,2026-02-11 17:29:00
PANTONE 4136 CP,4136,2200,true,62.0,44.0,23.0,17.0,"0.62,0.44,0.23,0.17","0.5009,0.498274509803922,0.467411764705882",110,121,133,#6E7985,"0.431372549019608,0.474509803921569,0.52156862745098","0.443137254901961,0.470588235294118,0.517647058823529",Color/Palettes/Process/PANTONE/PANTONE+/PantonePlusColorBridgeCoated.xml,2026-02-11 17:29:00
PANTONE 4137 CP,4137,2200,true,74.0,49.0,22.0,27.0,"0.74,0.49,0.22,0.27","0.4453,0.492196078431373,0.456078431372549",91,108,124,#5B6C7C,"0.356862745098039,0.423529411764706,0.486274509803922","0.380392156862745,0.419607843137255,0.482352941176471",Color/Palettes/Process/PANTONE/PANTONE+/PantonePlusColorBridgeCoated.xml,2026-02-11 17:29:00
PANTONE 4138 CP,4138,2200,true,70.0,49.0,26.0,27.0,"0.7,0.49,0.26,0.27","0.4448,0.493843137254902,0.463176470588235",94,107,121,#5E6B79,"0.368627450980392,0.419607843137255,0.474509803921569","0.384313725490196,0.419607843137255,0.470588235294118",Color/Palettes/Process/PANTONE/PANTONE+/PantonePlusColorBridgeCoated.xml,2026-02-11 17:29:00
PANTONE 4139 CP,4139,2200,true,70.0,53.0,29.0,31.0,"0.7,0.53,0.29,0.31","0.4288,0.498627450980392,0.472901960784314",94,103,113,#5E6771,"0.368627450980392,0.403921568627451,0.443137254901961","0.376470588235294,0.403921568627451,0.43921568627451",Color/Palettes/Process/PANTONE/PANTONE+/PantonePlusColorBridgeCoated.xml,2026-02-11 17:29:00
PANTONE 4140 CP,4140,2200,true,75.0,63.0,40.0,55.0,"0.75,0.63,0.4,0.55","0.3278,0.500901960784314,0.489411764705882",74,78,82,#4A4E52,"0.290196078431373,0.305882352941176,0.32156862745098","0.298039215686275,0.309803921568627,0.32156862745098",Color/Palettes/Process/PANTONE/PANTONE+/PantonePlusColorBridgeCoated.xml,2026-02-11 17:29:00
PANTONE 4141 CP,4141,2200,true,78.0,60.0,0.0,0.0,"0.78,0.6,0.0,0.0","0.4483,0.520352941176471,0.366392156862745",84,106,164,#546AA4,"0.329411764705882,0.415686274509804,0.643137254901961","0.356862745098039,0.415686274509804,0.627450980392157",Color/Palettes/Process/PANTONE/PANTONE+/PantonePlusColorBridgeCoated.xml,2026-02-11 17:29:00
PANTONE 4142 CP,4142,2200,true,84.0,68.0,5.0,19.0,"0.84,0.68,0.05,0.19","0.3615,0.523058823529412,0.393176470588235",72,84,129,#485481,"0.282352941176471,0.329411764705882,0.505882352941176","0.301960784313725,0.333333333333333,0.498039215686275",Color/Palettes/Process/PANTONE/PANTONE+/PantonePlusColorBridgeCoated.xml,2026-02-11 17:29:00
PANTONE 4143 CP,4143,2200,true,76.0,56.0,20.0,29.0,"0.76,0.56,0.2,0.29","0.3824,0.502705882352941,0.435294117647059",77,91,117,#4D5B75,"0.301960784313725,0.356862745098039,0.458823529411765","0.32156862745098,0.36078431372549,0.450980392156863",Color/Palettes/Process/PANTONE/PANTONE+/PantonePlusColorBridgeCoated.xml,2026-02-11 17:29:00
PANTONE 4144 CP,4144,2200,true,79.0,72.0,17.0,43.0,"0.79,0.72,0.17,0.43","0.3023,0.529607843137255,0.436705882352941",71,69,97,#474561,"0.27843137254902,0.270588235294118,0.380392156862745","0.282352941176471,0.274509803921569,0.376470588235294",Color/Palettes/Process/PANTONE/PANTONE+/PantonePlusColorBridgeCoated.xml,2026-02-11 17:29:00
PANTONE 4145 CP,4145,2200,true,87.0,73.0,15.0,57.0,"0.87,0.73,0.15,0.57","0.2531,0.52,0.443450980392157",57,59,82,#393B52,"0.223529411764706,0.231372549019608,0.32156862745098","0.235294117647059,0.23921568627451,0.32156862745098",Color/Palettes/Process/PANTONE/PANTONE+/PantonePlusColorBridgeCoated.xml,2026-02-11 17:29:00
PANTONE 4146 CP,4146,2200,true,100.0,82.0,0.0,81.0,"1.0,0.82,0.0,0.81","0.1614,0.519254901960784,0.430392156862745",34,39,66,#222742,"0.133333333333333,0.152941176470588,0.258823529411765","0.156862745098039,0.168627450980392,0.262745098039216",Color/Palettes/Process/PANTONE/PANTONE+/PantonePlusColorBridgeCoated.xml,2026-02-11 17:29:00
PANTONE 4147 CP,4147,2200,true,95.0,90.0,0.0,70.0,"0.95,0.9,0.0,0.7","0.1949,0.534196078431373,0.429764705882353",47,44,74,#2F2C4A,"0.184313725490196,0.172549019607843,0.290196078431373","0.196078431372549,0.188235294117647,0.294117647058824",Color/Palettes/Process/PANTONE/PANTONE+/PantonePlusColorBridgeCoated.xml,2026-02-11 17:29:00
PANTONE 4148 CP,4148,2200,true,62.0,22.0,12.0,5.0,"0.62,0.22,0.12,0.05","0.6045,0.455254901960784,0.437372549019608",107,154,173,#6B9AAD,"0.419607843137255,0.603921568627451,0.67843137254902","0.47843137254902,0.596078431372549,0.670588235294118",Color/Palettes/Process/PANTONE/PANTONE+/PantonePlusColorBridgeCoated.xml,2026-02-11 17:29:00
PANTONE 4149 CP,4149,2200,true,46.0,20.0,4.0,1.0,"0.46,0.2,0.04,0.01","0.6752,0.47956862745098,0.438901960784314",140,169,192,#8CA9C0,"0.549019607843137,0.662745098039216,0.752941176470588","0.580392156862745,0.658823529411765,0.745098039215686",Color/Palettes/Process/PANTONE/PANTONE+/PantonePlusColorBridgeCoated.xml,2026-02-11 17:29:00
PANTONE 4150 CP,4150,2200,true,70.0,43.0,0.0,0.0,"0.7,0.43,0.0,0.0","0.5301,0.497058823529412,0.372666666666667",94,130,183,#5E82B7,"0.368627450980392,0.509803921568627,0.717647058823529","0.411764705882353,0.505882352941176,0.701960784313725",Color/Palettes/Process/PANTONE/PANTONE+/PantonePlusColorBridgeCoated.xml,2026-02-11 17:29:00
PANTONE 4151 CP,4151,2200,true,100.0,52.0,0.0,0.0,"1.0,0.52,0.0,0.0","0.4168,0.458627450980392,0.331450980392157",0,107,170,#006BAA,"0.0,0.419607843137255,0.666666666666667","0.2,0.419607843137255,0.650980392156863",Color/Palettes/Process/PANTONE/PANTONE+/PantonePlusColorBridgeCoated.xml,2026-02-11 17:29:00
PANTONE 4152 CP,4152,2200,true,99.0,67.0,0.0,4.0,"0.99,0.67,0.0,0.04","0.3405,0.50643137254902,0.34556862745098",35,82,144,#235290,"0.137254901960784,0.32156862745098,0.564705882352941","0.219607843137255,0.325490196078431,0.549019607843137",Color/Palettes/Process/PANTONE/PANTONE+/PantonePlusColorBridgeCoated.xml,2026-02-11 17:29:00
PANTONE 4153 CP,4153,2200,true,98.0,67.0,0.0,13.0,"0.98,0.67,0.0,0.13","0.3321,0.504666666666667,0.357490196078431",38,80,136,#265088,"0.149019607843137,0.313725490196078,0.533333333333333","0.223529411764706,0.317647058823529,0.525490196078431",Color/Palettes/Process/PANTONE/PANTONE+/PantonePlusColorBridgeCoated.xml,2026-02-11 17:29:00
PANTONE 4154 CP,4154,2200,true,100.0,67.0,0.0,33.0,"1.0,0.67,0.0,0.33","0.2934,0.498313725490196,0.373490196078431",31,72,120,#1F4878,"0.12156862745098,0.282352941176471,0.470588235294118","0.196078431372549,0.286274509803922,0.462745098039216",Color/Palettes/Process/PANTONE/PANTONE+/PantonePlusColorBridgeCoated.xml,2026-02-11 17:29:00
PANTONE 4155 CP,4155,2200,true,25.0,9.0,9.0,0.0,"0.25,0.09,0.09,0.0","0.7897,0.483529411764706,0.495294117647059",184,199,198,#B8C7C6,"0.72156862745098,0.780392156862745,0.776470588235294","0.733333333333333,0.776470588235294,0.768627450980392",Color/Palettes/Process/PANTONE/PANTONE+/PantonePlusColorBridgeCoated.xml,2026-02-11 17:29:00
PANTONE 4156 CP,4156,2200,true,40.0,8.0,9.0,0.0,"0.4,0.08,0.09,0.0","0.7522,0.456313725490196,0.472509803921569",156,193,198,#9CC1C6,"0.611764705882353,0.756862745098039,0.776470588235294","0.650980392156863,0.752941176470588,0.768627450980392",Color/Palettes/Process/PANTONE/PANTONE+/PantonePlusColorBridgeCoated.xml,2026-02-11 17:29:00
PANTONE 4157 CP,4157,2200,true,60.0,9.0,12.0,1.0,"0.6,0.09,0.12,0.01","0.6777,0.429333333333333,0.448352941176471",113,177,188,#71B1BC,"0.443137254901961,0.694117647058824,0.737254901960784","0.525490196078431,0.686274509803922,0.729411764705882",Color/Palettes/Process/PANTONE/PANTONE+/PantonePlusColorBridgeCoated.xml,2026-02-11 17:29:00
PANTONE 4158 CP,4158,2200,true,75.0,27.0,18.0,14.0,"0.75,0.27,0.18,0.14","0.5046,0.446196078431373,0.441490196078431",76,129,145,#4C8191,"0.298039215686275,0.505882352941176,0.568627450980392","0.372549019607843,0.501960784313725,0.56078431372549",Color/Palettes/Process/PANTONE/PANTONE+/PantonePlusColorBridgeCoated.xml,2026-02-11 17:29:00
PANTONE 4159 CP,4159,2200,true,100.0,38.0,0.0,37.0,"1.0,0.38,0.0,0.37","0.357,0.441058823529412,0.373686274509804",0,94,136,#005E88,"0.0,0.368627450980392,0.533333333333333","0.168627450980392,0.368627450980392,0.52156862745098",Color/Palettes/Process/PANTONE/PANTONE+/PantonePlusColorBridgeCoated.xml,2026-02-11 17:29:00
PANTONE 4160 CP,4160,2200,true,97.0,31.0,11.0,59.0,"0.97,0.31,0.11,0.59","0.3005,0.443254901960784,0.427647058823529",3,79,99,#034F63,"0.0117647058823529,0.309803921568627,0.388235294117647","0.180392156862745,0.313725490196078,0.388235294117647",Color/Palettes/Process/PANTONE/PANTONE+/PantonePlusColorBridgeCoated.xml,2026-02-11 17:29:00
PANTONE 4161 CP,4161,2200,true,80.0,47.0,31.0,48.0,"0.8,0.47,0.31,0.48","0.3393,0.483058823529412,0.467098039215686",64,83,93,#40535D,"0.250980392156863,0.325490196078431,0.364705882352941","0.282352941176471,0.329411764705882,0.364705882352941",Color/Palettes/Process/PANTONE/PANTONE+/PantonePlusColorBridgeCoated.xml,2026-02-11 17:29:00
PANTONE 4162 CP,4162,2200,true,33.0,0.0,20.0,0.0,"0.33,0.0,0.2,0.0","0.8108,0.431764705882353,0.517843137254902",167,212,192,#A7D4C0,"0.654901960784314,0.831372549019608,0.752941176470588","0.705882352941177,0.827450980392157,0.749019607843137",Color/Palettes/Process/PANTONE/PANTONE+/PantonePlusColorBridgeCoated.xml,2026-02-11 17:29:00
PANTONE 4163 CP,4163,2200,true,44.0,0.0,26.0,0.0,"0.44,0.0,0.26,0.0","0.7748,0.415372549019608,0.511764705882353",147,204,185,#93CCB9,"0.576470588235294,0.8,0.725490196078431","0.643137254901961,0.796078431372549,0.72156862745098",Color/Palettes/Process/PANTONE/PANTONE+/PantonePlusColorBridgeCoated.xml,2026-02-11 17:29:00
PANTONE 4164 CP,4164,2200,true,80.0,11.0,51.0,22.0,"0.8,0.11,0.51,0.22","0.4948,0.388235294117647,0.497607843137255",47,132,117,#2F8475,"0.184313725490196,0.517647058823529,0.458823529411765","0.329411764705882,0.513725490196078,0.458823529411765",Color/Palettes/Process/PANTONE/PANTONE+/PantonePlusColorBridgeCoated.xml,2026-02-11 17:29:00
PANTONE 4165 CP,4165,2200,true,82.0,18.0,50.0,38.0,"0.82,0.18,0.5,0.38","0.4151,0.415529411764706,0.488980392156863",46,109,102,#2E6D66,"0.180392156862745,0.427450980392157,0.4","0.286274509803922,0.427450980392157,0.4",Color/Palettes/Process/PANTONE/PANTONE+/PantonePlusColorBridgeCoated.xml,2026-02-11 17:29:00
PANTONE 4166 CP,4166,2200,true,72.0,24.0,43.0,26.0,"0.72,0.24,0.43,0.26","0.458,0.43643137254902,0.479372549019608",69,118,117,#457675,"0.270588235294118,0.462745098039216,0.458823529411765","0.341176470588235,0.458823529411765,0.454901960784314",Color/Palettes/Process/PANTONE/PANTONE+/PantonePlusColorBridgeCoated.xml,2026-02-11 17:29:00
PANTONE 4167 CP,4167,2200,true,77.0,25.0,51.0,39.0,"0.77,0.25,0.51,0.39","0.4081,0.430039215686275,0.494196078431373",57,106,98,#396A62,"0.223529411764706,0.415686274509804,0.384313725490196","0.298039215686275,0.415686274509804,0.384313725490196",Color/Palettes/Process/PANTONE/PANTONE+/PantonePlusColorBridgeCoated.xml,2026-02-11 17:29:00
PANTONE 4168 CP,4168,2200,true,82.0,38.0,48.0,60.0,"0.82,0.38,0.48,0.6","0.2959,0.457647058823529,0.48156862745098",44,76,77,#2C4C4D,"0.172549019607843,0.298039215686275,0.301960784313725","0.227450980392157,0.301960784313725,0.305882352941176",Color/Palettes/Process/PANTONE/PANTONE+/PantonePlusColorBridgeCoated.xml,2026-02-11 17:29:00
PANTONE 4169 CP,4169,2200,true,27.0,8.0,15.0,0.0,"0.27,0.08,0.15,0.0","0.7914,0.471686274509804,0.508901960784314",181,201,192,#B5C9C0,"0.709803921568627,0.788235294117647,0.752941176470588","0.729411764705882,0.784313725490196,0.749019607843137",Color/Palettes/Process/PANTONE/PANTONE+/PantonePlusColorBridgeCoated.xml,2026-02-11 17:29:00
PANTONE 4170 CP,4170,2200,true,36.0,11.0,18.0,0.0,"0.36,0.11,0.18,0.0","0.7524,0.46643137254902,0.502627450980392",167,191,184,#A7BFB8,"0.654901960784314,0.749019607843137,0.72156862745098","0.67843137254902,0.745098039215686,0.717647058823529",Color/Palettes/Process/PANTONE/PANTONE+/PantonePlusColorBridgeCoated.xml,2026-02-11 17:29:00
PANTONE 4171 CP,4171,2200,true,39.0,11.0,21.0,0.0,"0.39,0.11,0.21,0.0","0.7408,0.46121568627451,0.502745098039216",161,189,180,#A1BDB4,"0.631372549019608,0.741176470588235,0.705882352941177","0.658823529411765,0.733333333333333,0.701960784313725",Color/Palettes/Process/PANTONE/PANTONE+/PantonePlusColorBridgeCoated.xml,2026-02-11 17:29:00
PANTONE 4172 CP,4172,2200,true,50.0,10.0,27.0,2.0,"0.5,0.1,0.27,0.02","0.6928,0.443450980392157,0.497647058823529",138,178,170,#8AB2AA,"0.541176470588235,0.698039215686274,0.666666666666667","0.584313725490196,0.694117647058824,0.658823529411765",Color/Palettes/Process/PANTONE/PANTONE+/PantonePlusColorBridgeCoated.xml,2026-02-11 17:29:00
PANTONE 4173 CP,4173,2200,true,48.0,0.0,20.0,0.0,"0.48,0.0,0.2,0.0","0.772,0.412980392156863,0.493294117647059",141,204,193,#8DCCC1,"0.552941176470588,0.8,0.756862745098039","0.631372549019608,0.796078431372549,0.752941176470588",Color/Palettes/Process/PANTONE/PANTONE+/PantonePlusColorBridgeCoated.xml,2026-02-11 17:29:00
PANTONE 4174 CP,4174,2200,true,48.0,1.0,19.0,0.0,"0.48,0.01,0.19,0.0","0.7596,0.420274509803922,0.488117647058824",140,200,192,#8CC8C0,"0.549019607843137,0.784313725490196,0.752941176470588","0.623529411764706,0.776470588235294,0.749019607843137",Color/Palettes/Process/PANTONE/PANTONE+/PantonePlusColorBridgeCoated.xml,2026-02-11 17:29:00
PANTONE 4175 CP,4175,2200,true,42.0,10.0,13.0,0.0,"0.42,0.1,0.13,0.0","0.7401,0.455490196078431,0.474039215686274",152,190,194,#98BEC2,"0.596078431372549,0.745098039215686,0.76078431372549","0.63921568627451,0.737254901960784,0.752941176470588",Color/Palettes/Process/PANTONE/PANTONE+/PantonePlusColorBridgeCoated.xml,2026-02-11 17:29:00
PANTONE 4176 CP,4176,2200,true,20.0,8.0,17.0,0.0,"0.2,0.08,0.17,0.0","0.8108,0.47956862745098,0.532313725490196",194,205,186,#C2CDBA,"0.76078431372549,0.803921568627451,0.729411764705882","0.768627450980392,0.8,0.725490196078431",Color/Palettes/Process/PANTONE/PANTONE+/PantonePlusColorBridgeCoated.xml,2026-02-11 17:29:00
PANTONE 4177 CP,4177,2200,true,24.0,15.0,24.0,0.0,"0.24,0.15,0.24,0.0","0.7632,0.487803921568627,0.539137254901961",186,191,170,#BABFAA,"0.729411764705882,0.749019607843137,0.666666666666667","0.729411764705882,0.741176470588235,0.662745098039216",Color/Palettes/Process/PANTONE/PANTONE+/PantonePlusColorBridgeCoated.xml,2026-02-11 17:29:00
PANTONE 4178 CP,4178,2200,true,32.0,19.0,34.0,3.0,"0.32,0.19,0.34,0.03","0.6966,0.478352941176471,0.54721568627451",164,174,148,#A4AE94,"0.643137254901961,0.682352941176471,0.580392156862745","0.650980392156863,0.674509803921569,0.580392156862745",Color/Palettes/Process/PANTONE/PANTONE+/PantonePlusColorBridgeCoated.xml,2026-02-11 17:29:00
PANTONE 4179 CP,4179,2200,true,38.0,18.0,47.0,8.0,"0.38,0.18,0.47,0.08","0.6443,0.462235294117647,0.57156862745098",146,162,123,#92A27B,"0.572549019607843,0.635294117647059,0.482352941176471","0.584313725490196,0.631372549019608,0.486274509803922",Color/Palettes/Process/PANTONE/PANTONE+/PantonePlusColorBridgeCoated.xml,2026-02-11 17:29:00
PANTONE 4180 CP,4180,2200,true,40.0,23.0,43.0,10.0,"0.4,0.23,0.43,0.1","0.6105,0.472078431372549,0.553529411764706",139,152,123,#8B987B,"0.545098039215686,0.596078431372549,0.482352941176471","0.556862745098039,0.588235294117647,0.482352941176471",Color/Palettes/Process/PANTONE/PANTONE+/PantonePlusColorBridgeCoated.xml,2026-02-11 17:29:00
PANTONE 4181 CP,4181,2200,true,50.0,27.0,49.0,19.0,"0.5,0.27,0.49,0.19","0.5354,0.457803921568627,0.544627450980392",112,134,108,#70866C,"0.43921568627451,0.525490196078431,0.423529411764706","0.462745098039216,0.52156862745098,0.423529411764706",Color/Palettes/Process/PANTONE/PANTONE+/PantonePlusColorBridgeCoated.xml,2026-02-11 17:29:00
PANTONE 4182 CP,4182,2200,true,52.0,32.0,50.0,24.0,"0.52,0.32,0.5,0.24","0.4849,0.466745098039216,0.537333333333333",103,120,99,#677863,"0.403921568627451,0.470588235294118,0.388235294117647","0.423529411764706,0.470588235294118,0.392156862745098",Color/Palettes/Process/PANTONE/PANTONE+/PantonePlusColorBridgeCoated.xml,2026-02-11 17:29:00
PANTONE 4183 CP,4183,2200,true,26.0,14.0,22.0,0.0,"0.26,0.14,0.22,0.0","0.7653,0.481843137254902,0.534509803921569",183,192,172,#B7C0AC,"0.717647058823529,0.752941176470588,0.674509803921569","0.72156862745098,0.749019607843137,0.674509803921569",Color/Palettes/Process/PANTONE/PANTONE+/PantonePlusColorBridgeCoated.xml,2026-02-11 17:29:00
PANTONE 4184 CP,4184,2200,true,39.0,19.0,30.0,3.0,"0.39,0.19,0.3,0.03","0.6746,0.471176470588235,0.528862745098039",152,169,151,#98A997,"0.596078431372549,0.662745098039216,0.592156862745098","0.611764705882353,0.658823529411765,0.588235294117647",Color/Palettes/Process/PANTONE/PANTONE+/PantonePlusColorBridgeCoated.xml,2026-02-11 17:29:00
PANTONE 4185 CP,4185,2200,true,46.0,20.0,30.0,5.0,"0.46,0.2,0.3,0.05","0.6406,0.460235294117647,0.513921568627451",136,162,148,#88A294,"0.533333333333333,0.635294117647059,0.580392156862745","0.556862745098039,0.627450980392157,0.580392156862745",Color/Palettes/Process/PANTONE/PANTONE+/PantonePlusColorBridgeCoated.xml,2026-02-11 17:29:00
PANTONE 4186 CP,4186,2200,true,57.0,24.0,34.0,12.0,"0.57,0.24,0.34,0.12","0.5531,0.446,0.501137254901961",103,141,131,#678D83,"0.403921568627451,0.552941176470588,0.513725490196078","0.450980392156863,0.549019607843137,0.513725490196078",Color/Palettes/Process/PANTONE/PANTONE+/PantonePlusColorBridgeCoated.xml,2026-02-11 17:29:00
PANTONE 4187 CP,4187,2200,true,56.0,34.0,35.0,18.0,"0.56,0.34,0.35,0.18","0.4947,0.470156862745098,0.497294117647059",100,123,118,#647B76,"0.392156862745098,0.482352941176471,0.462745098039216","0.419607843137255,0.47843137254902,0.462745098039216",Color/Palettes/Process/PANTONE/PANTONE+/PantonePlusColorBridgeCoated.xml,2026-02-11 17:29:00
PANTONE 4188 CP,4188,2200,true,69.0,40.0,45.0,37.0,"0.69,0.4,0.45,0.37","0.3726,0.461647058823529,0.493019607843137",66,94,90,#425E5A,"0.258823529411765,0.368627450980392,0.352941176470588","0.298039215686275,0.368627450980392,0.356862745098039",Color/Palettes/Process/PANTONE/PANTONE+/PantonePlusColorBridgeCoated.xml,2026-02-11 17:29:00
PANTONE 4189 CP,4189,2200,true,86.0,34.0,37.0,58.0,"0.86,0.34,0.37,0.58","0.287,0.442,0.468235294117647",26,76,80,#1A4C50,"0.101960784313725,0.298039215686275,0.313725490196078","0.196078431372549,0.301960784313725,0.317647058823529",Color/Palettes/Process/PANTONE/PANTONE+/PantonePlusColorBridgeCoated.xml,2026-02-11 17:29:00
PANTONE 4190 CP,4190,2200,true,33.0,18.0,28.0,2.0,"0.33,0.18,0.28,0.02","0.7036,0.480392156862745,0.536470588235294",166,176,155,#A6B09B,"0.650980392156863,0.690196078431373,0.607843137254902","0.654901960784314,0.682352941176471,0.603921568627451",Color/Palettes/Process/PANTONE/PANTONE+/PantonePlusColorBridgeCoated.xml,2026-02-11 17:29:00
PANTONE 4191 CP,4191,2200,true,42.0,21.0,28.0,4.0,"0.42,0.21,0.28,0.04","0.6541,0.477098039215686,0.516901960784314",148,163,151,#94A397,"0.580392156862745,0.63921568627451,0.592156862745098","0.592156862745098,0.635294117647059,0.588235294117647",Color/Palettes/Process/PANTONE/PANTONE+/PantonePlusColorBridgeCoated.xml,2026-02-11 17:29:00
PANTONE 4192 CP,4192,2200,true,46.0,25.0,38.0,10.0,"0.46,0.25,0.38,0.1","0.5981,0.475137254901961,0.536313725490196",135,148,128,#879480,"0.529411764705882,0.580392156862745,0.501960784313725","0.541176470588235,0.576470588235294,0.498039215686275",Color/Palettes/Process/PANTONE/PANTONE+/PantonePlusColorBridgeCoated.xml,2026-02-11 17:29:00
PANTONE 4193 CP,4193,2200,true,54.0,40.0,53.0,31.0,"0.54,0.4,0.53,0.31","0.4375,0.491725490196078,0.532274509803922",101,105,90,#65695A,"0.396078431372549,0.411764705882353,0.352941176470588","0.4,0.411764705882353,0.356862745098039",Color/Palettes/Process/PANTONE/PANTONE+/PantonePlusColorBridgeCoated.xml,2026-02-11 17:29:00
PANTONE 4194 CP,4194,2200,true,63.0,43.0,45.0,31.0,"0.63,0.43,0.45,0.31","0.4069,0.480823529411765,0.509254901960784",86,100,92,#56645C,"0.337254901960784,0.392156862745098,0.36078431372549","0.352941176470588,0.392156862745098,0.364705882352941",Color/Palettes/Process/PANTONE/PANTONE+/PantonePlusColorBridgeCoated.xml,2026-02-11 17:29:00
PANTONE 4195 CP,4195,2200,true,56.0,47.0,42.0,25.0,"0.56,0.47,0.42,0.25","0.4342,0.498549019607843,0.511686274509804",100,104,98,#646862,"0.392156862745098,0.407843137254902,0.384313725490196","0.396078431372549,0.407843137254902,0.384313725490196",Color/Palettes/Process/PANTONE/PANTONE+/PantonePlusColorBridgeCoated.xml,2026-02-11 17:29:00
PANTONE 4196 CP,4196,2200,true,68.0,49.0,43.0,38.0,"0.68,0.49,0.43,0.38","0.3546,0.480156862745098,0.500588235294118",72,87,83,#485753,"0.282352941176471,0.341176470588235,0.325490196078431","0.305882352941176,0.345098039215686,0.329411764705882",Color/Palettes/Process/PANTONE/PANTONE+/PantonePlusColorBridgeCoated.xml,2026-02-11 17:29:00
PANTONE 4197 CP,4197,2200,true,44.0,24.0,35.0,8.0,"0.44,0.24,0.35,0.08","0.6096,0.475372549019608,0.540862745098039",139,151,128,#8B9780,"0.545098039215686,0.592156862745098,0.501960784313725","0.552941176470588,0.588235294117647,0.501960784313725",Color/Palettes/Process/PANTONE/PANTONE+/PantonePlusColorBridgeCoated.xml,2026-02-11 17:29:00
PANTONE 4198 CP,4198,2200,true,55.0,30.0,46.0,21.0,"0.55,0.3,0.46,0.21","0.5084,0.466392156862745,0.534588235294118",108,126,106,#6C7E6A,"0.423529411764706,0.494117647058824,0.415686274509804","0.443137254901961,0.490196078431373,0.415686274509804",Color/Palettes/Process/PANTONE/PANTONE+/PantonePlusColorBridgeCoated.xml,2026-02-11 17:29:00
PANTONE 4199 CP,4199,2200,true,60.0,37.0,52.0,32.0,"0.6,0.37,0.52,0.32","0.4367,0.470549019607843,0.527098039215686",91,108,91,#5B6C5B,"0.356862745098039,0.423529411764706,0.356862745098039","0.376470588235294,0.423529411764706,0.36078431372549",Color/Palettes/Process/PANTONE/PANTONE+/PantonePlusColorBridgeCoated.xml,2026-02-11 17:29:00
PANTONE 4200 CP,4200,2200,true,60.0,36.0,49.0,29.0,"0.6,0.36,0.49,0.29","0.4471,0.467960784313726,0.520705882352941",91,111,97,#5B6F61,"0.356862745098039,0.435294117647059,0.380392156862745","0.380392156862745,0.431372549019608,0.380392156862745",Color/Palettes/Process/PANTONE/PANTONE+/PantonePlusColorBridgeCoated.xml,2026-02-11 17:29:00
PANTONE 4201 CP,4201,2200,true,64.0,34.0,52.0,33.0,"0.64,0.34,0.52,0.33","0.4247,0.460666666666667,0.522549019607843",83,106,90,#536A5A,"0.325490196078431,0.415686274509804,0.352941176470588","0.356862745098039,0.415686274509804,0.356862745098039",Color/Palettes/Process/PANTONE/PANTONE+/PantonePlusColorBridgeCoated.xml,2026-02-11 17:29:00
PANTONE 4202 CP,4202,2200,true,71.0,41.0,57.0,50.0,"0.71,0.41,0.57,0.5","0.3434,0.464196078431373,0.518078431372549",65,86,73,#415649,"0.254901960784314,0.337254901960784,0.286274509803922","0.286274509803922,0.341176470588235,0.294117647058824",Color/Palettes/Process/PANTONE/PANTONE+/PantonePlusColorBridgeCoated.xml,2026-02-11 17:29:00
PANTONE 4203 CP,4203,2200,true,76.0,38.0,61.0,60.0,"0.76,0.38,0.61,0.6","0.2956,0.455647058823529,0.519137254901961",50,76,62,#324C3E,"0.196078431372549,0.298039215686275,0.243137254901961","0.23921568627451,0.301960784313725,0.250980392156863",Color/Palettes/Process/PANTONE/PANTONE+/PantonePlusColorBridgeCoated.xml,2026-02-11 17:29:00
PANTONE 4204 CP,4204,2200,true,23.0,3.0,35.0,0.0,"0.23,0.03,0.35,0.0","0.8099,0.460235294117647,0.584078431372549",192,207,160,#C0CFA0,"0.752941176470588,0.811764705882353,0.627450980392157","0.764705882352941,0.807843137254902,0.631372549019608",Color/Palettes/Process/PANTONE/PANTONE+/PantonePlusColorBridgeCoated.xml,2026-02-11 17:29:00
PANTONE 4205 CP,4205,2200,true,34.0,5.0,51.0,2.0,"0.34,0.05,0.51,0.02","0.737,0.442470588235294,0.596156862745098",165,190,135,#A5BE87,"0.647058823529412,0.745098039215686,0.529411764705882","0.670588235294118,0.737254901960784,0.533333333333333",Color/Palettes/Process/PANTONE/PANTONE+/PantonePlusColorBridgeCoated.xml,2026-02-11 17:29:00
PANTONE 4206 CP,4206,2200,true,44.0,11.0,50.0,6.0,"0.44,0.11,0.5,0.06","0.6695,0.440549019607843,0.57156862745098",142,172,129,#8EAC81,"0.556862745098039,0.674509803921569,0.505882352941176","0.588235294117647,0.666666666666667,0.509803921568627",Color/Palettes/Process/PANTONE/PANTONE+/PantonePlusColorBridgeCoated.xml,2026-02-11 17:29:00
PANTONE 4207 CP,4207,2200,true,49.0,13.0,53.0,10.0,"0.49,0.13,0.53,0.1","0.6123,0.437294117647059,0.562980392156863",124,157,118,#7C9D76,"0.486274509803922,0.615686274509804,0.462745098039216","0.525490196078431,0.607843137254902,0.466666666666667",Color/Palettes/Process/PANTONE/PANTONE+/PantonePlusColorBridgeCoated.xml,2026-02-11 17:29:00
PANTONE 4208 CP,4208,2200,true,71.0,18.0,63.0,34.0,"0.71,0.18,0.63,0.34","0.4322,0.415058823529412,0.538509803921569",63,113,85,#3F7155,"0.247058823529412,0.443137254901961,0.333333333333333","0.32156862745098,0.443137254901961,0.341176470588235",Color/Palettes/Process/PANTONE/PANTONE+/PantonePlusColorBridgeCoated.xml,2026-02-11 17:29:00
PANTONE 4209 CP,4209,2200,true,73.0,33.0,59.0,49.0,"0.73,0.33,0.59,0.49","0.342,0.451803921568627,0.517450980392157",58,87,73,#3A5749,"0.227450980392157,0.341176470588235,0.286274509803922","0.274509803921569,0.345098039215686,0.294117647058824",Color/Palettes/Process/PANTONE/PANTONE+/PantonePlusColorBridgeCoated.xml,2026-02-11 17:29:00
PANTONE 4210 CP,4210,2200,true,75.0,33.0,62.0,56.0,"0.75,0.33,0.62,0.56","0.3074,0.454901960784314,0.520196078431373",52,79,64,#344F40,"0.203921568627451,0.309803921568627,0.250980392156863","0.247058823529412,0.313725490196078,0.262745098039216",Color/Palettes/Process/PANTONE/PANTONE+/PantonePlusColorBridgeCoated.xml,2026-02-11 17:29:00
PANTONE 4211 CP,4211,2200,true,18.0,0.0,47.0,0.0,"0.18,0.0,0.47,0.0","0.8508,0.45756862745098,0.646823529411765",209,218,140,#D1DA8C,"0.819607843137255,0.854901960784314,0.549019607843137","0.827450980392157,0.850980392156863,0.56078431372549",Color/Palettes/Process/PANTONE/PANTONE+/PantonePlusColorBridgeCoated.xml,2026-02-11 17:29:00
PANTONE 4212 CP,4212,2200,true,48.0,2.0,88.0,9.0,"0.48,0.02,0.88,0.09","0.6669,0.401803921568627,0.692274509803922",136,175,66,#88AF42,"0.533333333333333,0.686274509803922,0.258823529411765","0.576470588235294,0.682352941176471,0.298039215686275",Color/Palettes/Process/PANTONE/PANTONE+/PantonePlusColorBridgeCoated.xml,2026-02-11 17:29:00
PANTONE 4213 CP,4213,2200,true,50.0,4.0,92.0,27.0,"0.5,0.04,0.92,0.27","0.5711,0.410313725490196,0.671882352941176",113,148,53,#719435,"0.443137254901961,0.580392156862745,0.207843137254902","0.486274509803922,0.576470588235294,0.247058823529412",Color/Palettes/Process/PANTONE/PANTONE+/PantonePlusColorBridgeCoated.xml,2026-02-11 17:29:00
PANTONE 4214 CP,4214,2200,true,58.0,21.0,65.0,31.0,"0.58,0.21,0.65,0.31","0.4772,0.446470588235294,0.564627450980392",95,121,84,#5F7954,"0.372549019607843,0.474509803921569,0.329411764705882","0.403921568627451,0.470588235294118,0.341176470588235",Color/Palettes/Process/PANTONE/PANTONE+/PantonePlusColorBridgeCoated.xml,2026-02-11 17:29:00
PANTONE 4215 CP,4215,2200,true,55.0,18.0,77.0,41.0,"0.55,0.18,0.77,0.41","0.4463,0.443372549019608,0.595137254901961",90,113,63,#5A713F,"0.352941176470588,0.443137254901961,0.247058823529412","0.380392156862745,0.443137254901961,0.266666666666667",Color/Palettes/Process/PANTONE/PANTONE+/PantonePlusColorBridgeCoated.xml,2026-02-11 17:29:00
PANTONE 4216 CP,4216,2200,true,55.0,6.0,98.0,64.0,"0.55,0.06,0.98,0.64","0.3704,0.435294117647059,0.609803921568628",69,95,39,#455F27,"0.270588235294118,0.372549019607843,0.152941176470588","0.309803921568627,0.372549019607843,0.184313725490196",Color/Palettes/Process/PANTONE/PANTONE+/PantonePlusColorBridgeCoated.xml,2026-02-11 17:29:00
PANTONE 4217 CP,4217,2200,true,46.0,10.0,96.0,61.0,"0.46,0.1,0.96,0.61","0.3944,0.447921568627451,0.626",82,99,37,#526325,"0.32156862745098,0.388235294117647,0.145098039215686","0.345098039215686,0.388235294117647,0.176470588235294",Color/Palettes/Process/PANTONE/PANTONE+/PantonePlusColorBridgeCoated.xml,2026-02-11 17:29:00
PANTONE 4218 CP,4218,2200,true,29.0,17.0,33.0,2.0,"0.29,0.17,0.33,0.02","0.7219,0.48643137254902,0.554509803921569",176,179,151,#B0B397,"0.690196078431373,0.701960784313725,0.592156862745098","0.686274509803922,0.698039215686274,0.592156862745098",Color/Palettes/Process/PANTONE/PANTONE+/PantonePlusColorBridgeCoated.xml,2026-02-11 17:29:00
PANTONE 4219 CP,4219,2200,true,33.0,21.0,34.0,4.0,"0.33,0.21,0.34,0.04","0.6869,0.488745098039216,0.546549019607843",166,170,146,#A6AA92,"0.650980392156863,0.666666666666667,0.572549019607843","0.650980392156863,0.658823529411765,0.572549019607843",Color/Palettes/Process/PANTONE/PANTONE+/PantonePlusColorBridgeCoated.xml,2026-02-11 17:29:00
PANTONE 4220 CP,4220,2200,true,40.0,30.0,45.0,15.0,"0.4,0.3,0.45,0.15","0.5749,0.492,0.556039215686274",139,140,113,#8B8C71,"0.545098039215686,0.549019607843137,0.443137254901961","0.541176470588235,0.545098039215686,0.447058823529412",Color/Palettes/Process/PANTONE/PANTONE+/PantonePlusColorBridgeCoated.xml,2026-02-11 17:29:00
PANTONE 4221 CP,4221,2200,true,43.0,30.0,55.0,24.0,"0.43,0.3,0.55,0.24","0.5273,0.487529411764706,0.572117647058824",127,128,94,#7F805E,"0.498039215686275,0.501960784313725,0.368627450980392","0.494117647058824,0.498039215686275,0.376470588235294",Color/Palettes/Process/PANTONE/PANTONE+/PantonePlusColorBridgeCoated.xml,2026-02-11 17:29:00
PANTONE 4222 CP,4222,2200,true,47.0,36.0,50.0,25.0,"0.47,0.36,0.5,0.25","0.5005,0.492627450980392,0.554666666666667",120,121,95,#78795F,"0.470588235294118,0.474509803921569,0.372549019607843","0.466666666666667,0.470588235294118,0.380392156862745",Color/Palettes/Process/PANTONE/PANTONE+/PantonePlusColorBridgeCoated.xml,2026-02-11 17:29:00
PANTONE 4223 CP,4223,2200,true,50.0,35.0,60.0,35.0,"0.5,0.35,0.6,0.35","0.4536,0.479882352941176,0.568274509803922",104,111,78,#686F4E,"0.407843137254902,0.435294117647059,0.305882352941176","0.415686274509804,0.431372549019608,0.313725490196078",Color/Palettes/Process/PANTONE/PANTONE+/PantonePlusColorBridgeCoated.xml,2026-02-11 17:29:00
PANTONE 4224 CP,4224,2200,true,64.0,42.0,69.0,60.0,"0.64,0.42,0.69,0.6","0.3179,0.474980392156863,0.551490196078431",68,78,54,#444E36,"0.266666666666667,0.305882352941176,0.211764705882353","0.286274509803922,0.313725490196078,0.227450980392157",Color/Palettes/Process/PANTONE/PANTONE+/PantonePlusColorBridgeCoated.xml,2026-02-11 17:29:00
PANTONE 4225 CP,4225,2200,true,37.0,36.0,43.0,16.0,"0.37,0.36,0.43,0.16","0.5604,0.51556862745098,0.554",145,132,111,#91846F,"0.568627450980392,0.517647058823529,0.435294117647059","0.549019607843137,0.513725490196078,0.435294117647059",Color/Palettes/Process/PANTONE/PANTONE+/PantonePlusColorBridgeCoated.xml,2026-02-11 17:29:00
PANTONE 4226 CP,4226,2200,true,37.0,32.0,53.0,21.0,"0.37,0.32,0.53,0.21","0.5545,0.502627450980392,0.572039215686275",140,133,101,#8C8565,"0.549019607843137,0.52156862745098,0.396078431372549","0.537254901960784,0.517647058823529,0.4",Color/Palettes/Process/PANTONE/PANTONE+/PantonePlusColorBridgeCoated.xml,2026-02-11 17:29:00
PANTONE 4227 CP,4227,2200,true,45.0,39.0,59.0,34.0,"0.45,0.39,0.59,0.34","0.4633,0.5,0.566705882352941",115,110,81,#736E51,"0.450980392156863,0.431372549019608,0.317647058823529","0.443137254901961,0.431372549019608,0.325490196078431",Color/Palettes/Process/PANTONE/PANTONE+/PantonePlusColorBridgeCoated.xml,2026-02-11 17:29:00
PANTONE 4228 CP,4228,2200,true,47.0,42.0,69.0,49.0,"0.47,0.42,0.69,0.49","0.4014,0.500745098039216,0.571254901960784",100,95,65,#645F41,"0.392156862745098,0.372549019607843,0.254901960784314","0.388235294117647,0.372549019607843,0.266666666666667",Color/Palettes/Process/PANTONE/PANTONE+/PantonePlusColorBridgeCoated.xml,2026-02-11 17:29:00
PANTONE 4229 CP,4229,2200,true,51.0,43.0,60.0,40.0,"0.51,0.43,0.6,0.4","0.4191,0.503098039215686,0.556549019607843",104,99,75,#68634B,"0.407843137254902,0.388235294117647,0.294117647058824","0.4,0.388235294117647,0.305882352941176",Color/Palettes/Process/PANTONE/PANTONE+/PantonePlusColorBridgeCoated.xml,2026-02-11 17:29:00
PANTONE 4230 CP,4230,2200,true,54.0,52.0,55.0,41.0,"0.54,0.52,0.55,0.41","0.3942,0.510156862745098,0.538666666666667",99,92,77,#635C4D,"0.388235294117647,0.36078431372549,0.301960784313725","0.380392156862745,0.36078431372549,0.309803921568627",Color/Palettes/Process/PANTONE/PANTONE+/PantonePlusColorBridgeCoated.xml,2026-02-11 17:29:00
PANTONE 4231 CP,4231,2200,true,49.0,48.0,55.0,36.0,"0.49,0.48,0.55,0.36","0.4261,0.515137254901961,0.546549019607843",109,99,81,#6D6351,"0.427450980392157,0.388235294117647,0.317647058823529","0.415686274509804,0.388235294117647,0.325490196078431",Color/Palettes/Process/PANTONE/PANTONE+/PantonePlusColorBridgeCoated.xml,2026-02-11 17:29:00
PANTONE 4232 CP,4232,2200,true,15.0,1.0,95.0,2.0,"0.15,0.01,0.95,0.02","0.8264,0.454313725490196,0.793176470588235",212,211,42,#D4D32A,"0.831372549019608,0.827450980392157,0.164705882352941","0.823529411764706,0.823529411764706,0.254901960784314",Color/Palettes/Process/PANTONE/PANTONE+/PantonePlusColorBridgeCoated.xml,2026-02-11 17:29:00
PANTONE 4233 CP,4233,2200,true,14.0,0.0,100.0,11.0,"0.14,0.0,1.0,0.11","0.7594,0.454352941176471,0.809176470588235",193,193,0,#C1C100,"0.756862745098039,0.756862745098039,0.0","0.749019607843137,0.749019607843137,0.137254901960784",Color/Palettes/Process/PANTONE/PANTONE+/PantonePlusColorBridgeCoated.xml,2026-02-11 17:29:00
PANTONE 4234 CP,4234,2200,true,24.0,6.0,71.0,4.0,"0.24,0.06,0.71,0.04","0.7615,0.456392156862745,0.686078431372549",187,194,96,#BBC260,"0.733333333333333,0.76078431372549,0.376470588235294","0.733333333333333,0.752941176470588,0.4",Color/Palettes/Process/PANTONE/PANTONE+/PantonePlusColorBridgeCoated.xml,2026-02-11 17:29:00
PANTONE 4235 CP,4235,2200,true,26.0,16.0,51.0,6.0,"0.26,0.16,0.51,0.06","0.6989,0.482627450980392,0.598705882352941",173,173,125,#ADAD7D,"0.67843137254902,0.67843137254902,0.490196078431373","0.674509803921569,0.674509803921569,0.494117647058824",Color/Palettes/Process/PANTONE/PANTONE+/PantonePlusColorBridgeCoated.xml,2026-02-11 17:29:00
PANTONE 4236 CP,4236,2200,true,21.0,9.0,63.0,4.0,"0.21,0.09,0.63,0.04","0.7479,0.476313725490196,0.654313725490196",189,187,110,#BDBB6E,"0.741176470588235,0.733333333333333,0.431372549019608","0.733333333333333,0.729411764705882,0.447058823529412",Color/Palettes/Process/PANTONE/PANTONE+/PantonePlusColorBridgeCoated.xml,2026-02-11 17:29:00
PANTONE 4237 CP,4237,2200,true,24.0,19.0,63.0,12.0,"0.24,0.19,0.63,0.12","0.659,0.494274509803922,0.626470588235294",170,161,101,#AAA165,"0.666666666666667,0.631372549019608,0.396078431372549","0.650980392156863,0.623529411764706,0.407843137254902",Color/Palettes/Process/PANTONE/PANTONE+/PantonePlusColorBridgeCoated.xml,2026-02-11 17:29:00
PANTONE 4238 CP,4238,2200,true,32.0,23.0,67.0,23.0,"0.32,0.23,0.67,0.23","0.5765,0.485803921568627,0.614549019607843",143,141,86,#8F8D56,"0.56078431372549,0.552941176470588,0.337254901960784","0.552941176470588,0.545098039215686,0.352941176470588",Color/Palettes/Process/PANTONE/PANTONE+/PantonePlusColorBridgeCoated.xml,2026-02-11 17:29:00
PANTONE 4239 CP,4239,2200,true,18.0,16.0,21.0,0.0,"0.18,0.16,0.21,0.0","0.7843,0.506823529411765,0.553333333333333",202,193,169,#CAC1A9,"0.792156862745098,0.756862745098039,0.662745098039216","0.776470588235294,0.752941176470588,0.662745098039216",Color/Palettes/Process/PANTONE/PANTONE+/PantonePlusColorBridgeCoated.xml,2026-02-11 17:29:00
PANTONE 4240 CP,4240,2200,true,17.0,18.0,28.0,1.0,"0.17,0.18,0.28,0.01","0.7678,0.511411764705882,0.572",202,188,156,#CABC9C,"0.792156862745098,0.737254901960784,0.611764705882353","0.768627450980392,0.729411764705882,0.611764705882353",Color/Palettes/Process/PANTONE/PANTONE+/PantonePlusColorBridgeCoated.xml,2026-02-11 17:29:00
PANTONE 4241 CP,4241,2200,true,21.0,23.0,41.0,5.0,"0.21,0.23,0.41,0.05","0.7039,0.513490196078431,0.585372549019608",186,170,133,#BAAA85,"0.729411764705882,0.666666666666667,0.52156862745098","0.705882352941177,0.662745098039216,0.52156862745098",Color/Palettes/Process/PANTONE/PANTONE+/PantonePlusColorBridgeCoated.xml,2026-02-11 17:29:00
PANTONE 4242 CP,4242,2200,true,28.0,36.0,63.0,29.0,"0.28,0.36,0.63,0.29","0.5084,0.521607843137255,0.597254901960784",137,118,79,#89764F,"0.537254901960784,0.462745098039216,0.309803921568627","0.513725490196078,0.458823529411765,0.32156862745098",Color/Palettes/Process/PANTONE/PANTONE+/PantonePlusColorBridgeCoated.xml,2026-02-11 17:29:00
PANTONE 4243 CP,4243,2200,true,29.0,43.0,62.0,32.0,"0.29,0.43,0.62,0.32","0.4651,0.537647058823529,0.586",131,105,74,#83694A,"0.513725490196078,0.411764705882353,0.290196078431373","0.482352941176471,0.411764705882353,0.301960784313725",Color/Palettes/Process/PANTONE/PANTONE+/PantonePlusColorBridgeCoated.xml,2026-02-11 17:29:00
PANTONE 4244 CP,4244,2200,true,32.0,44.0,59.0,32.0,"0.32,0.44,0.59,0.32","0.4605,0.534862745098039,0.57921568627451",128,104,76,#80684C,"0.501960784313725,0.407843137254902,0.298039215686275","0.474509803921569,0.407843137254902,0.305882352941176",Color/Palettes/Process/PANTONE/PANTONE+/PantonePlusColorBridgeCoated.xml,2026-02-11 17:29:00
PANTONE 4245 CP,4245,2200,true,47.0,50.0,64.0,48.0,"0.47,0.5,0.64,0.48","0.3591,0.522588235294118,0.566705882352941",97,82,58,#61523A,"0.380392156862745,0.32156862745098,0.227450980392157","0.364705882352941,0.325490196078431,0.23921568627451",Color/Palettes/Process/PANTONE/PANTONE+/PantonePlusColorBridgeCoated.xml,2026-02-11 17:29:00
PANTONE 4246 CP,4246,2200,true,15.0,16.0,27.0,0.0,"0.15,0.16,0.27,0.0","0.7891,0.510352941176471,0.575176470588235",207,194,160,#CFC2A0,"0.811764705882353,0.76078431372549,0.627450980392157","0.792156862745098,0.752941176470588,0.627450980392157",Color/Palettes/Process/PANTONE/PANTONE+/PantonePlusColorBridgeCoated.xml,2026-02-11 17:29:00
PANTONE 4247 CP,4247,2200,true,13.0,18.0,26.0,0.0,"0.13,0.18,0.26,0.0","0.7885,0.518588235294118,0.577137254901961",211,192,159,#D3C09F,"0.827450980392157,0.752941176470588,0.623529411764706","0.803921568627451,0.749019607843137,0.623529411764706",Color/Palettes/Process/PANTONE/PANTONE+/PantonePlusColorBridgeCoated.xml,2026-02-11 17:29:00
PANTONE 4248 CP,4248,2200,true,12.0,18.0,29.0,0.0,"0.12,0.18,0.29,0.0","0.7931,0.52121568627451,0.586549019607843",214,193,156,#D6C19C,"0.83921568627451,0.756862745098039,0.611764705882353","0.811764705882353,0.752941176470588,0.611764705882353",Color/Palettes/Process/PANTONE/PANTONE+/PantonePlusColorBridgeCoated.xml,2026-02-11 17:29:00
PANTONE 4249 CP,4249,2200,true,17.0,25.0,40.0,4.0,"0.17,0.25,0.4,0.04","0.7215,0.527176470588235,0.59643137254902",197,173,132,#C5AD84,"0.772549019607843,0.67843137254902,0.517647058823529","0.741176470588235,0.670588235294118,0.52156862745098",Color/Palettes/Process/PANTONE/PANTONE+/PantonePlusColorBridgeCoated.xml,2026-02-11 17:29:00
PANTONE 4250 CP,4250,2200,true,20.0,26.0,41.0,5.0,"0.2,0.26,0.41,0.05","0.697,0.520901960784314,0.59156862745098",188,167,128,#BCA780,"0.737254901960784,0.654901960784314,0.501960784313725","0.709803921568627,0.650980392156863,0.505882352941176",Color/Palettes/Process/PANTONE/PANTONE+/PantonePlusColorBridgeCoated.xml,2026-02-11 17:29:00
PANTONE 4251 CP,4251,2200,true,19.0,27.0,48.0,7.0,"0.19,0.27,0.48,0.07","0.674,0.524039215686275,0.610666666666667",184,160,113,#B8A071,"0.72156862745098,0.627450980392157,0.443137254901961","0.690196078431373,0.623529411764706,0.450980392156863",Color/Palettes/Process/PANTONE/PANTONE+/PantonePlusColorBridgeCoated.xml,2026-02-11 17:29:00
PANTONE 4252 CP,4252,2200,true,21.0,28.0,42.0,7.0,"0.21,0.28,0.42,0.07","0.676,0.524862745098039,0.59478431372549",184,161,121,#B8A179,"0.72156862745098,0.631372549019608,0.474509803921569","0.690196078431373,0.623529411764706,0.47843137254902",Color/Palettes/Process/PANTONE/PANTONE+/PantonePlusColorBridgeCoated.xml,2026-02-11 17:29:00
PANTONE 4253 CP,4253,2200,true,20.0,28.0,37.0,5.0,"0.2,0.28,0.37,0.05","0.679,0.524823529411765,0.572470588235294",182,162,133,#B6A285,"0.713725490196078,0.635294117647059,0.52156862745098","0.686274509803922,0.627450980392157,0.52156862745098",Color/Palettes/Process/PANTONE/PANTONE+/PantonePlusColorBridgeCoated.xml,2026-02-11 17:29:00
PANTONE 4254 CP,4254,2200,true,14.0,33.0,50.0,9.0,"0.14,0.33,0.5,0.09","0.6492,0.545137254901961,0.609725490196078",185,150,108,#B9966C,"0.725490196078431,0.588235294117647,0.423529411764706","0.686274509803922,0.584313725490196,0.431372549019608",Color/Palettes/Process/PANTONE/PANTONE+/PantonePlusColorBridgeCoated.xml,2026-02-11 17:29:00
PANTONE 4255 CP,4255,2200,true,23.0,32.0,47.0,11.0,"0.23,0.32,0.47,0.11","0.6197,0.525490196078431,0.587098039215686",168,146,111,#A8926F,"0.658823529411765,0.572549019607843,0.435294117647059","0.627450980392157,0.568627450980392,0.43921568627451",Color/Palettes/Process/PANTONE/PANTONE+/PantonePlusColorBridgeCoated.xml,2026-02-11 17:29:00
PANTONE 4256 CP,4256,2200,true,23.0,34.0,48.0,12.0,"0.23,0.34,0.48,0.12","0.6037,0.533019607843137,0.588352941176471",166,141,106,#A68D6A,"0.650980392156863,0.552941176470588,0.415686274509804","0.619607843137255,0.545098039215686,0.423529411764706",Color/Palettes/Process/PANTONE/PANTONE+/PantonePlusColorBridgeCoated.xml,2026-02-11 17:29:00
PANTONE 4257 CP,4257,2200,true,31.0,42.0,43.0,17.0,"0.31,0.42,0.43,0.17","0.5357,0.534352941176471,0.553411764705882",145,123,105,#917B69,"0.568627450980392,0.482352941176471,0.411764705882353","0.541176470588235,0.47843137254902,0.415686274509804",Color/Palettes/Process/PANTONE/PANTONE+/PantonePlusColorBridgeCoated.xml,2026-02-11 17:29:00
PANTONE 4258 CP,4258,2200,true,44.0,53.0,48.0,32.0,"0.44,0.53,0.48,0.32","0.4203,0.527176470588235,0.535176470588235",111,96,85,#6F6055,"0.435294117647059,0.376470588235294,0.333333333333333","0.419607843137255,0.376470588235294,0.337254901960784",Color/Palettes/Process/PANTONE/PANTONE+/PantonePlusColorBridgeCoated.xml,2026-02-11 17:29:00
PANTONE 4259 CP,4259,2200,true,54.0,67.0,72.0,83.0,"0.54,0.67,0.72,0.83","0.2093,0.511254901960784,0.534980392156863",56,49,38,#383126,"0.219607843137255,0.192156862745098,0.149019607843137","0.223529411764706,0.207843137254902,0.168627450980392",Color/Palettes/Process/PANTONE/PANTONE+/PantonePlusColorBridgeCoated.xml,2026-02-11 17:29:00
PANTONE 4260 CP,4260,2200,true,11.0,31.0,34.0,3.0,"0.11,0.31,0.34,0.03","0.708,0.556235294117647,0.579450980392157",204,164,137,#CCA489,"0.8,0.643137254901961,0.537254901960784","0.752941176470588,0.63921568627451,0.537254901960784",Color/Palettes/Process/PANTONE/PANTONE+/PantonePlusColorBridgeCoated.xml,2026-02-11 17:29:00
PANTONE 4261 CP,4261,2200,true,14.0,49.0,67.0,27.0,"0.14,0.49,0.67,0.27","0.5402,0.568941176470588,0.616588235294118",164,118,79,#A4764F,"0.643137254901961,0.462745098039216,0.309803921568627","0.592156862745098,0.458823529411765,0.32156862745098",Color/Palettes/Process/PANTONE/PANTONE+/PantonePlusColorBridgeCoated.xml,2026-02-11 17:29:00
PANTONE 4262 CP,4262,2200,true,13.0,50.0,62.0,22.0,"0.13,0.5,0.62,0.22","0.5542,0.578823529411765,0.613372549019608",171,120,84,#AB7854,"0.670588235294118,0.470588235294118,0.329411764705882","0.615686274509804,0.466666666666667,0.337254901960784",Color/Palettes/Process/PANTONE/PANTONE+/PantonePlusColorBridgeCoated.xml,2026-02-11 17:29:00
PANTONE 4263 CP,4263,2200,true,10.0,53.0,66.0,22.0,"0.1,0.53,0.66,0.22","0.5417,0.594980392156863,0.620823529411765",174,113,78,#AE714E,"0.682352941176471,0.443137254901961,0.305882352941176","0.619607843137255,0.443137254901961,0.317647058823529",Color/Palettes/Process/PANTONE/PANTONE+/PantonePlusColorBridgeCoated.xml,2026-02-11 17:29:00
PANTONE 4264 CP,4264,2200,true,11.0,54.0,59.0,20.0,"0.11,0.54,0.59,0.2","0.547,0.595686274509804,0.616078431372549",175,115,81,#AF7351,"0.686274509803922,0.450980392156863,0.317647058823529","0.623529411764706,0.447058823529412,0.329411764705882",Color/Palettes/Process/PANTONE/PANTONE+/PantonePlusColorBridgeCoated.xml,2026-02-11 17:29:00
PANTONE 4265 CP,4265,2200,true,14.0,57.0,63.0,28.0,"0.14,0.57,0.63,0.28","0.4957,0.593333333333333,0.611764705882353",160,102,71,#A06647,"0.627450980392157,0.4,0.27843137254902","0.568627450980392,0.4,0.290196078431373",Color/Palettes/Process/PANTONE/PANTONE+/PantonePlusColorBridgeCoated.xml,2026-02-11 17:29:00
PANTONE 4266 CP,4266,2200,true,10.0,56.0,74.0,32.0,"0.1,0.56,0.74,0.32","0.4853,0.593529411764706,0.64243137254902",158,99,54,#9E6336,"0.619607843137255,0.388235294117647,0.211764705882353","0.56078431372549,0.388235294117647,0.235294117647059",Color/Palettes/Process/PANTONE/PANTONE+/PantonePlusColorBridgeCoated.xml,2026-02-11 17:29:00
PANTONE 4267 CP,4267,2200,true,20.0,24.0,27.0,1.0,"0.2,0.24,0.27,0.01","0.7432,0.515607843137255,0.545137254901961",193,181,162,#C1B5A2,"0.756862745098039,0.709803921568627,0.635294117647059","0.737254901960784,0.701960784313725,0.631372549019608",Color/Palettes/Process/PANTONE/PANTONE+/PantonePlusColorBridgeCoated.xml,2026-02-11 17:29:00
PANTONE 4268 CP,4268,2200,true,23.0,30.0,35.0,5.0,"0.23,0.3,0.35,0.05","0.6921,0.520705882352941,0.554666666666667",182,166,144,#B6A690,"0.713725490196078,0.650980392156863,0.564705882352941","0.690196078431373,0.647058823529412,0.564705882352941",Color/Palettes/Process/PANTONE/PANTONE+/PantonePlusColorBridgeCoated.xml,2026-02-11 17:29:00
PANTONE 4269 CP,4269,2200,true,23.0,34.0,45.0,11.0,"0.23,0.34,0.45,0.11","0.6435,0.526156862745098,0.57043137254902",173,152,124,#AD987C,"0.67843137254902,0.596078431372549,0.486274509803922","0.650980392156863,0.592156862745098,0.490196078431373",Color/Palettes/Process/PANTONE/PANTONE+/PantonePlusColorBridgeCoated.xml,2026-02-11 17:29:00
PANTONE 4270 CP,4270,2200,true,31.0,35.0,47.0,16.0,"0.31,0.35,0.47,0.16","0.5986,0.513725490196078,0.558823529411765",155,143,118,#9B8F76,"0.607843137254902,0.56078431372549,0.462745098039216","0.588235294117647,0.552941176470588,0.462745098039216",Color/Palettes/Process/PANTONE/PANTONE+/PantonePlusColorBridgeCoated.xml,2026-02-11 17:29:00
PANTONE 4271 CP,4271,2200,true,34.0,40.0,45.0,18.0,"0.34,0.4,0.45,0.18","0.5641,0.51921568627451,0.546274509803922",146,133,115,#928573,"0.572549019607843,0.52156862745098,0.450980392156863","0.552941176470588,0.517647058823529,0.450980392156863",Color/Palettes/Process/PANTONE/PANTONE+/PantonePlusColorBridgeCoated.xml,2026-02-11 17:29:00
PANTONE 4272 CP,4272,2200,true,37.0,48.0,49.0,27.0,"0.37,0.48,0.49,0.27","0.5092,0.523176470588235,0.543058823529412",133,118,103,#857667,"0.52156862745098,0.462745098039216,0.403921568627451","0.501960784313725,0.462745098039216,0.403921568627451",Color/Palettes/Process/PANTONE/PANTONE+/PantonePlusColorBridgeCoated.xml,2026-02-11 17:29:00
PANTONE 4273 CP,4273,2200,true,58.0,61.0,54.0,49.0,"0.58,0.61,0.54,0.49","0.3772,0.50921568627451,0.520313725490196",92,88,81,#5C5851,"0.36078431372549,0.345098039215686,0.317647058823529","0.356862745098039,0.349019607843137,0.32156862745098",Color/Palettes/Process/PANTONE/PANTONE+/PantonePlusColorBridgeCoated.xml,2026-02-11 17:29:00
PANTONE 4274 CP,4274,2200,true,29.0,19.0,15.0,0.0,"0.29,0.19,0.15,0.0","0.7389,0.494470588235294,0.505882352941176",177,183,179,#B1B7B3,"0.694117647058824,0.717647058823529,0.701960784313725","0.698039215686274,0.713725490196078,0.698039215686274",Color/Palettes/Process/PANTONE/PANTONE+/PantonePlusColorBridgeCoated.xml,2026-02-11 17:29:00
PANTONE 4275 CP,4275,2200,true,31.0,22.0,22.0,1.0,"0.31,0.22,0.22,0.01","0.7062,0.493137254901961,0.520196078431373",170,175,163,#AAAFA3,"0.666666666666667,0.686274509803922,0.63921568627451","0.666666666666667,0.67843137254902,0.635294117647059",Color/Palettes/Process/PANTONE/PANTONE+/PantonePlusColorBridgeCoated.xml,2026-02-11 17:29:00
PANTONE 4276 CP,4276,2200,true,36.0,29.0,24.0,5.0,"0.36,0.29,0.24,0.05","0.6518,0.501019607843137,0.513764705882353",158,159,152,#9E9F98,"0.619607843137255,0.623529411764706,0.596078431372549","0.615686274509804,0.615686274509804,0.592156862745098",Color/Palettes/Process/PANTONE/PANTONE+/PantonePlusColorBridgeCoated.xml,2026-02-11 17:29:00
PANTONE 4277 CP,4277,2200,true,41.0,36.0,26.0,9.0,"0.41,0.36,0.26,0.09","0.5929,0.507333333333333,0.508078431372549",144,143,139,#908F8B,"0.564705882352941,0.56078431372549,0.545098039215686","0.556862745098039,0.552941176470588,0.541176470588235",Color/Palettes/Process/PANTONE/PANTONE+/PantonePlusColorBridgeCoated.xml,2026-02-11 17:29:00
PANTONE 4278 CP,4278,2200,true,47.0,39.0,31.0,14.0,"0.47,0.39,0.31,0.14","0.5487,0.50121568627451,0.507254901960784",130,132,128,#828480,"0.509803921568627,0.517647058823529,0.501960784313725","0.505882352941176,0.513725490196078,0.498039215686275",Color/Palettes/Process/PANTONE/PANTONE+/PantonePlusColorBridgeCoated.xml,2026-02-11 17:29:00
PANTONE 4279 CP,4279,2200,true,58.0,56.0,44.0,35.0,"0.58,0.56,0.44,0.35","0.4018,0.512078431372549,0.508980392156863",98,94,91,#625E5B,"0.384313725490196,0.368627450980392,0.356862745098039","0.380392156862745,0.368627450980392,0.36078431372549",Color/Palettes/Process/PANTONE/PANTONE+/PantonePlusColorBridgeCoated.xml,2026-02-11 17:29:00
PANTONE 4280 CP,4280,2200,true,86.0,68.0,36.0,78.0,"0.86,0.68,0.36,0.78","0.2073,0.500352941176471,0.478627450980392",45,51,58,#2D333A,"0.176470588235294,0.2,0.227450980392157","0.196078431372549,0.211764705882353,0.235294117647059",Color/Palettes/Process/PANTONE/PANTONE+/PantonePlusColorBridgeCoated.xml,2026-02-11 17:29:00
PANTONE 4281 CP,4281,2200,true,28.0,22.0,18.0,1.0,"0.28,0.22,0.18,0.01","0.7164,0.503411764705882,0.509529411764706",176,176,171,#B0B0AB,"0.690196078431373,0.690196078431373,0.670588235294118","0.682352941176471,0.682352941176471,0.666666666666667",Color/Palettes/Process/PANTONE/PANTONE+/PantonePlusColorBridgeCoated.xml,2026-02-11 17:29:00
PANTONE 4282 CP,4282,2200,true,28.0,26.0,19.0,2.0,"0.28,0.26,0.19,0.02","0.6937,0.509843137254902,0.51243137254902",173,169,164,#ADA9A4,"0.67843137254902,0.662745098039216,0.643137254901961","0.666666666666667,0.654901960784314,0.63921568627451",Color/Palettes/Process/PANTONE/PANTONE+/PantonePlusColorBridgeCoated.xml,2026-02-11 17:29:00
PANTONE 4283 CP,4283,2200,true,30.0,29.0,23.0,3.0,"0.3,0.29,0.23,0.03","0.6638,0.516156862745098,0.515019607843137",168,160,155,#A8A09B,"0.658823529411765,0.627450980392157,0.607843137254902","0.643137254901961,0.619607843137255,0.603921568627451",Color/Palettes/Process/PANTONE/PANTONE+/PantonePlusColorBridgeCoated.xml,2026-02-11 17:29:00
PANTONE 4284 CP,4284,2200,true,51.0,48.0,33.0,20.0,"0.51,0.48,0.33,0.2","0.4684,0.520156862745098,0.489764705882353",115,109,116,#736D74,"0.450980392156863,0.427450980392157,0.454901960784314","0.443137254901961,0.427450980392157,0.450980392156863",Color/Palettes/Process/PANTONE/PANTONE+/PantonePlusColorBridgeCoated.xml,2026-02-11 17:29:00
PANTONE 4285 CP,4285,2200,true,55.0,52.0,34.0,24.0,"0.55,0.52,0.34,0.24","0.4359,0.520509803921569,0.488117647058824",107,101,108,#6B656C,"0.419607843137255,0.396078431372549,0.423529411764706","0.411764705882353,0.396078431372549,0.423529411764706",Color/Palettes/Process/PANTONE/PANTONE+/PantonePlusColorBridgeCoated.xml,2026-02-11 17:29:00
PANTONE 4286 CP,4286,2200,true,55.0,55.0,40.0,30.0,"0.55,0.55,0.4,0.3","0.4089,0.526823529411765,0.495529411764706",104,94,99,#685E63,"0.407843137254902,0.368627450980392,0.388235294117647","0.396078431372549,0.368627450980392,0.388235294117647",Color/Palettes/Process/PANTONE/PANTONE+/PantonePlusColorBridgeCoated.xml,2026-02-11 17:29:00
PANTONE 4287 CP,4287,2200,true,66.0,62.0,55.0,54.0,"0.66,0.62,0.55,0.54","0.3092,0.507764705882353,0.505058823529412",74,73,71,#4A4947,"0.290196078431373,0.286274509803922,0.27843137254902","0.294117647058824,0.290196078431373,0.286274509803922",Color/Palettes/Process/PANTONE/PANTONE+/PantonePlusColorBridgeCoated.xml,2026-02-11 17:29:00
PANTONE 4288 CP,4288,2200,true,26.0,17.0,20.0,0.0,"0.26,0.17,0.2,0.0","0.7471,0.494588235294118,0.526588235294118",183,185,172,#B7B9AC,"0.717647058823529,0.725490196078431,0.674509803921569","0.713725490196078,0.72156862745098,0.670588235294118",Color/Palettes/Process/PANTONE/PANTONE+/PantonePlusColorBridgeCoated.xml,2026-02-11 17:29:00
PANTONE 4289 CP,4289,2200,true,37.0,30.0,26.0,6.0,"0.37,0.3,0.26,0.06","0.6322,0.508313725490196,0.507333333333333",155,153,150,#9B9996,"0.607843137254902,0.6,0.588235294117647","0.6,0.592156862745098,0.584313725490196",Color/Palettes/Process/PANTONE/PANTONE+/PantonePlusColorBridgeCoated.xml,2026-02-11 17:29:00
PANTONE 4290 CP,4290,2200,true,38.0,36.0,30.0,9.0,"0.38,0.36,0.3,0.09","0.5804,0.514352941176471,0.509176470588235",144,138,136,#908A88,"0.564705882352941,0.541176470588235,0.533333333333333","0.552941176470588,0.537254901960784,0.529411764705882",Color/Palettes/Process/PANTONE/PANTONE+/PantonePlusColorBridgeCoated.xml,2026-02-11 17:29:00
PANTONE 4291 CP,4291,2200,true,48.0,45.0,39.0,21.0,"0.48,0.45,0.39,0.21","0.4855,0.511450980392157,0.507725490196078",118,115,112,#767370,"0.462745098039216,0.450980392156863,0.43921568627451","0.458823529411765,0.447058823529412,0.43921568627451",Color/Palettes/Process/PANTONE/PANTONE+/PantonePlusColorBridgeCoated.xml,2026-02-11 17:29:00
PANTONE 4292 CP,4292,2200,true,50.0,46.0,38.0,21.0,"0.5,0.46,0.38,0.21","0.4803,0.508823529411765,0.502666666666667",115,114,113,#737271,"0.450980392156863,0.447058823529412,0.443137254901961","0.447058823529412,0.443137254901961,0.443137254901961",Color/Palettes/Process/PANTONE/PANTONE+/PantonePlusColorBridgeCoated.xml,2026-02-11 17:29:00
PANTONE 4293 CP,4293,2200,true,55.0,54.0,38.0,28.0,"0.55,0.54,0.38,0.28","0.4249,0.518862745098039,0.492352941176471",104,99,104,#686368,"0.407843137254902,0.388235294117647,0.407843137254902","0.4,0.388235294117647,0.407843137254902",Color/Palettes/Process/PANTONE/PANTONE+/PantonePlusColorBridgeCoated.xml,2026-02-11 17:29:00
PANTONE 4294 CP,4294,2200,true,59.0,56.0,43.0,36.0,"0.59,0.56,0.43,0.36","0.3873,0.516078431372549,0.494823529411765",94,90,94,#5E5A5E,"0.368627450980392,0.352941176470588,0.368627450980392","0.364705882352941,0.352941176470588,0.368627450980392",Color/Palettes/Process/PANTONE/PANTONE+/PantonePlusColorBridgeCoated.xml,2026-02-11 17:29:00
PANTONE 6001 CP,6001,2430,true,5.0,10.0,55.0,0.0,"0.05,0.1,0.55,0.0","0.8635,0.489764705882353,0.675764705882353",230,217,129,#E6D981,"0.901960784313726,0.850980392156863,0.505882352941176","0.882352941176471,0.847058823529412,0.52156862745098",Color/Palettes/Process/PANTONE/PANTONE+/PantonePlusColorBridgeCoated.xml,2026-02-11 17:29:00
PANTONE 6002 CP,6002,2430,true,3.0,14.0,62.0,1.0,"0.03,0.14,0.62,0.01","0.8436,0.504156862745098,0.697490196078431",232,209,113,#E8D171,"0.909803921568627,0.819607843137255,0.443137254901961","0.882352941176471,0.815686274509804,0.462745098039216",Color/Palettes/Process/PANTONE/PANTONE+/PantonePlusColorBridgeCoated.xml,2026-02-11 17:29:00
PANTONE 6003 CP,6003,2430,true,4.0,21.0,77.0,3.0,"0.04,0.21,0.77,0.03","0.7966,0.516039215686275,0.733372549019608",225,194,81,#E1C251,"0.882352941176471,0.76078431372549,0.317647058823529","0.843137254901961,0.752941176470588,0.352941176470588",Color/Palettes/Process/PANTONE/PANTONE+/PantonePlusColorBridgeCoated.xml,2026-02-11 17:29:00
PANTONE 6004 CP,6004,2430,true,3.0,24.0,87.0,5.0,"0.03,0.24,0.87,0.05","0.7689,0.524588235294118,0.759529411764706",221,185,56,#DDB938,"0.866666666666667,0.725490196078431,0.219607843137255","0.823529411764706,0.717647058823529,0.274509803921569",Color/Palettes/Process/PANTONE/PANTONE+/PantonePlusColorBridgeCoated.xml,2026-02-11 17:29:00
PANTONE 6005 CP,6005,2430,true,2.0,27.0,96.0,8.0,"0.02,0.27,0.96,0.08","0.7467,0.535725490196079,0.774",219,177,38,#DBB126,"0.858823529411765,0.694117647058824,0.149019607843137","0.811764705882353,0.686274509803922,0.223529411764706",Color/Palettes/Process/PANTONE/PANTONE+/PantonePlusColorBridgeCoated.xml,2026-02-11 17:29:00
PANTONE 6006 CP,6006,2430,true,1.0,32.0,100.0,13.0,"0.01,0.32,1.0,0.13","0.7037,0.546705882352941,0.758549019607843",210,164,38,#D2A426,"0.823529411764706,0.643137254901961,0.149019607843137","0.772549019607843,0.635294117647059,0.215686274509804",Color/Palettes/Process/PANTONE/PANTONE+/PantonePlusColorBridgeCoated.xml,2026-02-11 17:29:00
PANTONE 6007 CP,6007,2430,true,2.0,46.0,93.0,20.0,"0.02,0.46,0.93,0.2","0.6255,0.575019607843137,0.71721568627451",195,138,47,#C38A2F,"0.764705882352941,0.541176470588235,0.184313725490196","0.705882352941177,0.537254901960784,0.227450980392157",Color/Palettes/Process/PANTONE/PANTONE+/PantonePlusColorBridgeCoated.xml,2026-02-11 17:29:00
PANTONE 6008 CP,6008,2430,true,16.0,30.0,51.0,9.0,"0.16,0.3,0.51,0.09","0.6944,0.526352941176471,0.600862745098039",190,165,123,#BEA57B,"0.745098039215686,0.647058823529412,0.482352941176471","0.713725490196078,0.643137254901961,0.490196078431373",Color/Palettes/Process/PANTONE/PANTONE+/PantonePlusColorBridgeCoated.xml,2026-02-11 17:29:00
PANTONE 6009 CP,6009,2430,true,16.0,35.0,60.0,16.0,"0.16,0.35,0.6,0.16","0.6448,0.536196078431373,0.617843137254902",181,151,103,#B59767,"0.709803921568627,0.592156862745098,0.403921568627451","0.674509803921569,0.584313725490196,0.411764705882353",Color/Palettes/Process/PANTONE/PANTONE+/PantonePlusColorBridgeCoated.xml,2026-02-11 17:29:00
PANTONE 6010 CP,6010,2430,true,16.0,38.0,66.0,23.0,"0.16,0.38,0.66,0.23","0.6051,0.543764705882353,0.62443137254902",174,139,90,#AE8B5A,"0.682352941176471,0.545098039215686,0.352941176470588","0.63921568627451,0.541176470588235,0.364705882352941",Color/Palettes/Process/PANTONE/PANTONE+/PantonePlusColorBridgeCoated.xml,2026-02-11 17:29:00
PANTONE 6011 CP,6011,2430,true,15.0,40.0,72.0,28.0,"0.15,0.4,0.72,0.28","0.5846,0.549058823529412,0.637333333333333",171,133,79,#AB854F,"0.670588235294118,0.52156862745098,0.309803921568627","0.623529411764706,0.517647058823529,0.325490196078431",Color/Palettes/Process/PANTONE/PANTONE+/PantonePlusColorBridgeCoated.xml,2026-02-11 17:29:00
PANTONE 6012 CP,6012,2430,true,13.0,48.0,84.0,43.0,"0.13,0.48,0.84,0.43","0.5101,0.558823529411765,0.649333333333333",154,112,56,#9A7038,"0.603921568627451,0.43921568627451,0.219607843137255","0.556862745098039,0.43921568627451,0.243137254901961",Color/Palettes/Process/PANTONE/PANTONE+/PantonePlusColorBridgeCoated.xml,2026-02-11 17:29:00
PANTONE 6013 CP,6013,2430,true,9.0,53.0,91.0,51.0,"0.09,0.53,0.91,0.51","0.4654,0.569764705882353,0.649254901960784",145,99,45,#91632D,"0.568627450980392,0.388235294117647,0.176470588235294","0.52156862745098,0.388235294117647,0.203921568627451",Color/Palettes/Process/PANTONE/PANTONE+/PantonePlusColorBridgeCoated.xml,2026-02-11 17:29:00
PANTONE 6014 CP,6014,2430,true,22.0,46.0,85.0,57.0,"0.22,0.46,0.85,0.57","0.4386,0.535019607843137,0.619254901960784",125,98,53,#7D6235,"0.490196078431373,0.384313725490196,0.207843137254902","0.462745098039216,0.384313725490196,0.227450980392157",Color/Palettes/Process/PANTONE/PANTONE+/PantonePlusColorBridgeCoated.xml,2026-02-11 17:29:00
PANTONE 6015 CP,6015,2430,true,0.0,31.0,50.0,0.0,"0.0,0.31,0.5,0.0","0.7807,0.560627450980392,0.639098039215686",231,183,128,#E7B780,"0.905882352941176,0.717647058823529,0.501960784313725","0.854901960784314,0.709803921568627,0.509803921568627",Color/Palettes/Process/PANTONE/PANTONE+/PantonePlusColorBridgeCoated.xml,2026-02-11 17:29:00
PANTONE 6016 CP,6016,2430,true,0.0,43.0,69.0,0.0,"0.0,0.43,0.69,0.0","0.7169,0.59556862745098,0.678078431372549",228,159,93,#E49F5D,"0.894117647058824,0.623529411764706,0.364705882352941","0.823529411764706,0.615686274509804,0.380392156862745",Color/Palettes/Process/PANTONE/PANTONE+/PantonePlusColorBridgeCoated.xml,2026-02-11 17:29:00
PANTONE 6017 CP,6017,2430,true,0.0,49.0,82.0,0.0,"0.0,0.49,0.82,0.0","0.6853,0.612941176470588,0.711450980392157",226,147,68,#E29344,"0.886274509803922,0.576470588235294,0.266666666666667","0.807843137254902,0.568627450980392,0.294117647058824",Color/Palettes/Process/PANTONE/PANTONE+/PantonePlusColorBridgeCoated.xml,2026-02-11 17:29:00
PANTONE 6018 CP,6018,2430,true,0.0,57.0,93.0,0.0,"0.0,0.57,0.93,0.0","0.6545,0.633372549019608,0.727411764705882",224,134,51,#E08633,"0.87843137254902,0.525490196078431,0.2","0.792156862745098,0.52156862745098,0.235294117647059",Color/Palettes/Process/PANTONE/PANTONE+/PantonePlusColorBridgeCoated.xml,2026-02-11 17:29:00
PANTONE 6019 CP,6019,2430,true,0.0,65.0,100.0,0.0,"0.0,0.65,1.0,0.0","0.6141,0.662196078431373,0.720549019607843",221,117,46,#DD752E,"0.866666666666667,0.458823529411765,0.180392156862745","0.772549019607843,0.454901960784314,0.215686274509804",Color/Palettes/Process/PANTONE/PANTONE+/PantonePlusColorBridgeCoated.xml,2026-02-11 17:29:00
PANTONE 6020 CP,6020,2430,true,0.0,73.0,100.0,0.0,"0.0,0.73,1.0,0.0","0.5849,0.685450980392157,0.708117647058824",219,103,48,#DB6730,"0.858823529411765,0.403921568627451,0.188235294117647","0.756862745098039,0.403921568627451,0.211764705882353",Color/Palettes/Process/PANTONE/PANTONE+/PantonePlusColorBridgeCoated.xml,2026-02-11 17:29:00
PANTONE 6021 CP,6021,2430,true,0.0,73.0,100.0,1.0,"0.0,0.73,1.0,0.01","0.5799,0.678745098039216,0.703843137254902",215,104,48,#D76830,"0.843137254901961,0.407843137254902,0.188235294117647","0.745098039215686,0.407843137254902,0.215686274509804",Color/Palettes/Process/PANTONE/PANTONE+/PantonePlusColorBridgeCoated.xml,2026-02-11 17:29:00
PANTONE 6022 CP,6022,2430,true,0.0,25.0,24.0,0.0,"0.0,0.25,0.24,0.0","0.8077,0.556470588235294,0.562196078431373",231,191,172,#E7BFAC,"0.905882352941176,0.749019607843137,0.674509803921569","0.858823529411765,0.745098039215686,0.674509803921569",Color/Palettes/Process/PANTONE/PANTONE+/PantonePlusColorBridgeCoated.xml,2026-02-11 17:29:00
PANTONE 6023 CP,6023,2430,true,0.0,32.0,33.0,0.0,"0.0,0.32,0.33,0.0","0.7644,0.574078431372549,0.585647058823529",227,176,150,#E3B096,"0.890196078431372,0.690196078431373,0.588235294117647","0.835294117647059,0.686274509803922,0.588235294117647",Color/Palettes/Process/PANTONE/PANTONE+/PantonePlusColorBridgeCoated.xml,2026-02-11 17:29:00
PANTONE 6024 CP,6024,2430,true,0.0,46.0,43.0,0.0,"0.0,0.46,0.43,0.0","0.7014,0.609921568627451,0.604509803921569",224,152,125,#E0987D,"0.87843137254902,0.596078431372549,0.490196078431373","0.803921568627451,0.592156862745098,0.494117647058824",Color/Palettes/Process/PANTONE/PANTONE+/PantonePlusColorBridgeCoated.xml,2026-02-11 17:29:00
PANTONE 6025 CP,6025,2430,true,1.0,54.0,54.0,3.0,"0.01,0.54,0.54,0.03","0.6437,0.630392156862745,0.622078431372549",215,133,103,#D78567,"0.843137254901961,0.52156862745098,0.403921568627451","0.764705882352941,0.513725490196078,0.407843137254902",Color/Palettes/Process/PANTONE/PANTONE+/PantonePlusColorBridgeCoated.xml,2026-02-11 17:29:00
PANTONE 6026 CP,6026,2430,true,2.0,59.0,64.0,6.0,"0.02,0.59,0.64,0.06","0.6095,0.641843137254902,0.646078431372549",210,121,83,#D27953,"0.823529411764706,0.474509803921569,0.325490196078431","0.741176470588235,0.470588235294118,0.337254901960784",Color/Palettes/Process/PANTONE/PANTONE+/PantonePlusColorBridgeCoated.xml,2026-02-11 17:29:00
PANTONE 6027 CP,6027,2430,true,2.0,66.0,78.0,13.0,"0.02,0.66,0.78,0.13","0.541,0.649803921568627,0.661607843137255",193,101,60,#C1653C,"0.756862745098039,0.396078431372549,0.235294117647059","0.674509803921569,0.396078431372549,0.250980392156863",Color/Palettes/Process/PANTONE/PANTONE+/PantonePlusColorBridgeCoated.xml,2026-02-11 17:29:00
PANTONE 6028 CP,6028,2430,true,3.0,68.0,77.0,18.0,"0.03,0.68,0.77,0.18","0.5199,0.645764705882353,0.647137254901961",185,97,62,#B9613E,"0.725490196078431,0.380392156862745,0.243137254901961","0.643137254901961,0.380392156862745,0.258823529411765",Color/Palettes/Process/PANTONE/PANTONE+/PantonePlusColorBridgeCoated.xml,2026-02-11 17:29:00
PANTONE 6029 CP,6029,2430,true,12.0,29.0,23.0,1.0,"0.12,0.29,0.23,0.01","0.758,0.543411764705882,0.544078431372549",209,180,167,#D1B4A7,"0.819607843137255,0.705882352941177,0.654901960784314","0.784313725490196,0.701960784313725,0.650980392156863",Color/Palettes/Process/PANTONE/PANTONE+/PantonePlusColorBridgeCoated.xml,2026-02-11 17:29:00
PANTONE 6030 CP,6030,2430,true,14.0,35.0,31.0,3.0,"0.14,0.35,0.31,0.03","0.704,0.555725490196078,0.556313725490196",200,163,147,#C8A393,"0.784313725490196,0.63921568627451,0.576470588235294","0.741176470588235,0.635294117647059,0.576470588235294",Color/Palettes/Process/PANTONE/PANTONE+/PantonePlusColorBridgeCoated.xml,2026-02-11 17:29:00
PANTONE 6031 CP,6031,2430,true,16.0,40.0,39.0,8.0,"0.16,0.4,0.39,0.08","0.6543,0.562274509803922,0.571647058823529",190,149,127,#BE957F,"0.745098039215686,0.584313725490196,0.498039215686275","0.698039215686274,0.580392156862745,0.498039215686275",Color/Palettes/Process/PANTONE/PANTONE+/PantonePlusColorBridgeCoated.xml,2026-02-11 17:29:00
PANTONE 6032 CP,6032,2430,true,17.0,45.0,43.0,12.0,"0.17,0.45,0.43,0.12","0.6144,0.56721568627451,0.576078431372549",181,138,115,#B58A73,"0.709803921568627,0.541176470588235,0.450980392156863","0.662745098039216,0.533333333333333,0.454901960784314",Color/Palettes/Process/PANTONE/PANTONE+/PantonePlusColorBridgeCoated.xml,2026-02-11 17:29:00
PANTONE 6033 CP,6033,2430,true,17.0,50.0,49.0,17.0,"0.17,0.5,0.49,0.17","0.5713,0.575843137254902,0.587607843137255",173,125,100,#AD7D64,"0.67843137254902,0.490196078431373,0.392156862745098","0.627450980392157,0.486274509803922,0.396078431372549",Color/Palettes/Process/PANTONE/PANTONE+/PantonePlusColorBridgeCoated.xml,2026-02-11 17:29:00
PANTONE 6034 CP,6034,2430,true,16.0,53.0,56.0,23.0,"0.16,0.53,0.56,0.23","0.5319,0.581058823529412,0.600823529411765",165,114,84,#A57254,"0.647058823529412,0.447058823529412,0.329411764705882","0.592156862745098,0.443137254901961,0.337254901960784",Color/Palettes/Process/PANTONE/PANTONE+/PantonePlusColorBridgeCoated.xml,2026-02-11 17:29:00
PANTONE 6035 CP,6035,2430,true,16.0,57.0,64.0,31.0,"0.16,0.57,0.64,0.31","0.4921,0.582627450980392,0.606039215686275",155,104,72,#9B6848,"0.607843137254902,0.407843137254902,0.282352941176471","0.552941176470588,0.403921568627451,0.294117647058824",Color/Palettes/Process/PANTONE/PANTONE+/PantonePlusColorBridgeCoated.xml,2026-02-11 17:29:00
PANTONE 6036 CP,6036,2430,true,16.0,44.0,24.0,5.0,"0.16,0.44,0.24,0.05","0.6525,0.580627450980392,0.526941176470588",192,146,148,#C09294,"0.752941176470588,0.572549019607843,0.580392156862745","0.701960784313725,0.564705882352941,0.572549019607843",Color/Palettes/Process/PANTONE/PANTONE+/PantonePlusColorBridgeCoated.xml,2026-02-11 17:29:00
PANTONE 6037 CP,6037,2430,true,19.0,53.0,33.0,12.0,"0.19,0.53,0.33,0.12","0.5782,0.589607843137255,0.536901960784314",176,125,124,#B07D7C,"0.690196078431373,0.490196078431373,0.486274509803922","0.635294117647059,0.486274509803922,0.482352941176471",Color/Palettes/Process/PANTONE/PANTONE+/PantonePlusColorBridgeCoated.xml,2026-02-11 17:29:00
PANTONE 6038 CP,6038,2430,true,19.0,60.0,38.0,18.0,"0.19,0.6,0.38,0.18","0.532,0.599921568627451,0.542392156862745",167,111,110,#A76F6E,"0.654901960784314,0.435294117647059,0.431372549019608","0.596078431372549,0.431372549019608,0.431372549019608",Color/Palettes/Process/PANTONE/PANTONE+/PantonePlusColorBridgeCoated.xml,2026-02-11 17:29:00
PANTONE 6039 CP,6039,2430,true,20.0,66.0,44.0,26.0,"0.2,0.66,0.44,0.26","0.474,0.610352941176471,0.551843137254902",156,94,92,#9C5E5C,"0.611764705882353,0.368627450980392,0.36078431372549","0.549019607843137,0.368627450980392,0.364705882352941",Color/Palettes/Process/PANTONE/PANTONE+/PantonePlusColorBridgeCoated.xml,2026-02-11 17:29:00
PANTONE 6040 CP,6040,2430,true,17.0,75.0,52.0,37.0,"0.17,0.75,0.52,0.37","0.4094,0.619764705882353,0.566078431372549",142,76,71,#8E4C47,"0.556862745098039,0.298039215686275,0.27843137254902","0.494117647058824,0.301960784313725,0.286274509803922",Color/Palettes/Process/PANTONE/PANTONE+/PantonePlusColorBridgeCoated.xml,2026-02-11 17:29:00
PANTONE 6041 CP,6041,2430,true,14.0,81.0,59.0,46.0,"0.14,0.81,0.59,0.46","0.3536,0.626156862745098,0.566666666666667",129,61,58,#813D3A,"0.505882352941176,0.23921568627451,0.227450980392157","0.447058823529412,0.247058823529412,0.23921568627451",Color/Palettes/Process/PANTONE/PANTONE+/PantonePlusColorBridgeCoated.xml,2026-02-11 17:29:00
PANTONE 6042 CP,6042,2430,true,16.0,86.0,65.0,62.0,"0.16,0.86,0.65,0.62","0.2822,0.603058823529412,0.554705882352941",103,49,47,#67312F,"0.403921568627451,0.192156862745098,0.184313725490196","0.356862745098039,0.207843137254902,0.2",Color/Palettes/Process/PANTONE/PANTONE+/PantonePlusColorBridgeCoated.xml,2026-02-11 17:29:00
PANTONE 6043 CP,6043,2430,true,0.0,51.0,25.0,0.0,"0.0,0.51,0.25,0.0","0.6935,0.628156862745098,0.546862745098039",223,147,150,#DF9396,"0.874509803921569,0.576470588235294,0.588235294117647","0.8,0.568627450980392,0.584313725490196",Color/Palettes/Process/PANTONE/PANTONE+/PantonePlusColorBridgeCoated.xml,2026-02-11 17:29:00
PANTONE 6044 CP,6044,2430,true,0.0,56.0,30.0,0.0,"0.0,0.56,0.3,0.0","0.6639,0.64643137254902,0.557333333333333",222,135,138,#DE878A,"0.870588235294118,0.529411764705882,0.541176470588235","0.788235294117647,0.525490196078431,0.537254901960784",Color/Palettes/Process/PANTONE/PANTONE+/PantonePlusColorBridgeCoated.xml,2026-02-11 17:29:00
PANTONE 6045 CP,6045,2430,true,0.0,61.0,35.0,0.0,"0.0,0.61,0.35,0.0","0.6444,0.657058823529412,0.568980392156863",221,127,128,#DD7F80,"0.866666666666667,0.498039215686275,0.501960784313725","0.780392156862745,0.494117647058824,0.498039215686275",Color/Palettes/Process/PANTONE/PANTONE+/PantonePlusColorBridgeCoated.xml,2026-02-11 17:29:00
PANTONE 6046 CP,6046,2430,true,0.0,67.0,45.0,0.0,"0.0,0.67,0.45,0.0","0.6108,0.677372549019608,0.590039215686274",219,113,110,#DB716E,"0.858823529411765,0.443137254901961,0.431372549019608","0.764705882352941,0.43921568627451,0.431372549019608",Color/Palettes/Process/PANTONE/PANTONE+/PantonePlusColorBridgeCoated.xml,2026-02-11 17:29:00
PANTONE 6047 CP,6047,2430,true,1.0,79.0,71.0,5.0,"0.01,0.79,0.71,0.05","0.5322,0.700509803921569,0.644274509803922",205,85,68,#CD5544,"0.803921568627451,0.333333333333333,0.266666666666667","0.705882352941177,0.337254901960784,0.274509803921569",Color/Palettes/Process/PANTONE/PANTONE+/PantonePlusColorBridgeCoated.xml,2026-02-11 17:29:00
PANTONE 6048 CP,6048,2430,true,1.0,79.0,65.0,5.0,"0.01,0.79,0.65,0.05","0.541,0.70164705882353,0.633294117647059",208,87,75,#D0574B,"0.815686274509804,0.341176470588235,0.294117647058824","0.713725490196078,0.345098039215686,0.301960784313725",Color/Palettes/Process/PANTONE/PANTONE+/PantonePlusColorBridgeCoated.xml,2026-02-11 17:29:00
PANTONE 6049 CP,6049,2430,true,1.0,81.0,90.0,16.0,"0.01,0.81,0.9,0.16","0.4885,0.683803921568627,0.661019607843137",188,79,49,#BC4F31,"0.737254901960784,0.309803921568627,0.192156862745098","0.643137254901961,0.313725490196078,0.211764705882353",Color/Palettes/Process/PANTONE/PANTONE+/PantonePlusColorBridgeCoated.xml,2026-02-11 17:29:00
PANTONE 6050 CP,6050,2430,true,0.0,40.0,1.0,0.0,"0.0,0.4,0.01,0.0","0.7538,0.606352941176471,0.484274509803922",226,168,195,#E2A8C3,"0.886274509803922,0.658823529411765,0.764705882352941","0.827450980392157,0.650980392156863,0.756862745098039",Color/Palettes/Process/PANTONE/PANTONE+/PantonePlusColorBridgeCoated.xml,2026-02-11 17:29:00
PANTONE 6051 CP,6051,2430,true,0.0,57.0,10.0,0.0,"0.0,0.57,0.1,0.0","0.6681,0.655333333333333,0.502901960784314",222,134,164,#DE86A4,"0.870588235294118,0.525490196078431,0.643137254901961","0.788235294117647,0.52156862745098,0.631372549019608",Color/Palettes/Process/PANTONE/PANTONE+/PantonePlusColorBridgeCoated.xml,2026-02-11 17:29:00
PANTONE 6052 CP,6052,2430,true,0.0,66.0,18.0,0.0,"0.0,0.66,0.18,0.0","0.6228,0.680235294117647,0.523019607843137",219,116,143,#DB748F,"0.858823529411765,0.454901960784314,0.56078431372549","0.764705882352941,0.450980392156863,0.552941176470588",Color/Palettes/Process/PANTONE/PANTONE+/PantonePlusColorBridgeCoated.xml,2026-02-11 17:29:00
PANTONE 6053 CP,6053,2430,true,0.0,74.0,26.0,0.0,"0.0,0.74,0.26,0.0","0.5853,0.70356862745098,0.541333333333333",217,99,126,#D9637E,"0.850980392156863,0.388235294117647,0.494117647058824","0.749019607843137,0.388235294117647,0.486274509803922",Color/Palettes/Process/PANTONE/PANTONE+/PantonePlusColorBridgeCoated.xml,2026-02-11 17:29:00
PANTONE 6054 CP,6054,2430,true,0.0,76.0,22.0,0.0,"0.0,0.76,0.22,0.0","0.5769,0.711254901960784,0.536156862745098",217,95,126,#D95F7E,"0.850980392156863,0.372549019607843,0.494117647058824","0.745098039215686,0.372549019607843,0.486274509803922",Color/Palettes/Process/PANTONE/PANTONE+/PantonePlusColorBridgeCoated.xml,2026-02-11 17:29:00
PANTONE 6055 CP,6055,2430,true,1.0,84.0,37.0,3.0,"0.01,0.84,0.37,0.03","0.5298,0.721529411764706,0.566901960784314",208,78,102,#D04E66,"0.815686274509804,0.305882352941176,0.4","0.709803921568627,0.309803921568627,0.396078431372549",Color/Palettes/Process/PANTONE/PANTONE+/PantonePlusColorBridgeCoated.xml,2026-02-11 17:29:00
PANTONE 6056 CP,6056,2430,true,1.0,88.0,49.0,7.0,"0.01,0.88,0.49,0.07","0.5019,0.725921568627451,0.58756862745098",202,68,86,#CA4456,"0.792156862745098,0.266666666666667,0.337254901960784","0.686274509803922,0.274509803921569,0.337254901960784",Color/Palettes/Process/PANTONE/PANTONE+/PantonePlusColorBridgeCoated.xml,2026-02-11 17:29:00
PANTONE 6057 CP,6057,2430,true,7.0,72.0,0.0,0.0,"0.07,0.72,0.0,0.0","0.5868,0.689098039215686,0.469843137254902",207,104,158,#CF689E,"0.811764705882353,0.407843137254902,0.619607843137255","0.72156862745098,0.407843137254902,0.603921568627451",Color/Palettes/Process/PANTONE/PANTONE+/PantonePlusColorBridgeCoated.xml,2026-02-11 17:29:00
PANTONE 6058 CP,6058,2430,true,10.0,79.0,0.0,1.0,"0.1,0.79,0.0,0.01","0.543,0.703921568627451,0.469058823529412",199,88,147,#C75893,"0.780392156862745,0.345098039215686,0.576470588235294","0.686274509803922,0.349019607843137,0.56078431372549",Color/Palettes/Process/PANTONE/PANTONE+/PantonePlusColorBridgeCoated.xml,2026-02-11 17:29:00
PANTONE 6059 CP,6059,2430,true,11.0,82.0,3.0,2.0,"0.11,0.82,0.03,0.02","0.5259,0.712392156862745,0.475764705882353",198,81,139,#C6518B,"0.776470588235294,0.317647058823529,0.545098039215686","0.67843137254902,0.32156862745098,0.533333333333333",Color/Palettes/Process/PANTONE/PANTONE+/PantonePlusColorBridgeCoated.xml,2026-02-11 17:29:00
PANTONE 6060 CP,6060,2430,true,12.0,86.0,6.0,5.0,"0.12,0.86,0.06,0.05","0.5006,0.715490196078431,0.47921568627451",192,73,132,#C04984,"0.752941176470588,0.286274509803922,0.517647058823529","0.654901960784314,0.290196078431373,0.505882352941176",Color/Palettes/Process/PANTONE/PANTONE+/PantonePlusColorBridgeCoated.xml,2026-02-11 17:29:00
PANTONE 6061 CP,6061,2430,true,12.0,90.0,10.0,11.0,"0.12,0.9,0.1,0.11","0.4581,0.718509803921569,0.488627450980392",181,59,117,#B53B75,"0.709803921568627,0.231372549019608,0.458823529411765","0.615686274509804,0.243137254901961,0.450980392156863",Color/Palettes/Process/PANTONE/PANTONE+/PantonePlusColorBridgeCoated.xml,2026-02-11 17:29:00
PANTONE 6062 CP,6062,2430,true,9.0,92.0,13.0,14.0,"0.09,0.92,0.13,0.14","0.4528,0.720588235294118,0.498156862745098",181,57,112,#B53970,"0.709803921568627,0.223529411764706,0.43921568627451","0.611764705882353,0.231372549019608,0.431372549019608",Color/Palettes/Process/PANTONE/PANTONE+/PantonePlusColorBridgeCoated.xml,2026-02-11 17:29:00
PANTONE 6063 CP,6063,2430,true,9.0,94.0,21.0,23.0,"0.09,0.94,0.21,0.23","0.4202,0.710392156862745,0.515686274509804",169,51,96,#A93360,"0.662745098039216,0.2,0.376470588235294","0.572549019607843,0.211764705882353,0.372549019607843",Color/Palettes/Process/PANTONE/PANTONE+/PantonePlusColorBridgeCoated.xml,2026-02-11 17:29:00
PANTONE 6064 CP,6064,2430,true,13.0,30.0,7.0,0.0,"0.13,0.3,0.07,0.0","0.7611,0.556509803921569,0.486392156862745",208,179,195,#D0B3C3,"0.815686274509804,0.701960784313725,0.764705882352941","0.780392156862745,0.698039215686274,0.756862745098039",Color/Palettes/Process/PANTONE/PANTONE+/PantonePlusColorBridgeCoated.xml,2026-02-11 17:29:00
PANTONE 6065 CP,6065,2430,true,15.0,39.0,12.0,1.0,"0.15,0.39,0.12,0.01","0.7051,0.57643137254902,0.492549019607843",201,161,177,#C9A1B1,"0.788235294117647,0.631372549019608,0.694117647058824","0.745098039215686,0.623529411764706,0.686274509803922",Color/Palettes/Process/PANTONE/PANTONE+/PantonePlusColorBridgeCoated.xml,2026-02-11 17:29:00
PANTONE 6066 CP,6066,2430,true,17.0,44.0,14.0,3.0,"0.17,0.44,0.14,0.03","0.6628,0.582980392156863,0.49556862745098",193,148,165,#C194A5,"0.756862745098039,0.580392156862745,0.647058823529412","0.705882352941177,0.576470588235294,0.63921568627451",Color/Palettes/Process/PANTONE/PANTONE+/PantonePlusColorBridgeCoated.xml,2026-02-11 17:29:00
PANTONE 6067 CP,6067,2430,true,21.0,50.0,18.0,6.0,"0.21,0.5,0.18,0.06","0.6173,0.584156862745098,0.497411764705882",181,136,152,#B58898,"0.709803921568627,0.533333333333333,0.596078431372549","0.658823529411765,0.529411764705882,0.588235294117647",Color/Palettes/Process/PANTONE/PANTONE+/PantonePlusColorBridgeCoated.xml,2026-02-11 17:29:00
PANTONE 6068 CP,6068,2430,true,24.0,54.0,20.0,9.0,"0.24,0.54,0.2,0.09","0.5808,0.590509803921569,0.498313725490196",173,125,142,#AD7D8E,"0.67843137254902,0.490196078431373,0.556862745098039","0.627450980392157,0.486274509803922,0.549019607843137",Color/Palettes/Process/PANTONE/PANTONE+/PantonePlusColorBridgeCoated.xml,2026-02-11 17:29:00
PANTONE 6069 CP,6069,2430,true,27.0,61.0,25.0,15.0,"0.27,0.61,0.25,0.15","0.52,0.59678431372549,0.501176470588235",159,109,125,#9F6D7D,"0.623529411764706,0.427450980392157,0.490196078431373","0.572549019607843,0.423529411764706,0.486274509803922",Color/Palettes/Process/PANTONE/PANTONE+/PantonePlusColorBridgeCoated.xml,2026-02-11 17:29:00
PANTONE 6070 CP,6070,2430,true,28.0,61.0,26.0,17.0,"0.28,0.61,0.26,0.17","0.5165,0.587647058823529,0.502901960784314",155,109,123,#9B6D7B,"0.607843137254902,0.427450980392157,0.482352941176471","0.56078431372549,0.427450980392157,0.47843137254902",Color/Palettes/Process/PANTONE/PANTONE+/PantonePlusColorBridgeCoated.xml,2026-02-11 17:29:00
PANTONE 6071 CP,6071,2430,true,38.0,50.0,15.0,8.0,"0.38,0.5,0.15,0.08","0.5409,0.552392156862745,0.458862745098039",143,123,148,#8F7B94,"0.56078431372549,0.482352941176471,0.580392156862745","0.533333333333333,0.47843137254902,0.572549019607843",Color/Palettes/Process/PANTONE/PANTONE+/PantonePlusColorBridgeCoated.xml,2026-02-11 17:29:00
PANTONE 6072 CP,6072,2430,true,49.0,68.0,18.0,21.0,"0.49,0.68,0.18,0.21","0.4127,0.566392156862745,0.456",115,88,117,#735875,"0.450980392156863,0.345098039215686,0.458823529411765","0.423529411764706,0.349019607843137,0.450980392156863",Color/Palettes/Process/PANTONE/PANTONE+/PantonePlusColorBridgeCoated.xml,2026-02-11 17:29:00
PANTONE 6073 CP,6073,2430,true,53.0,74.0,20.0,30.0,"0.53,0.74,0.2,0.3","0.3589,0.565960784313725,0.454156862745098",101,76,104,#654C68,"0.396078431372549,0.298039215686275,0.407843137254902","0.372549019607843,0.301960784313725,0.403921568627451",Color/Palettes/Process/PANTONE/PANTONE+/PantonePlusColorBridgeCoated.xml,2026-02-11 17:29:00
PANTONE 6074 CP,6074,2430,true,53.0,77.0,21.0,36.0,"0.53,0.77,0.21,0.36","0.327,0.57,0.457490196078431",95,67,95,#5F435F,"0.372549019607843,0.262745098039216,0.372549019607843","0.349019607843137,0.270588235294118,0.368627450980392",Color/Palettes/Process/PANTONE/PANTONE+/PantonePlusColorBridgeCoated.xml,2026-02-11 17:29:00
PANTONE 6075 CP,6075,2430,true,55.0,81.0,22.0,44.0,"0.55,0.81,0.22,0.44","0.2883,0.567333333333333,0.461647058823529",86,59,84,#563B54,"0.337254901960784,0.231372549019608,0.329411764705882","0.313725490196078,0.23921568627451,0.329411764705882",Color/Palettes/Process/PANTONE/PANTONE+/PantonePlusColorBridgeCoated.xml,2026-02-11 17:29:00
PANTONE 6076 CP,6076,2430,true,58.0,88.0,22.0,63.0,"0.58,0.88,0.22,0.63","0.2154,0.560196078431373,0.469529411764706",67,44,64,#432C40,"0.262745098039216,0.172549019607843,0.250980392156863","0.250980392156863,0.184313725490196,0.258823529411765",Color/Palettes/Process/PANTONE/PANTONE+/PantonePlusColorBridgeCoated.xml,2026-02-11 17:29:00
PANTONE 6077 CP,6077,2430,true,61.0,83.0,38.0,74.0,"0.61,0.83,0.38,0.74","0.1845,0.533254901960784,0.490078431372549",54,41,49,#362931,"0.211764705882353,0.16078431372549,0.192156862745098","0.211764705882353,0.176470588235294,0.203921568627451",Color/Palettes/Process/PANTONE/PANTONE+/PantonePlusColorBridgeCoated.xml,2026-02-11 17:29:00
PANTONE 6078 CP,6078,2430,true,22.0,45.0,0.0,0.0,"0.22,0.45,0.0,0.0","0.6612,0.580196078431373,0.439529411764706",183,149,190,#B795BE,"0.717647058823529,0.584313725490196,0.745098039215686","0.67843137254902,0.580392156862745,0.733333333333333",Color/Palettes/Process/PANTONE/PANTONE+/PantonePlusColorBridgeCoated.xml,2026-02-11 17:29:00
PANTONE 6079 CP,6079,2430,true,28.0,56.0,0.0,0.0,"0.28,0.56,0.0,0.0","0.5929,0.59721568627451,0.425882352941176",170,128,177,#AA80B1,"0.666666666666667,0.501960784313725,0.694117647058824","0.619607843137255,0.498039215686275,0.682352941176471",Color/Palettes/Process/PANTONE/PANTONE+/PantonePlusColorBridgeCoated.xml,2026-02-11 17:29:00
PANTONE 6080 CP,6080,2430,true,37.0,66.0,0.0,0.0,"0.37,0.66,0.0,0.0","0.5236,0.612274509803922,0.413333333333333",155,108,164,#9B6CA4,"0.607843137254902,0.423529411764706,0.643137254901961","0.556862745098039,0.419607843137255,0.631372549019608",Color/Palettes/Process/PANTONE/PANTONE+/PantonePlusColorBridgeCoated.xml,2026-02-11 17:29:00
PANTONE 6081 CP,6081,2430,true,40.0,70.0,0.0,0.0,"0.4,0.7,0.0,0.0","0.4987,0.620509803921569,0.409921568627451",151,100,159,#97649F,"0.592156862745098,0.392156862745098,0.623529411764706","0.537254901960784,0.388235294117647,0.611764705882353",Color/Palettes/Process/PANTONE/PANTONE+/PantonePlusColorBridgeCoated.xml,2026-02-11 17:29:00
PANTONE 6082 CP,6082,2430,true,47.0,78.0,0.0,0.0,"0.47,0.78,0.0,0.0","0.4431,0.62756862745098,0.397254901960784",137,84,150,#895496,"0.537254901960784,0.329411764705882,0.588235294117647","0.486274509803922,0.333333333333333,0.576470588235294",Color/Palettes/Process/PANTONE/PANTONE+/PantonePlusColorBridgeCoated.xml,2026-02-11 17:29:00
PANTONE 6083 CP,6083,2430,true,54.0,89.0,0.0,0.0,"0.54,0.89,0.0,0.0","0.3812,0.64678431372549,0.387882352941176",126,64,138,#7E408A,"0.494117647058824,0.250980392156863,0.541176470588235","0.43921568627451,0.258823529411765,0.529411764705882",Color/Palettes/Process/PANTONE/PANTONE+/PantonePlusColorBridgeCoated.xml,2026-02-11 17:29:00
PANTONE 6084 CP,6084,2430,true,58.0,95.0,0.0,5.0,"0.58,0.95,0.0,0.05","0.349,0.651921568627451,0.387803921568627",120,55,130,#783782,"0.470588235294118,0.215686274509804,0.509803921568627","0.415686274509804,0.227450980392157,0.498039215686275",Color/Palettes/Process/PANTONE/PANTONE+/PantonePlusColorBridgeCoated.xml,2026-02-11 17:29:00
PANTONE 6085 CP,6085,2430,true,19.0,11.0,0.0,0.0,"0.19,0.11,0.0,0.0","0.8325,0.500039215686275,0.458",198,209,228,#C6D1E4,"0.776470588235294,0.819607843137255,0.894117647058824","0.784313725490196,0.811764705882353,0.886274509803922",Color/Palettes/Process/PANTONE/PANTONE+/PantonePlusColorBridgeCoated.xml,2026-02-11 17:29:00
PANTONE 6086 CP,6086,2430,true,31.0,20.0,1.0,0.0,"0.31,0.2,0.01,0.0","0.7374,0.503529411764706,0.436666666666667",169,182,211,#A9B6D3,"0.662745098039216,0.713725490196078,0.827450980392157","0.670588235294118,0.709803921568627,0.819607843137255",Color/Palettes/Process/PANTONE/PANTONE+/PantonePlusColorBridgeCoated.xml,2026-02-11 17:29:00
PANTONE 6087 CP,6087,2430,true,38.0,26.0,2.0,0.0,"0.38,0.26,0.02,0.0","0.6918,0.506235294117647,0.423921568627451",155,170,204,#9BAACC,"0.607843137254902,0.666666666666667,0.8","0.619607843137255,0.658823529411765,0.792156862745098",Color/Palettes/Process/PANTONE/PANTONE+/PantonePlusColorBridgeCoated.xml,2026-02-11 17:29:00
PANTONE 6088 CP,6088,2430,true,46.0,32.0,2.0,2.0,"0.46,0.32,0.02,0.02","0.6256,0.508,0.410470588235294",135,152,192,#8798C0,"0.529411764705882,0.596078431372549,0.752941176470588","0.545098039215686,0.592156862745098,0.741176470588235",Color/Palettes/Process/PANTONE/PANTONE+/PantonePlusColorBridgeCoated.xml,2026-02-11 17:29:00
PANTONE 6089 CP,6089,2430,true,55.0,40.0,0.0,0.0,"0.55,0.4,0.0,0.0","0.5739,0.515764705882353,0.385960784313725",120,138,189,#788ABD,"0.470588235294118,0.541176470588235,0.741176470588235","0.486274509803922,0.537254901960784,0.729411764705882",Color/Palettes/Process/PANTONE/PANTONE+/PantonePlusColorBridgeCoated.xml,2026-02-11 17:29:00
PANTONE 6090 CP,6090,2430,true,62.0,51.0,2.0,4.0,"0.62,0.51,0.02,0.04","0.4962,0.52521568627451,0.380352941176471",103,117,170,#6775AA,"0.403921568627451,0.458823529411765,0.666666666666667","0.419607843137255,0.454901960784314,0.654901960784314",Color/Palettes/Process/PANTONE/PANTONE+/PantonePlusColorBridgeCoated.xml,2026-02-11 17:29:00
PANTONE 6091 CP,6091,2430,true,73.0,61.0,2.0,7.0,"0.73,0.61,0.02,0.07","0.4217,0.523019607843137,0.366274509803922",79,99,157,#4F639D,"0.309803921568627,0.388235294117647,0.615686274509804","0.337254901960784,0.388235294117647,0.6",Color/Palettes/Process/PANTONE/PANTONE+/PantonePlusColorBridgeCoated.xml,2026-02-11 17:29:00
PANTONE 6092 CP,6092,2430,true,47.0,39.0,0.0,0.0,"0.47,0.39,0.0,0.0","0.6112,0.524980392156863,0.406039215686274",139,146,190,#8B92BE,"0.545098039215686,0.572549019607843,0.745098039215686","0.549019607843137,0.564705882352941,0.733333333333333",Color/Palettes/Process/PANTONE/PANTONE+/PantonePlusColorBridgeCoated.xml,2026-02-11 17:29:00
PANTONE 6093 CP,6093,2430,true,52.0,42.0,0.0,0.0,"0.52,0.42,0.0,0.0","0.5794,0.529254901960784,0.398392156862745",131,137,185,#8389B9,"0.513725490196078,0.537254901960784,0.725490196078431","0.517647058823529,0.533333333333333,0.713725490196078",Color/Palettes/Process/PANTONE/PANTONE+/PantonePlusColorBridgeCoated.xml,2026-02-11 17:29:00
PANTONE 6094 CP,6094,2430,true,58.0,50.0,0.0,0.0,"0.58,0.5,0.0,0.0","0.5296,0.54043137254902,0.389098039215686",122,123,176,#7A7BB0,"0.47843137254902,0.482352941176471,0.690196078431373","0.474509803921569,0.47843137254902,0.67843137254902",Color/Palettes/Process/PANTONE/PANTONE+/PantonePlusColorBridgeCoated.xml,2026-02-11 17:29:00
PANTONE 6095 CP,6095,2430,true,62.0,54.0,0.0,0.0,"0.62,0.54,0.0,0.0","0.5007,0.538470588235294,0.379450980392157",111,116,172,#6F74AC,"0.435294117647059,0.454901960784314,0.674509803921569","0.43921568627451,0.450980392156863,0.662745098039216",Color/Palettes/Process/PANTONE/PANTONE+/PantonePlusColorBridgeCoated.xml,2026-02-11 17:29:00
PANTONE 6096 CP,6096,2430,true,71.0,65.0,0.0,0.0,"0.71,0.65,0.0,0.0","0.4213,0.54556862745098,0.363725490196078",90,95,158,#5A5F9E,"0.352941176470588,0.372549019607843,0.619607843137255","0.36078431372549,0.372549019607843,0.603921568627451",Color/Palettes/Process/PANTONE/PANTONE+/PantonePlusColorBridgeCoated.xml,2026-02-11 17:29:00
PANTONE 6097 CP,6097,2430,true,80.0,73.0,0.0,0.0,"0.8,0.73,0.0,0.0","0.3703,0.549764705882353,0.350666666666667",75,83,150,#4B5396,"0.294117647058824,0.325490196078431,0.588235294117647","0.309803921568627,0.325490196078431,0.572549019607843",Color/Palettes/Process/PANTONE/PANTONE+/PantonePlusColorBridgeCoated.xml,2026-02-11 17:29:00
PANTONE 6098 CP,6098,2430,true,87.0,81.0,0.0,2.0,"0.87,0.81,0.0,0.02","0.3192,0.554039215686275,0.345803921568627",63,70,138,#3F468A,"0.247058823529412,0.274509803921569,0.541176470588235","0.262745098039216,0.282352941176471,0.529411764705882",Color/Palettes/Process/PANTONE/PANTONE+/PantonePlusColorBridgeCoated.xml,2026-02-11 17:29:00
PANTONE 6099 CP,6099,2430,true,45.0,26.0,0.0,0.0,"0.45,0.26,0.0,0.0","0.666,0.50078431372549,0.411294117647059",143,164,203,#8FA4CB,"0.56078431372549,0.643137254901961,0.796078431372549","0.580392156862745,0.635294117647059,0.784313725490196",Color/Palettes/Process/PANTONE/PANTONE+/PantonePlusColorBridgeCoated.xml,2026-02-11 17:29:00
PANTONE 6100 CP,6100,2430,true,55.0,34.0,0.0,0.0,"0.55,0.34,0.0,0.0","0.5927,0.502588235294118,0.390941176470588",119,145,192,#7791C0,"0.466666666666667,0.568627450980392,0.752941176470588","0.494117647058824,0.56078431372549,0.741176470588235",Color/Palettes/Process/PANTONE/PANTONE+/PantonePlusColorBridgeCoated.xml,2026-02-11 17:29:00
PANTONE 6101 CP,6101,2430,true,64.0,44.0,0.0,0.0,"0.64,0.44,0.0,0.0","0.5239,0.505921568627451,0.372666666666667",97,127,181,#617FB5,"0.380392156862745,0.498039215686275,0.709803921568627","0.415686274509804,0.494117647058824,0.698039215686274",Color/Palettes/Process/PANTONE/PANTONE+/PantonePlusColorBridgeCoated.xml,2026-02-11 17:29:00
PANTONE 6102 CP,6102,2430,true,69.0,48.0,0.0,0.0,"0.69,0.48,0.0,0.0","0.4928,0.509294117647059,0.367254901960784",89,119,175,#5977AF,"0.349019607843137,0.466666666666667,0.686274509803922","0.388235294117647,0.462745098039216,0.674509803921569",Color/Palettes/Process/PANTONE/PANTONE+/PantonePlusColorBridgeCoated.xml,2026-02-11 17:29:00
PANTONE 6103 CP,6103,2430,true,85.0,69.0,1.0,6.0,"0.85,0.69,0.01,0.06","0.3552,0.523529411764706,0.346352941176471",54,83,147,#365393,"0.211764705882353,0.325490196078431,0.576470588235294","0.258823529411765,0.329411764705882,0.564705882352941",Color/Palettes/Process/PANTONE/PANTONE+/PantonePlusColorBridgeCoated.xml,2026-02-11 17:29:00
PANTONE 6104 CP,6104,2430,true,100.0,86.0,0.0,2.0,"1.0,0.86,0.0,0.02","0.2853,0.539176470588235,0.334470588235294",41,65,134,#294186,"0.16078431372549,0.254901960784314,0.525490196078431","0.203921568627451,0.262745098039216,0.513725490196078",Color/Palettes/Process/PANTONE/PANTONE+/PantonePlusColorBridgeCoated.xml,2026-02-11 17:29:00
PANTONE 6105 CP,6105,2430,true,100.0,87.0,0.0,8.0,"1.0,0.87,0.0,0.08","0.2786,0.542588235294118,0.340627450980392",44,63,130,#2C3F82,"0.172549019607843,0.247058823529412,0.509803921568627","0.207843137254902,0.254901960784314,0.498039215686275",Color/Palettes/Process/PANTONE/PANTONE+/PantonePlusColorBridgeCoated.xml,2026-02-11 17:29:00
PANTONE 6106 CP,6106,2430,true,27.0,15.0,6.0,0.0,"0.27,0.15,0.06,0.0","0.7694,0.494196078431373,0.463411764705882",178,192,207,#B2C0CF,"0.698039215686274,0.752941176470588,0.811764705882353","0.709803921568627,0.749019607843137,0.807843137254902",Color/Palettes/Process/PANTONE/PANTONE+/PantonePlusColorBridgeCoated.xml,2026-02-11 17:29:00
PANTONE 6107 CP,6107,2430,true,34.0,19.0,8.0,0.0,"0.34,0.19,0.08,0.0","0.7282,0.490627450980392,0.453098039215686",163,182,201,#A3B6C9,"0.63921568627451,0.713725490196078,0.788235294117647","0.654901960784314,0.705882352941177,0.780392156862745",Color/Palettes/Process/PANTONE/PANTONE+/PantonePlusColorBridgeCoated.xml,2026-02-11 17:29:00
PANTONE 6108 CP,6108,2430,true,44.0,24.0,10.0,2.0,"0.44,0.24,0.1,0.02","0.6619,0.486235294117647,0.446745098039216",142,165,185,#8EA5B9,"0.556862745098039,0.647058823529412,0.725490196078431","0.576470588235294,0.63921568627451,0.717647058823529",Color/Palettes/Process/PANTONE/PANTONE+/PantonePlusColorBridgeCoated.xml,2026-02-11 17:29:00
PANTONE 6109 CP,6109,2430,true,54.0,31.0,13.0,5.0,"0.54,0.31,0.13,0.05","0.5884,0.48478431372549,0.436352941176471",120,146,170,#7892AA,"0.470588235294118,0.572549019607843,0.666666666666667","0.498039215686275,0.564705882352941,0.658823529411765",Color/Palettes/Process/PANTONE/PANTONE+/PantonePlusColorBridgeCoated.xml,2026-02-11 17:29:00
PANTONE 6110 CP,6110,2430,true,57.0,34.0,14.0,7.0,"0.57,0.34,0.14,0.07","0.5577,0.482901960784314,0.438745098039216",111,138,161,#6F8AA1,"0.435294117647059,0.541176470588235,0.631372549019608","0.466666666666667,0.537254901960784,0.619607843137255",Color/Palettes/Process/PANTONE/PANTONE+/PantonePlusColorBridgeCoated.xml,2026-02-11 17:29:00
PANTONE 6111 CP,6111,2430,true,63.0,39.0,15.0,11.0,"0.63,0.39,0.15,0.11","0.5049,0.483686274509804,0.427647058823529",96,124,152,#607C98,"0.376470588235294,0.486274509803922,0.596078431372549","0.407843137254902,0.482352941176471,0.584313725490196",Color/Palettes/Process/PANTONE/PANTONE+/PantonePlusColorBridgeCoated.xml,2026-02-11 17:29:00
PANTONE 6112 CP,6112,2430,true,79.0,48.0,16.0,26.0,"0.79,0.48,0.16,0.26","0.3747,0.469686274509804,0.415764705882353",51,94,123,#335E7B,"0.2,0.368627450980392,0.482352941176471","0.266666666666667,0.368627450980392,0.474509803921569",Color/Palettes/Process/PANTONE/PANTONE+/PantonePlusColorBridgeCoated.xml,2026-02-11 17:29:00
PANTONE 6113 CP,6113,2430,true,58.0,30.0,25.0,11.0,"0.58,0.3,0.25,0.11","0.5454,0.467686274509804,0.469803921568627",107,136,144,#6B8890,"0.419607843137255,0.533333333333333,0.564705882352941","0.454901960784314,0.529411764705882,0.556862745098039",Color/Palettes/Process/PANTONE/PANTONE+/PantonePlusColorBridgeCoated.xml,2026-02-11 17:29:00
PANTONE 6114 CP,6114,2430,true,59.0,33.0,27.0,14.0,"0.59,0.33,0.27,0.14","0.5154,0.469058823529412,0.472745098039216",101,128,135,#658087,"0.396078431372549,0.501960784313725,0.529411764705882","0.427450980392157,0.498039215686275,0.52156862745098",Color/Palettes/Process/PANTONE/PANTONE+/PantonePlusColorBridgeCoated.xml,2026-02-11 17:29:00
PANTONE 6115 CP,6115,2430,true,64.0,36.0,31.0,20.0,"0.64,0.36,0.31,0.2","0.4736,0.461725490196078,0.472196078431373",86,119,124,#56777C,"0.337254901960784,0.466666666666667,0.486274509803922","0.380392156862745,0.462745098039216,0.482352941176471",Color/Palettes/Process/PANTONE/PANTONE+/PantonePlusColorBridgeCoated.xml,2026-02-11 17:29:00
PANTONE 6116 CP,6116,2430,true,69.0,39.0,33.0,27.0,"0.69,0.39,0.33,0.27","0.4183,0.453843137254902,0.472",68,106,110,#446A6E,"0.266666666666667,0.415686274509804,0.431372549019608","0.32156862745098,0.415686274509804,0.431372549019608",Color/Palettes/Process/PANTONE/PANTONE+/PantonePlusColorBridgeCoated.xml,2026-02-11 17:29:00
PANTONE 6117 CP,6117,2430,true,71.0,41.0,34.0,32.0,"0.71,0.41,0.34,0.32","0.3916,0.451294117647059,0.471960784313725",61,100,104,#3D6468,"0.23921568627451,0.392156862745098,0.407843137254902","0.298039215686275,0.388235294117647,0.403921568627451",Color/Palettes/Process/PANTONE/PANTONE+/PantonePlusColorBridgeCoated.xml,2026-02-11 17:29:00
PANTONE 6118 CP,6118,2430,true,77.0,46.0,45.0,56.0,"0.77,0.46,0.45,0.56","0.2844,0.455882352941176,0.494549019607843",44,73,69,#2C4945,"0.172549019607843,0.286274509803922,0.270588235294118","0.223529411764706,0.290196078431373,0.27843137254902",Color/Palettes/Process/PANTONE/PANTONE+/PantonePlusColorBridgeCoated.xml,2026-02-11 17:29:00
PANTONE 6119 CP,6119,2430,true,79.0,52.0,49.0,64.0,"0.79,0.52,0.49,0.64","0.2488,0.465490196078431,0.496117647058824",41,64,61,#29403D,"0.16078431372549,0.250980392156863,0.23921568627451","0.203921568627451,0.258823529411765,0.247058823529412",Color/Palettes/Process/PANTONE/PANTONE+/PantonePlusColorBridgeCoated.xml,2026-02-11 17:29:00
PANTONE 6120 CP,6120,2430,true,70.0,10.0,2.0,1.0,"0.7,0.1,0.02,0.01","0.632,0.415137254901961,0.368823529411765",48,167,212,#30A7D4,"0.188235294117647,0.654901960784314,0.831372549019608","0.396078431372549,0.650980392156863,0.819607843137255",Color/Palettes/Process/PANTONE/PANTONE+/PantonePlusColorBridgeCoated.xml,2026-02-11 17:29:00
PANTONE 6121 CP,6121,2430,true,77.0,12.0,2.0,1.0,"0.77,0.12,0.02,0.01","0.587,0.402862745098039,0.353333333333333",0,157,206,#009DCE,"0.0,0.615686274509804,0.807843137254902","0.313725490196078,0.611764705882353,0.796078431372549",Color/Palettes/Process/PANTONE/PANTONE+/PantonePlusColorBridgeCoated.xml,2026-02-11 17:29:00
PANTONE 6122 CP,6122,2430,true,88.0,19.0,1.0,3.0,"0.88,0.19,0.01,0.03","0.5201,0.403137254901961,0.337137254901961",0,140,195,#008CC3,"0.0,0.549019607843137,0.764705882352941","0.211764705882353,0.541176470588235,0.752941176470588",Color/Palettes/Process/PANTONE/PANTONE+/PantonePlusColorBridgeCoated.xml,2026-02-11 17:29:00
PANTONE 6123 CP,6123,2430,true,91.0,22.0,2.0,4.0,"0.91,0.22,0.02,0.04","0.4997,0.405333333333333,0.337294117647059",0,134,189,#0086BD,"0.0,0.525490196078431,0.741176470588235","0.192156862745098,0.52156862745098,0.729411764705882",Color/Palettes/Process/PANTONE/PANTONE+/PantonePlusColorBridgeCoated.xml,2026-02-11 17:29:00
PANTONE 6124 CP,6124,2430,true,96.0,24.0,1.0,7.0,"0.96,0.24,0.01,0.07","0.4671,0.410823529411765,0.333490196078431",0,125,182,#007DB6,"0.0,0.490196078431373,0.713725490196078","0.152941176470588,0.486274509803922,0.701960784313725",Color/Palettes/Process/PANTONE/PANTONE+/PantonePlusColorBridgeCoated.xml,2026-02-11 17:29:00
PANTONE 6125 CP,6125,2430,true,97.0,25.0,1.0,15.0,"0.97,0.25,0.01,0.15","0.4402,0.417882352941176,0.342823529411765",0,117,171,#0075AB,"0.0,0.458823529411765,0.670588235294118","0.16078431372549,0.458823529411765,0.654901960784314",Color/Palettes/Process/PANTONE/PANTONE+/PantonePlusColorBridgeCoated.xml,2026-02-11 17:29:00
PANTONE 6126 CP,6126,2430,true,100.0,47.0,0.0,17.0,"1.0,0.47,0.0,0.17","0.3736,0.461843137254902,0.341607843137255",0,96,154,#00609A,"0.0,0.376470588235294,0.603921568627451","0.176470588235294,0.376470588235294,0.588235294117647",Color/Palettes/Process/PANTONE/PANTONE+/PantonePlusColorBridgeCoated.xml,2026-02-11 17:29:00
PANTONE 6127 CP,6127,2430,true,60.0,5.0,14.0,1.0,"0.6,0.05,0.14,0.01","0.6805,0.412196078431373,0.427843137254902",95,180,198,#5FB4C6,"0.372549019607843,0.705882352941177,0.776470588235294","0.494117647058824,0.698039215686274,0.768627450980392",Color/Palettes/Process/PANTONE/PANTONE+/PantonePlusColorBridgeCoated.xml,2026-02-11 17:29:00
PANTONE 6128 CP,6128,2430,true,71.0,8.0,16.0,3.0,"0.71,0.08,0.16,0.03","0.5949,0.387372549019608,0.412509803921569",21,160,181,#15A0B5,"0.0823529411764706,0.627450980392157,0.709803921568627","0.36078431372549,0.619607843137255,0.701960784313725",Color/Palettes/Process/PANTONE/PANTONE+/PantonePlusColorBridgeCoated.xml,2026-02-11 17:29:00
PANTONE 6129 CP,6129,2430,true,82.0,9.0,20.0,8.0,"0.82,0.09,0.2,0.08","0.5305,0.364039215686275,0.406745098039216",0,145,166,#0091A6,"0.0,0.568627450980392,0.650980392156863","0.250980392156863,0.564705882352941,0.643137254901961",Color/Palettes/Process/PANTONE/PANTONE+/PantonePlusColorBridgeCoated.xml,2026-02-11 17:29:00
PANTONE 6130 CP,6130,2430,true,91.0,9.0,22.0,16.0,"0.91,0.09,0.22,0.16","0.4824,0.353960784313725,0.408745098039216",0,134,153,#008699,"0.0,0.525490196078431,0.6","0.180392156862745,0.517647058823529,0.588235294117647",Color/Palettes/Process/PANTONE/PANTONE+/PantonePlusColorBridgeCoated.xml,2026-02-11 17:29:00
PANTONE 6131 CP,6131,2430,true,100.0,4.0,20.0,32.0,"1.0,0.04,0.2,0.32","0.4113,0.364549019607843,0.413098039215686",0,114,132,#007284,"0.0,0.447058823529412,0.517647058823529","0.129411764705882,0.443137254901961,0.513725490196078",Color/Palettes/Process/PANTONE/PANTONE+/PantonePlusColorBridgeCoated.xml,2026-02-11 17:29:00
PANTONE 6132 CP,6132,2430,true,96.0,9.0,17.0,23.0,"0.96,0.09,0.17,0.23","0.4483,0.366588235294118,0.393764705882353",0,124,150,#007C96,"0.0,0.486274509803922,0.588235294117647","0.141176470588235,0.482352941176471,0.580392156862745",Color/Palettes/Process/PANTONE/PANTONE+/PantonePlusColorBridgeCoated.xml,2026-02-11 17:29:00
PANTONE 6133 CP,6133,2430,true,96.0,13.0,17.0,40.0,"0.96,0.13,0.17,0.4","0.3802,0.391803921568627,0.411098039215686",0,104,126,#00687E,"0.0,0.407843137254902,0.494117647058824","0.152941176470588,0.403921568627451,0.486274509803922",Color/Palettes/Process/PANTONE/PANTONE+/PantonePlusColorBridgeCoated.xml,2026-02-11 17:29:00
PANTONE 6134 CP,6134,2430,true,47.0,0.0,17.0,0.0,"0.47,0.0,0.17,0.0","0.7518,0.418196078431373,0.466941176470588",132,198,200,#84C6C8,"0.517647058823529,0.776470588235294,0.784313725490196","0.6,0.772549019607843,0.776470588235294",Color/Palettes/Process/PANTONE/PANTONE+/PantonePlusColorBridgeCoated.xml,2026-02-11 17:29:00
PANTONE 6135 CP,6135,2430,true,55.0,2.0,23.0,0.0,"0.55,0.02,0.23,0.0","0.7027,0.402549019607843,0.473490196078431",109,187,183,#6DBBB7,"0.427450980392157,0.733333333333333,0.717647058823529","0.533333333333333,0.725490196078431,0.713725490196078",Color/Palettes/Process/PANTONE/PANTONE+/PantonePlusColorBridgeCoated.xml,2026-02-11 17:29:00
PANTONE 6136 CP,6136,2430,true,67.0,6.0,30.0,3.0,"0.67,0.06,0.3,0.03","0.6094,0.377254901960784,0.467254901960784",57,164,160,#39A4A0,"0.223529411764706,0.643137254901961,0.627450980392157","0.403921568627451,0.63921568627451,0.623529411764706",Color/Palettes/Process/PANTONE/PANTONE+/PantonePlusColorBridgeCoated.xml,2026-02-11 17:29:00
PANTONE 6137 CP,6137,2430,true,73.0,8.0,33.0,7.0,"0.73,0.08,0.33,0.07","0.5717,0.368078431372549,0.464705882352941",26,155,151,#1A9B97,"0.101960784313725,0.607843137254902,0.592156862745098","0.352941176470588,0.603921568627451,0.588235294117647",Color/Palettes/Process/PANTONE/PANTONE+/PantonePlusColorBridgeCoated.xml,2026-02-11 17:29:00
PANTONE 6138 CP,6138,2430,true,80.0,9.0,37.0,11.0,"0.8,0.09,0.37,0.11","0.5163,0.347294117647059,0.469176470588235",0,142,135,#008E87,"0.0,0.556862745098039,0.529411764705882","0.274509803921569,0.552941176470588,0.525490196078431",Color/Palettes/Process/PANTONE/PANTONE+/PantonePlusColorBridgeCoated.xml,2026-02-11 17:29:00
PANTONE 6139 CP,6139,2430,true,84.0,10.0,40.0,18.0,"0.84,0.1,0.4,0.18","0.4767,0.34956862745098,0.469725490196078",0,132,125,#00847D,"0.0,0.517647058823529,0.490196078431373","0.23921568627451,0.513725490196078,0.486274509803922",Color/Palettes/Process/PANTONE/PANTONE+/PantonePlusColorBridgeCoated.xml,2026-02-11 17:29:00
PANTONE 6140 CP,6140,2430,true,87.0,10.0,42.0,24.0,"0.87,0.1,0.42,0.24","0.4491,0.349411764705882,0.473882352941176",0,124,116,#007C74,"0.0,0.486274509803922,0.454901960784314","0.219607843137255,0.482352941176471,0.454901960784314",Color/Palettes/Process/PANTONE/PANTONE+/PantonePlusColorBridgeCoated.xml,2026-02-11 17:29:00
PANTONE 6141 CP,6141,2430,true,46.0,0.0,28.0,0.0,"0.46,0.0,0.28,0.0","0.7421,0.408862745098039,0.503411764705882",132,196,180,#84C4B4,"0.517647058823529,0.768627450980392,0.705882352941177","0.6,0.764705882352941,0.701960784313725",Color/Palettes/Process/PANTONE/PANTONE+/PantonePlusColorBridgeCoated.xml,2026-02-11 17:29:00
PANTONE 6142 CP,6142,2430,true,58.0,0.0,39.0,0.0,"0.58,0.0,0.39,0.0","0.6857,0.376627450980392,0.51921568627451",99,185,157,#63B99D,"0.388235294117647,0.725490196078431,0.615686274509804","0.509803921568627,0.717647058823529,0.615686274509804",Color/Palettes/Process/PANTONE/PANTONE+/PantonePlusColorBridgeCoated.xml,2026-02-11 17:29:00
PANTONE 6143 CP,6143,2430,true,73.0,0.0,52.0,0.0,"0.73,0.0,0.52,0.0","0.6054,0.322470588235294,0.522941176470588",0,168,133,#00A885,"0.0,0.658823529411765,0.52156862745098","0.36078431372549,0.654901960784314,0.525490196078431",Color/Palettes/Process/PANTONE/PANTONE+/PantonePlusColorBridgeCoated.xml,2026-02-11 17:29:00
PANTONE 6144 CP,6144,2430,true,81.0,0.0,60.0,0.0,"0.81,0.0,0.6,0.0","0.5765,0.297176470588235,0.531333333333333",0,163,122,#00A37A,"0.0,0.63921568627451,0.47843137254902","0.301960784313725,0.631372549019608,0.482352941176471",Color/Palettes/Process/PANTONE/PANTONE+/PantonePlusColorBridgeCoated.xml,2026-02-11 17:29:00
PANTONE 6145 CP,6145,2430,true,90.0,1.0,69.0,6.0,"0.9,0.01,0.69,0.06","0.5094,0.271529411764706,0.540588235294118",0,146,100,#009264,"0.0,0.572549019607843,0.392156862745098","0.203921568627451,0.568627450980392,0.403921568627451",Color/Palettes/Process/PANTONE/PANTONE+/PantonePlusColorBridgeCoated.xml,2026-02-11 17:29:00
PANTONE 6146 CP,6146,2430,true,98.0,0.0,76.0,12.0,"0.98,0.0,0.76,0.12","0.4802,0.267137254901961,0.55043137254902",0,139,89,#008B59,"0.0,0.545098039215686,0.349019607843137","0.176470588235294,0.537254901960784,0.36078431372549",Color/Palettes/Process/PANTONE/PANTONE+/PantonePlusColorBridgeCoated.xml,2026-02-11 17:29:00
PANTONE 6147 CP,6147,2430,true,98.0,0.0,82.0,20.0,"0.98,0.0,0.82,0.2","0.4525,0.284352941176471,0.557490196078431",0,130,79,#00824F,"0.0,0.509803921568627,0.309803921568627","0.184313725490196,0.505882352941176,0.325490196078431",Color/Palettes/Process/PANTONE/PANTONE+/PantonePlusColorBridgeCoated.xml,2026-02-11 17:29:00
PANTONE 6148 CP,6148,2430,true,13.0,1.0,3.0,0.0,"0.13,0.01,0.03,0.0","0.886,0.483803921568627,0.484941176470588",210,226,230,#D2E2E6,"0.823529411764706,0.886274509803922,0.901960784313726","0.83921568627451,0.882352941176471,0.898039215686275",Color/Palettes/Process/PANTONE/PANTONE+/PantonePlusColorBridgeCoated.xml,2026-02-11 17:29:00
PANTONE 6149 CP,6149,2430,true,24.0,2.0,11.0,0.0,"0.24,0.02,0.11,0.0","0.8403,0.457686274509804,0.489686274509804",184,217,214,#B8D9D6,"0.72156862745098,0.850980392156863,0.83921568627451","0.756862745098039,0.847058823529412,0.835294117647059",Color/Palettes/Process/PANTONE/PANTONE+/PantonePlusColorBridgeCoated.xml,2026-02-11 17:29:00
PANTONE 6150 CP,6150,2430,true,38.0,4.0,20.0,0.0,"0.38,0.04,0.2,0.0","0.7638,0.432274509803922,0.491686274509804",150,199,192,#96C7C0,"0.588235294117647,0.780392156862745,0.752941176470588","0.643137254901961,0.776470588235294,0.749019607843137",Color/Palettes/Process/PANTONE/PANTONE+/PantonePlusColorBridgeCoated.xml,2026-02-11 17:29:00
PANTONE 6151 CP,6151,2430,true,50.0,6.0,27.0,1.0,"0.5,0.06,0.27,0.01","0.7,0.410078431372549,0.486117647058823",117,185,176,#75B9B0,"0.458823529411765,0.725490196078431,0.690196078431373","0.549019607843137,0.717647058823529,0.686274509803922",Color/Palettes/Process/PANTONE/PANTONE+/PantonePlusColorBridgeCoated.xml,2026-02-11 17:29:00
PANTONE 6152 CP,6152,2430,true,61.0,11.0,42.0,7.0,"0.61,0.11,0.42,0.07","0.6038,0.392156862745098,0.524274509803922",89,160,133,#59A085,"0.349019607843137,0.627450980392157,0.52156862745098","0.450980392156863,0.623529411764706,0.52156862745098",Color/Palettes/Process/PANTONE/PANTONE+/PantonePlusColorBridgeCoated.xml,2026-02-11 17:29:00
PANTONE 6153 CP,6153,2430,true,70.0,13.0,52.0,17.0,"0.7,0.13,0.52,0.17","0.5113,0.376745098039216,0.53078431372549",53,138,107,#358A6B,"0.207843137254902,0.541176470588235,0.419607843137255","0.349019607843137,0.533333333333333,0.423529411764706",Color/Palettes/Process/PANTONE/PANTONE+/PantonePlusColorBridgeCoated.xml,2026-02-11 17:29:00
PANTONE 6154 CP,6154,2430,true,78.0,10.0,67.0,31.0,"0.78,0.1,0.67,0.31","0.433,0.350509803921569,0.550352941176471",0,119,79,#00774F,"0.0,0.466666666666667,0.309803921568627","0.254901960784314,0.466666666666667,0.32156862745098",Color/Palettes/Process/PANTONE/PANTONE+/PantonePlusColorBridgeCoated.xml,2026-02-11 17:29:00
PANTONE 6155 CP,6155,2430,true,56.0,11.0,42.0,6.0,"0.56,0.11,0.42,0.06","0.6298,0.412313725490196,0.535921568627451",111,165,135,#6FA587,"0.435294117647059,0.647058823529412,0.529411764705882","0.501960784313725,0.63921568627451,0.529411764705882",Color/Palettes/Process/PANTONE/PANTONE+/PantonePlusColorBridgeCoated.xml,2026-02-11 17:29:00
PANTONE 6156 CP,6156,2430,true,63.0,12.0,50.0,12.0,"0.63,0.12,0.5,0.12","0.5557,0.394039215686275,0.540274509803922",81,147,114,#519372,"0.317647058823529,0.576470588235294,0.447058823529412","0.411764705882353,0.572549019607843,0.450980392156863",Color/Palettes/Process/PANTONE/PANTONE+/PantonePlusColorBridgeCoated.xml,2026-02-11 17:29:00
PANTONE 6157 CP,6157,2430,true,69.0,13.0,58.0,19.0,"0.69,0.13,0.58,0.19","0.5011,0.381725490196078,0.544470588235294",59,134,98,#3B8662,"0.231372549019608,0.525490196078431,0.384313725490196","0.349019607843137,0.52156862745098,0.392156862745098",Color/Palettes/Process/PANTONE/PANTONE+/PantonePlusColorBridgeCoated.xml,2026-02-11 17:29:00
PANTONE 6158 CP,6158,2430,true,75.0,10.0,65.0,26.0,"0.75,0.1,0.65,0.26","0.4637,0.364627450980392,0.547764705882353",33,126,87,#217E57,"0.129411764705882,0.494117647058824,0.341176470588235","0.298039215686275,0.490196078431373,0.352941176470588",Color/Palettes/Process/PANTONE/PANTONE+/PantonePlusColorBridgeCoated.xml,2026-02-11 17:29:00
PANTONE 6159 CP,6159,2430,true,82.0,9.0,69.0,36.0,"0.82,0.09,0.69,0.36","0.4016,0.352588235294118,0.543058823529412",0,111,75,#006F4B,"0.0,0.435294117647059,0.294117647058824","0.227450980392157,0.435294117647059,0.305882352941176",Color/Palettes/Process/PANTONE/PANTONE+/PantonePlusColorBridgeCoated.xml,2026-02-11 17:29:00
PANTONE 6160 CP,6160,2430,true,86.0,9.0,78.0,53.0,"0.86,0.09,0.78,0.53","0.3241,0.371960784313725,0.546470588235294",0,90,56,#005A38,"0.0,0.352941176470588,0.219607843137255","0.188235294117647,0.352941176470588,0.235294117647059",Color/Palettes/Process/PANTONE/PANTONE+/PantonePlusColorBridgeCoated.xml,2026-02-11 17:29:00
PANTONE 6161 CP,6161,2430,true,85.0,16.0,76.0,66.0,"0.85,0.16,0.76,0.66","0.2681,0.406352941176471,0.530549019607843",12,74,51,#0C4A33,"0.0470588235294118,0.290196078431373,0.2","0.176470588235294,0.294117647058824,0.215686274509804",Color/Palettes/Process/PANTONE/PANTONE+/PantonePlusColorBridgeCoated.xml,2026-02-11 17:29:00
PANTONE 6162 CP,6162,2430,true,72.0,0.0,65.0,0.0,"0.72,0.0,0.65,0.0","0.6077,0.328,0.576392156862745",49,168,109,#31A86D,"0.192156862745098,0.658823529411765,0.427450980392157","0.4,0.650980392156863,0.43921568627451",Color/Palettes/Process/PANTONE/PANTONE+/PantonePlusColorBridgeCoated.xml,2026-02-11 17:29:00
PANTONE 6163 CP,6163,2430,true,81.0,0.0,72.0,1.0,"0.81,0.0,0.72,0.01","0.5682,0.286588235294118,0.566862745098039",0,161,103,#00A167,"0.0,0.631372549019608,0.403921568627451","0.301960784313725,0.627450980392157,0.415686274509804",Color/Palettes/Process/PANTONE/PANTONE+/PantonePlusColorBridgeCoated.xml,2026-02-11 17:29:00
PANTONE 6164 CP,6164,2430,true,88.0,0.0,78.0,0.0,"0.88,0.0,0.78,0.0","0.5487,0.267254901960784,0.571490196078431",0,157,96,#009D60,"0.0,0.615686274509804,0.376470588235294","0.258823529411765,0.611764705882353,0.388235294117647",Color/Palettes/Process/PANTONE/PANTONE+/PantonePlusColorBridgeCoated.xml,2026-02-11 17:29:00
PANTONE 6165 CP,6165,2430,true,95.0,0.0,87.0,2.0,"0.95,0.0,0.87,0.02","0.5213,0.250823529411765,0.579529411764706",0,151,85,#009755,"0.0,0.592156862745098,0.333333333333333","0.207843137254902,0.584313725490196,0.349019607843137",Color/Palettes/Process/PANTONE/PANTONE+/PantonePlusColorBridgeCoated.xml,2026-02-11 17:29:00
PANTONE 6166 CP,6166,2430,true,100.0,0.0,94.0,5.0,"1.0,0.0,0.94,0.05","0.4967,0.245372549019608,0.593960784313726",0,144,72,#009048,"0.0,0.564705882352941,0.282352941176471","0.184313725490196,0.56078431372549,0.305882352941176",Color/Palettes/Process/PANTONE/PANTONE+/PantonePlusColorBridgeCoated.xml,2026-02-11 17:29:00
PANTONE 6167 CP,6167,2430,true,100.0,0.0,100.0,27.0,"1.0,0.0,1.0,0.27","0.4194,0.28643137254902,0.576862745098039",0,121,63,#00793F,"0.0,0.474509803921569,0.247058823529412","0.172549019607843,0.470588235294118,0.266666666666667",Color/Palettes/Process/PANTONE/PANTONE+/PantonePlusColorBridgeCoated.xml,2026-02-11 17:29:00
PANTONE 6168 CP,6168,2430,true,99.0,0.0,92.0,28.0,"0.99,0.0,0.92,0.28","0.4242,0.293960784313726,0.572823529411765",0,121,66,#007942,"0.0,0.474509803921569,0.258823529411765","0.184313725490196,0.474509803921569,0.27843137254902",Color/Palettes/Process/PANTONE/PANTONE+/PantonePlusColorBridgeCoated.xml,2026-02-11 17:29:00
PANTONE 6169 CP,6169,2430,true,56.0,0.0,64.0,0.0,"0.56,0.0,0.64,0.0","0.6768,0.364392156862745,0.605058823529412",107,183,113,#6BB771,"0.419607843137255,0.717647058823529,0.443137254901961","0.52156862745098,0.709803921568627,0.458823529411765",Color/Palettes/Process/PANTONE/PANTONE+/PantonePlusColorBridgeCoated.xml,2026-02-11 17:29:00
PANTONE 6170 CP,6170,2430,true,61.0,1.0,68.0,1.0,"0.61,0.01,0.68,0.01","0.6438,0.348235294117647,0.604352941176471",87,175,105,#57AF69,"0.341176470588235,0.686274509803922,0.411764705882353","0.470588235294118,0.682352941176471,0.427450980392157",Color/Palettes/Process/PANTONE/PANTONE+/PantonePlusColorBridgeCoated.xml,2026-02-11 17:29:00
PANTONE 6171 CP,6171,2430,true,64.0,2.0,75.0,6.0,"0.64,0.02,0.75,0.06","0.6012,0.344235294117647,0.606078431372549",72,164,94,#48A45E,"0.282352941176471,0.643137254901961,0.368627450980392","0.423529411764706,0.63921568627451,0.384313725490196",Color/Palettes/Process/PANTONE/PANTONE+/PantonePlusColorBridgeCoated.xml,2026-02-11 17:29:00
PANTONE 6172 CP,6172,2430,true,66.0,4.0,76.0,15.0,"0.66,0.04,0.76,0.15","0.5403,0.355098039215686,0.594274509803921",61,147,84,#3D9354,"0.23921568627451,0.576470588235294,0.329411764705882","0.376470588235294,0.568627450980392,0.349019607843137",Color/Palettes/Process/PANTONE/PANTONE+/PantonePlusColorBridgeCoated.xml,2026-02-11 17:29:00
PANTONE 6173 CP,6173,2430,true,76.0,1.0,93.0,23.0,"0.76,0.01,0.93,0.23","0.475,0.321333333333333,0.605529411764706",0,133,63,#00853F,"0.0,0.52156862745098,0.247058823529412","0.282352941176471,0.513725490196078,0.270588235294118",Color/Palettes/Process/PANTONE/PANTONE+/PantonePlusColorBridgeCoated.xml,2026-02-11 17:29:00
PANTONE 6174 CP,6174,2430,true,77.0,2.0,92.0,31.0,"0.77,0.02,0.92,0.31","0.445,0.334274509803922,0.597921568627451",0,124,60,#007C3C,"0.0,0.486274509803922,0.235294117647059","0.266666666666667,0.482352941176471,0.258823529411765",Color/Palettes/Process/PANTONE/PANTONE+/PantonePlusColorBridgeCoated.xml,2026-02-11 17:29:00
PANTONE 6175 CP,6175,2430,true,75.0,5.0,87.0,40.0,"0.75,0.05,0.87,0.4","0.4076,0.362352941176471,0.577647058823529",22,112,61,#16703D,"0.0862745098039216,0.43921568627451,0.23921568627451","0.258823529411765,0.435294117647059,0.258823529411765",Color/Palettes/Process/PANTONE/PANTONE+/PantonePlusColorBridgeCoated.xml,2026-02-11 17:29:00
PANTONE 6176 CP,6176,2430,true,40.0,5.0,39.0,1.0,"0.4,0.05,0.39,0.01","0.7394,0.423294117647059,0.553921568627451",150,193,155,#96C19B,"0.588235294117647,0.756862745098039,0.607843137254902","0.635294117647059,0.752941176470588,0.611764705882353",Color/Palettes/Process/PANTONE/PANTONE+/PantonePlusColorBridgeCoated.xml,2026-02-11 17:29:00
PANTONE 6177 CP,6177,2430,true,48.0,8.0,48.0,4.0,"0.48,0.08,0.48,0.04","0.674,0.414823529411765,0.565843137254902",130,176,133,#82B085,"0.509803921568627,0.690196078431373,0.52156862745098","0.564705882352941,0.686274509803922,0.525490196078431",Color/Palettes/Process/PANTONE/PANTONE+/PantonePlusColorBridgeCoated.xml,2026-02-11 17:29:00
PANTONE 6178 CP,6178,2430,true,55.0,8.0,57.0,9.0,"0.55,0.08,0.57,0.09","0.6221,0.398705882352941,0.578313725490196",109,164,113,#6DA471,"0.427450980392157,0.643137254901961,0.443137254901961","0.498039215686275,0.63921568627451,0.450980392156863",Color/Palettes/Process/PANTONE/PANTONE+/PantonePlusColorBridgeCoated.xml,2026-02-11 17:29:00
PANTONE 6179 CP,6179,2430,true,62.0,8.0,66.0,15.0,"0.62,0.08,0.66,0.15","0.5663,0.381333333333333,0.580745098039216",84,151,98,#549762,"0.329411764705882,0.592156862745098,0.384313725490196","0.423529411764706,0.588235294117647,0.396078431372549",Color/Palettes/Process/PANTONE/PANTONE+/PantonePlusColorBridgeCoated.xml,2026-02-11 17:29:00
PANTONE 6180 CP,6180,2430,true,67.0,9.0,72.0,24.0,"0.67,0.09,0.72,0.24","0.4967,0.37521568627451,0.580666666666667",62,133,81,#3E8551,"0.243137254901961,0.52156862745098,0.317647058823529","0.352941176470588,0.517647058823529,0.329411764705882",Color/Palettes/Process/PANTONE/PANTONE+/PantonePlusColorBridgeCoated.xml,2026-02-11 17:29:00
PANTONE 6181 CP,6181,2430,true,70.0,8.0,78.0,29.0,"0.7,0.08,0.78,0.29","0.4775,0.368392156862745,0.58721568627451",53,129,73,#358149,"0.207843137254902,0.505882352941176,0.286274509803922","0.329411764705882,0.501960784313725,0.301960784313725",Color/Palettes/Process/PANTONE/PANTONE+/PantonePlusColorBridgeCoated.xml,2026-02-11 17:29:00
PANTONE 6182 CP,6182,2430,true,72.0,7.0,84.0,38.0,"0.72,0.07,0.84,0.38","0.4366,0.373254901960784,0.586078431372549",46,118,64,#2E7640,"0.180392156862745,0.462745098039216,0.250980392156863","0.298039215686275,0.458823529411765,0.270588235294118",Color/Palettes/Process/PANTONE/PANTONE+/PantonePlusColorBridgeCoated.xml,2026-02-11 17:29:00
PANTONE 6183 CP,6183,2430,true,47.0,26.0,51.0,19.0,"0.47,0.26,0.51,0.19","0.5364,0.462627450980392,0.551490196078431",116,134,105,#748669,"0.454901960784314,0.525490196078431,0.411764705882353","0.470588235294118,0.52156862745098,0.415686274509804",Color/Palettes/Process/PANTONE/PANTONE+/PantonePlusColorBridgeCoated.xml,2026-02-11 17:29:00
PANTONE 6184 CP,6184,2430,true,50.0,26.0,56.0,24.0,"0.5,0.26,0.56,0.24","0.5078,0.457450980392157,0.561176470588235",108,127,94,#6C7F5E,"0.423529411764706,0.498039215686275,0.368627450980392","0.443137254901961,0.494117647058824,0.376470588235294",Color/Palettes/Process/PANTONE/PANTONE+/PantonePlusColorBridgeCoated.xml,2026-02-11 17:29:00
PANTONE 6185 CP,6185,2430,true,52.0,29.0,62.0,33.0,"0.52,0.29,0.62,0.33","0.4584,0.459921568627451,0.563882352941176",97,114,81,#617251,"0.380392156862745,0.447058823529412,0.317647058823529","0.4,0.447058823529412,0.325490196078431",Color/Palettes/Process/PANTONE/PANTONE+/PantonePlusColorBridgeCoated.xml,2026-02-11 17:29:00
PANTONE 6186 CP,6186,2430,true,55.0,30.0,66.0,41.0,"0.55,0.3,0.66,0.41","0.4141,0.459529411764706,0.562470588235294",86,103,71,#566747,"0.337254901960784,0.403921568627451,0.27843137254902","0.36078431372549,0.403921568627451,0.290196078431373",Color/Palettes/Process/PANTONE/PANTONE+/PantonePlusColorBridgeCoated.xml,2026-02-11 17:29:00
PANTONE 6187 CP,6187,2430,true,56.0,31.0,71.0,48.0,"0.56,0.31,0.71,0.48","0.3689,0.458745098039216,0.562117647058823",75,92,61,#4B5C3D,"0.294117647058824,0.36078431372549,0.23921568627451","0.317647058823529,0.364705882352941,0.254901960784314",Color/Palettes/Process/PANTONE/PANTONE+/PantonePlusColorBridgeCoated.xml,2026-02-11 17:29:00
PANTONE 6188 CP,6188,2430,true,60.0,32.0,74.0,57.0,"0.6,0.32,0.74,0.57","0.3251,0.454901960784314,0.553686274509804",62,82,54,#3E5236,"0.243137254901961,0.32156862745098,0.211764705882353","0.274509803921569,0.325490196078431,0.231372549019608",Color/Palettes/Process/PANTONE/PANTONE+/PantonePlusColorBridgeCoated.xml,2026-02-11 17:29:00
PANTONE 6189 CP,6189,2430,true,72.0,41.0,72.0,71.0,"0.72,0.41,0.72,0.71","0.2216,0.462666666666667,0.517137254901961",38,58,46,#263A2E,"0.149019607843137,0.227450980392157,0.180392156862745","0.188235294117647,0.235294117647059,0.2",Color/Palettes/Process/PANTONE/PANTONE+/PantonePlusColorBridgeCoated.xml,2026-02-11 17:29:00
PANTONE 6190 CP,6190,2430,true,7.0,0.0,33.0,0.0,"0.07,0.0,0.33,0.0","0.8994,0.469960784313726,0.605333333333333",225,230,174,#E1E6AE,"0.882352941176471,0.901960784313726,0.682352941176471","0.886274509803922,0.901960784313726,0.690196078431373",Color/Palettes/Process/PANTONE/PANTONE+/PantonePlusColorBridgeCoated.xml,2026-02-11 17:29:00
PANTONE 6191 CP,6191,2430,true,8.0,0.0,44.0,0.0,"0.08,0.0,0.44,0.0","0.8899,0.464196078431373,0.645333333333333",224,228,152,#E0E498,"0.87843137254902,0.894117647058824,0.596078431372549","0.87843137254902,0.894117647058824,0.603921568627451",Color/Palettes/Process/PANTONE/PANTONE+/PantonePlusColorBridgeCoated.xml,2026-02-11 17:29:00
PANTONE 6192 CP,6192,2430,true,17.0,0.0,66.0,0.0,"0.17,0.0,0.66,0.0","0.847,0.443921568627451,0.708745098039216",208,219,106,#D0DB6A,"0.815686274509804,0.858823529411765,0.415686274509804","0.823529411764706,0.854901960784314,0.443137254901961",Color/Palettes/Process/PANTONE/PANTONE+/PantonePlusColorBridgeCoated.xml,2026-02-11 17:29:00
PANTONE 6193 CP,6193,2430,true,24.0,0.0,87.0,0.0,"0.24,0.0,0.87,0.0","0.8092,0.425803921568627,0.756117647058824",192,211,65,#C0D341,"0.752941176470588,0.827450980392157,0.254901960784314","0.768627450980392,0.823529411764706,0.313725490196078",Color/Palettes/Process/PANTONE/PANTONE+/PantonePlusColorBridgeCoated.xml,2026-02-11 17:29:00
PANTONE 6194 CP,6194,2430,true,29.0,0.0,100.0,0.0,"0.29,0.0,1.0,0.0","0.7747,0.414901960784314,0.774313725490196",178,202,38,#B2CA26,"0.698039215686274,0.792156862745098,0.149019607843137","0.72156862745098,0.788235294117647,0.23921568627451",Color/Palettes/Process/PANTONE/PANTONE+/PantonePlusColorBridgeCoated.xml,2026-02-11 17:29:00
PANTONE 6195 CP,6195,2430,true,35.0,0.0,100.0,9.0,"0.35,0.0,1.0,0.09","0.6981,0.406235294117647,0.738196078431373",150,183,44,#96B72C,"0.588235294117647,0.717647058823529,0.172549019607843","0.623529411764706,0.709803921568627,0.23921568627451",Color/Palettes/Process/PANTONE/PANTONE+/PantonePlusColorBridgeCoated.xml,2026-02-11 17:29:00
PANTONE 6196 CP,6196,2430,true,36.0,0.0,100.0,11.0,"0.36,0.0,1.0,0.11","0.6852,0.405490196078431,0.729176470588235",146,179,47,#92B32F,"0.572549019607843,0.701960784313725,0.184313725490196","0.607843137254902,0.698039215686274,0.247058823529412",Color/Palettes/Process/PANTONE/PANTONE+/PantonePlusColorBridgeCoated.xml,2026-02-11 17:29:00
PANTONE 6197 CP,6197,2430,true,12.0,5.0,15.0,0.0,"0.12,0.05,0.15,0.0","0.8677,0.489529411764706,0.528588235294118",215,219,204,#D7DBCC,"0.843137254901961,0.858823529411765,0.8","0.843137254901961,0.854901960784314,0.796078431372549",Color/Palettes/Process/PANTONE/PANTONE+/PantonePlusColorBridgeCoated.xml,2026-02-11 17:29:00
PANTONE 6198 CP,6198,2430,true,18.0,10.0,23.0,0.0,"0.18,0.1,0.23,0.0","0.8164,0.48321568627451,0.541254901960784",199,206,183,#C7CEB7,"0.780392156862745,0.807843137254902,0.717647058823529","0.784313725490196,0.803921568627451,0.717647058823529",Color/Palettes/Process/PANTONE/PANTONE+/PantonePlusColorBridgeCoated.xml,2026-02-11 17:29:00
PANTONE 6199 CP,6199,2430,true,24.0,15.0,31.0,1.0,"0.24,0.15,0.31,0.01","0.7674,0.483843137254902,0.550627450980392",187,192,166,#BBC0A6,"0.733333333333333,0.752941176470588,0.650980392156863","0.733333333333333,0.749019607843137,0.647058823529412",Color/Palettes/Process/PANTONE/PANTONE+/PantonePlusColorBridgeCoated.xml,2026-02-11 17:29:00
PANTONE 6200 CP,6200,2430,true,26.0,17.0,36.0,3.0,"0.26,0.17,0.36,0.03","0.7304,0.48356862745098,0.557411764705882",177,182,152,#B1B698,"0.694117647058824,0.713725490196078,0.596078431372549","0.694117647058824,0.709803921568627,0.596078431372549",Color/Palettes/Process/PANTONE/PANTONE+/PantonePlusColorBridgeCoated.xml,2026-02-11 17:29:00
PANTONE 6201 CP,6201,2430,true,32.0,22.0,45.0,8.0,"0.32,0.22,0.45,0.08","0.6546,0.477725490196078,0.576039215686274",156,163,124,#9CA37C,"0.611764705882353,0.63921568627451,0.486274509803922","0.615686274509804,0.631372549019608,0.490196078431373",Color/Palettes/Process/PANTONE/PANTONE+/PantonePlusColorBridgeCoated.xml,2026-02-11 17:29:00
PANTONE 6202 CP,6202,2430,true,35.0,23.0,52.0,13.0,"0.35,0.23,0.52,0.13","0.6094,0.476509803921569,0.580039215686274",144,151,111,#90976F,"0.564705882352941,0.592156862745098,0.435294117647059","0.568627450980392,0.584313725490196,0.43921568627451",Color/Palettes/Process/PANTONE/PANTONE+/PantonePlusColorBridgeCoated.xml,2026-02-11 17:29:00
PANTONE 6203 CP,6203,2430,true,35.0,25.0,55.0,17.0,"0.35,0.25,0.55,0.17","0.5907,0.480039215686275,0.586509803921569",142,145,103,#8E9167,"0.556862745098039,0.568627450980392,0.403921568627451","0.552941176470588,0.564705882352941,0.411764705882353",Color/Palettes/Process/PANTONE/PANTONE+/PantonePlusColorBridgeCoated.xml,2026-02-11 17:29:00
PANTONE 6204 CP,6204,2430,true,30.0,24.0,39.0,6.0,"0.3,0.24,0.39,0.06","0.6543,0.496627450980392,0.552666666666667",162,160,135,#A2A087,"0.635294117647059,0.627450980392157,0.529411764705882","0.627450980392157,0.619607843137255,0.529411764705882",Color/Palettes/Process/PANTONE/PANTONE+/PantonePlusColorBridgeCoated.xml,2026-02-11 17:29:00
PANTONE 6205 CP,6205,2430,true,31.0,29.0,48.0,14.0,"0.31,0.29,0.48,0.14","0.5986,0.498235294117647,0.571647058823529",150,145,112,#969170,"0.588235294117647,0.568627450980392,0.43921568627451","0.576470588235294,0.56078431372549,0.443137254901961",Color/Palettes/Process/PANTONE/PANTONE+/PantonePlusColorBridgeCoated.xml,2026-02-11 17:29:00
PANTONE 6206 CP,6206,2430,true,34.0,31.0,52.0,19.0,"0.34,0.31,0.52,0.19","0.5594,0.500941176470588,0.570392156862745",140,134,103,#8C8667,"0.549019607843137,0.525490196078431,0.403921568627451","0.537254901960784,0.52156862745098,0.407843137254902",Color/Palettes/Process/PANTONE/PANTONE+/PantonePlusColorBridgeCoated.xml,2026-02-11 17:29:00
PANTONE 6207 CP,6207,2430,true,35.0,32.0,55.0,22.0,"0.35,0.32,0.55,0.22","0.5389,0.49956862745098,0.573607843137255",135,129,96,#878160,"0.529411764705882,0.505882352941176,0.376470588235294","0.517647058823529,0.501960784313725,0.384313725490196",Color/Palettes/Process/PANTONE/PANTONE+/PantonePlusColorBridgeCoated.xml,2026-02-11 17:29:00
PANTONE 6208 CP,6208,2430,true,37.0,36.0,62.0,32.0,"0.37,0.36,0.62,0.32","0.4716,0.500666666666667,0.581686274509804",119,112,77,#77704D,"0.466666666666667,0.43921568627451,0.301960784313725","0.454901960784314,0.435294117647059,0.313725490196078",Color/Palettes/Process/PANTONE/PANTONE+/PantonePlusColorBridgeCoated.xml,2026-02-11 17:29:00
PANTONE 6209 CP,6209,2430,true,38.0,38.0,68.0,41.0,"0.38,0.38,0.68,0.41","0.4282,0.498941176470588,0.58043137254902",107,101,67,#6B6543,"0.419607843137255,0.396078431372549,0.262745098039216","0.411764705882353,0.396078431372549,0.27843137254902",Color/Palettes/Process/PANTONE/PANTONE+/PantonePlusColorBridgeCoated.xml,2026-02-11 17:29:00
PANTONE 6210 CP,6210,2430,true,40.0,39.0,73.0,50.0,"0.4,0.39,0.73,0.5","0.3802,0.497294117647059,0.577450980392157",94,90,57,#5E5A39,"0.368627450980392,0.352941176470588,0.223529411764706","0.364705882352941,0.352941176470588,0.243137254901961",Color/Palettes/Process/PANTONE/PANTONE+/PantonePlusColorBridgeCoated.xml,2026-02-11 17:29:00
PANTONE 6211 CP,6211,2430,true,43.0,29.0,28.0,7.0,"0.43,0.29,0.28,0.07","0.5842,0.495333333333333,0.491254901960784",134,142,145,#868E91,"0.525490196078431,0.556862745098039,0.568627450980392","0.529411764705882,0.552941176470588,0.56078431372549",Color/Palettes/Process/PANTONE/PANTONE+/PantonePlusColorBridgeCoated.xml,2026-02-11 17:29:00
PANTONE 6212 CP,6212,2430,true,48.0,35.0,34.0,13.0,"0.48,0.35,0.34,0.13","0.5199,0.496196078431373,0.498117647058823",119,126,125,#777E7D,"0.466666666666667,0.494117647058824,0.490196078431373","0.470588235294118,0.490196078431373,0.486274509803922",Color/Palettes/Process/PANTONE/PANTONE+/PantonePlusColorBridgeCoated.xml,2026-02-11 17:29:00
PANTONE 6213 CP,6213,2430,true,52.0,38.0,38.0,18.0,"0.52,0.38,0.38,0.18","0.4773,0.494156862745098,0.500941176470588",108,115,113,#6C7371,"0.423529411764706,0.450980392156863,0.443137254901961","0.431372549019608,0.447058823529412,0.443137254901961",Color/Palettes/Process/PANTONE/PANTONE+/PantonePlusColorBridgeCoated.xml,2026-02-11 17:29:00
PANTONE 6214 CP,6214,2430,true,54.0,40.0,41.0,22.0,"0.54,0.4,0.41,0.22","0.4476,0.497058823529412,0.503960784313725",102,107,104,#666B68,"0.4,0.419607843137255,0.407843137254902","0.403921568627451,0.419607843137255,0.407843137254902",Color/Palettes/Process/PANTONE/PANTONE+/PantonePlusColorBridgeCoated.xml,2026-02-11 17:29:00
PANTONE 6215 CP,6215,2430,true,58.0,44.0,46.0,28.0,"0.58,0.44,0.46,0.28","0.3973,0.494705882352941,0.507764705882353",90,95,91,#5A5F5B,"0.352941176470588,0.372549019607843,0.356862745098039","0.36078431372549,0.372549019607843,0.356862745098039",Color/Palettes/Process/PANTONE/PANTONE+/PantonePlusColorBridgeCoated.xml,2026-02-11 17:29:00
PANTONE 6216 CP,6216,2430,true,61.0,51.0,54.0,41.0,"0.61,0.51,0.54,0.41","0.3139,0.496235294117647,0.509254901960784",71,75,70,#474B46,"0.27843137254902,0.294117647058824,0.274509803921569","0.290196078431373,0.301960784313725,0.282352941176471",Color/Palettes/Process/PANTONE/PANTONE+/PantonePlusColorBridgeCoated.xml,2026-02-11 17:29:00
PANTONE 6217 CP,6217,2430,true,64.0,51.0,59.0,51.0,"0.64,0.51,0.59,0.51","0.2779,0.491333333333333,0.510745098039216",61,68,62,#3D443E,"0.23921568627451,0.266666666666667,0.243137254901961","0.254901960784314,0.270588235294118,0.250980392156863",Color/Palettes/Process/PANTONE/PANTONE+/PantonePlusColorBridgeCoated.xml,2026-02-11 17:29:00
PANTONE 6218 CP,6218,2430,true,41.0,26.0,21.0,4.0,"0.41,0.26,0.21,0.04","0.6341,0.489725490196078,0.481137254901961",143,156,162,#8F9CA2,"0.56078431372549,0.611764705882353,0.635294117647059","0.568627450980392,0.607843137254902,0.631372549019608",Color/Palettes/Process/PANTONE/PANTONE+/PantonePlusColorBridgeCoated.xml,2026-02-11 17:29:00
PANTONE 6219 CP,6219,2430,true,47.0,30.0,26.0,8.0,"0.47,0.3,0.26,0.08","0.5697,0.489098039215686,0.484235294117647",126,139,144,#7E8B90,"0.494117647058824,0.545098039215686,0.564705882352941","0.505882352941176,0.541176470588235,0.556862745098039",Color/Palettes/Process/PANTONE/PANTONE+/PantonePlusColorBridgeCoated.xml,2026-02-11 17:29:00
PANTONE 6220 CP,6220,2430,true,52.0,34.0,30.0,13.0,"0.52,0.34,0.3,0.13","0.5194,0.489294117647059,0.488627450980392",114,126,129,#727E81,"0.447058823529412,0.494117647058824,0.505882352941176","0.458823529411765,0.494117647058824,0.501960784313725",Color/Palettes/Process/PANTONE/PANTONE+/PantonePlusColorBridgeCoated.xml,2026-02-11 17:29:00
PANTONE 6221 CP,6221,2430,true,56.0,37.0,33.0,17.0,"0.56,0.37,0.33,0.17","0.4836,0.485372549019608,0.484941176470588",103,118,121,#677679,"0.403921568627451,0.462745098039216,0.474509803921569","0.419607843137255,0.458823529411765,0.470588235294118",Color/Palettes/Process/PANTONE/PANTONE+/PantonePlusColorBridgeCoated.xml,2026-02-11 17:29:00
PANTONE 6222 CP,6222,2430,true,60.0,40.0,36.0,23.0,"0.6,0.4,0.36,0.23","0.436,0.476274509803922,0.489725490196078",88,107,107,#586B6B,"0.345098039215686,0.419607843137255,0.419607843137255","0.368627450980392,0.419607843137255,0.419607843137255",Color/Palettes/Process/PANTONE/PANTONE+/PantonePlusColorBridgeCoated.xml,2026-02-11 17:29:00
PANTONE 6223 CP,6223,2430,true,66.0,45.0,40.0,32.0,"0.66,0.45,0.4,0.32","0.3618,0.474627450980392,0.485647058823529",69,89,91,#45595B,"0.270588235294118,0.349019607843137,0.356862745098039","0.301960784313725,0.352941176470588,0.356862745098039",Color/Palettes/Process/PANTONE/PANTONE+/PantonePlusColorBridgeCoated.xml,2026-02-11 17:29:00
PANTONE 6224 CP,6224,2430,true,69.0,48.0,43.0,39.0,"0.69,0.48,0.43,0.39","0.3258,0.474745098039216,0.485921568627451",61,81,82,#3D5152,"0.23921568627451,0.317647058823529,0.32156862745098","0.270588235294118,0.32156862745098,0.325490196078431",Color/Palettes/Process/PANTONE/PANTONE+/PantonePlusColorBridgeCoated.xml,2026-02-11 17:29:00
